<TICKER>,<PER>,<DATE>,<TIME>,<OPEN>,<HIGH>,<LOW>,<CLOSE>,<VOL>,<OPENINT>
ACWI.US,D,20080328,000000,37.5131,37.5131,37.5131,37.5131,269.033,0
ACWI.US,D,20080331,000000,37.4379,37.4379,36.9332,36.9332,532.685,0
ACWI.US,D,20080401,000000,37.6273,37.9257,37.5595,37.9257,778.043,0
ACWI.US,D,20080402,000000,41.7133,41.7133,38.2239,38.3457,14286.7,0
ACWI.US,D,20080403,000000,44.7036,44.7036,38.1515,38.5621,38747.2,0
ACWI.US,D,20080404,000000,38.1895,41.1455,38.1895,38.5417,13127.7,0
ACWI.US,D,20080407,000000,39.6782,39.6782,38.3754,38.7639,15029.2,0
ACWI.US,D,20080408,000000,39.3121,39.3121,38.4358,39.0018,974.976,0
ACWI.US,D,20080409,000000,38.4293,38.4293,38.2128,38.2807,5686.28,0
ACWI.US,D,20080410,000000,38.5621,38.5621,38.0668,38.2807,9125.6,0
ACWI.US,D,20080411,000000,37.4694,38.0529,37.4694,37.6709,702.714,0
ACWI.US,D,20080414,000000,38.3316,38.3316,37.7388,37.8198,5207.4,0
ACWI.US,D,20080415,000000,38.3392,38.3392,37.7453,37.9257,4041.95,0
ACWI.US,D,20080416,000000,38.3392,38.7869,38.3316,38.4405,3796.59,0
ACWI.US,D,20080417,000000,38.6969,39.6114,38.6784,38.958,21893.9,0
ACWI.US,D,20080418,000000,39.8966,39.8966,39.0862,39.3855,12927.5,0
ACWI.US,D,20080421,000000,42.1277,45.2648,39.2888,39.5658,78870.8,0
ACWI.US,D,20080422,000000,39.2061,39.4618,39.0341,39.2061,4697.31,0
ACWI.US,D,20080423,000000,39.3855,39.5658,39.0723,39.3047,28615.4,0
ACWI.US,D,20080424,000000,38.9377,39.417,38.9377,39.3176,9455.97,0
ACWI.US,D,20080425,000000,39.5954,39.5954,39.3632,39.4756,2217.9,0
ACWI.US,D,20080428,000000,40.0611,40.0611,39.6568,39.7981,21401,0
ACWI.US,D,20080429,000000,39.6948,39.6948,39.1615,39.3409,18156.5,0
ACWI.US,D,20080430,000000,39.4839,40.3054,39.4756,39.8725,12920,0
ACWI.US,D,20080501,000000,39.4254,39.8295,39.3632,39.7525,8321.73,0
ACWI.US,D,20080502,000000,40.0611,40.2311,39.9263,40.0016,20544.4,0
ACWI.US,D,20080505,000000,40.1419,40.1419,39.9849,40.1149,5946.7,0
ACWI.US,D,20080506,000000,40.0452,40.3816,39.9784,40.3816,2856.05,0
ACWI.US,D,20080507,000000,40.3371,40.3371,39.6865,39.7099,7000.24,0
ACWI.US,D,20080508,000000,39.8427,40.5071,39.8232,39.8427,253037,0
ACWI.US,D,20080509,000000,39.7692,39.7692,39.4254,39.6698,1338.7,0
ACWI.US,D,20080512,000000,39.7758,40.075,39.7758,40.075,3480.21,0
ACWI.US,D,20080513,000000,40.0174,40.5071,39.8565,40.1224,375767,0
ACWI.US,D,20080514,000000,40.5024,40.5145,40.2107,40.2107,25874.5,0
ACWI.US,D,20080515,000000,40.4264,40.6363,40.4264,40.6363,11169.1,0
ACWI.US,D,20080516,000000,40.8408,40.9829,40.7096,40.9829,5849.85,0
ACWI.US,D,20080519,000000,40.8835,41.3637,40.8835,40.968,16381.9,0
ACWI.US,D,20080520,000000,40.9076,40.9076,40.5629,40.5629,395522,0
ACWI.US,D,20080521,000000,40.7728,40.8249,40.2618,40.2839,16176.4,0
ACWI.US,D,20080522,000000,40.4327,40.5378,40.1715,40.3455,15169.1,0
ACWI.US,D,20080523,000000,40.3455,40.3601,39.0111,39.7172,18364.2,0
ACWI.US,D,20080527,000000,40.8835,40.8835,39.4839,40.024,5260.13,0
ACWI.US,D,20080528,000000,39.8891,40.024,39.7692,40.0174,6370.7,0
ACWI.US,D,20080529,000000,40.0174,41.1165,39.8966,40.2618,329456,0
ACWI.US,D,20080530,000000,40.6986,40.6986,40.2107,40.217,57716.2,0
ACWI.US,D,20080602,000000,40.2767,40.2767,39.7813,39.9096,60735.8,0
ACWI.US,D,20080603,000000,39.9096,40.2618,39.4394,39.815,24865.1,0
ACWI.US,D,20080604,000000,39.5203,39.7246,39.4014,39.4106,3778.3,0
ACWI.US,D,20080605,000000,39.5731,40.2535,39.5731,40.2535,20582.1,0
ACWI.US,D,20080606,000000,39.9413,39.9413,39.1914,39.1914,12620.8,0
ACWI.US,D,20080609,000000,39.1847,39.3047,38.9377,38.9525,5737.93,0
ACWI.US,D,20080610,000000,38.7946,38.7946,38.4953,38.5704,9580.8,0
ACWI.US,D,20080611,000000,38.6088,38.6088,38.1087,38.1087,2479.4,0
ACWI.US,D,20080612,000000,38.0231,38.3838,38.0085,38.1281,18405,0
ACWI.US,D,20080613,000000,38.1281,38.4061,38.1281,38.3922,5128.84,0
ACWI.US,D,20080616,000000,38.7053,38.7053,38.4293,38.6459,4351.87,0
ACWI.US,D,20080617,000000,38.5621,38.7713,38.5621,38.6374,12455.1,0
ACWI.US,D,20080618,000000,38.5621,38.5621,38.2871,38.3615,12991,0
ACWI.US,D,20080619,000000,38.2871,38.2871,37.8521,37.8521,101896,0
ACWI.US,D,20080620,000000,37.9712,38.5557,37.5287,37.5809,47546.7,0
ACWI.US,D,20080623,000000,37.5056,37.7082,37.4379,37.7082,15010.9,0
ACWI.US,D,20080624,000000,37.4379,37.79,37.2463,37.3357,66070.2,0
ACWI.US,D,20080625,000000,37.8448,37.8448,37.5595,37.7388,2400.85,0
ACWI.US,D,20080626,000000,37.6107,37.6107,36.7966,36.7966,29306.3,0
ACWI.US,D,20080627,000000,36.8496,36.9518,36.6145,36.8635,7320.92,0
ACWI.US,D,20080630,000000,37.0011,37.3357,37.0011,37.0084,81704.2,0
ACWI.US,D,20080701,000000,36.5495,36.8998,36.2399,36.7222,53436.4,0
ACWI.US,D,20080702,000000,36.909,36.909,36.0765,36.1424,10794.6,0
ACWI.US,D,20080703,000000,36.2399,36.2399,35.9047,35.9946,7476.96,0
ACWI.US,D,20080707,000000,35.1983,37.9646,35.1907,36.1348,19826.6,0
ACWI.US,D,20080708,000000,35.7522,36.03,35.3823,36.03,4106.52,0
ACWI.US,D,20080709,000000,36.2705,36.6219,35.7195,35.9501,151733,0
ACWI.US,D,20080710,000000,35.8292,36.0606,35.6146,35.8292,41342.8,0
ACWI.US,D,20080711,000000,35.6359,35.8292,35.2391,35.569,720366,0
ACWI.US,D,20080714,000000,35.6722,35.8896,35.306,35.425,1644204,0
ACWI.US,D,20080715,000000,35.1907,35.2066,34.5572,35.057,30289.9,0
ACWI.US,D,20080716,000000,34.8627,35.4567,34.7661,35.397,854618,0
ACWI.US,D,20080717,000000,35.9639,36.0374,35.7049,35.8682,164786,0
ACWI.US,D,20080718,000000,37.896,37.896,35.5905,35.8979,7888.05,0
ACWI.US,D,20080721,000000,36.8049,36.8049,36.0458,36.055,409861,0
ACWI.US,D,20080722,000000,35.9418,36.0922,35.8033,36.0374,23672.7,0
ACWI.US,D,20080723,000000,36.3961,36.674,36.3961,36.5252,5416.17,0
ACWI.US,D,20080724,000000,36.5495,36.5495,35.7522,35.7522,17590.4,0
ACWI.US,D,20080725,000000,35.7522,35.9501,35.7195,35.7448,34002.5,0
ACWI.US,D,20080728,000000,35.7122,35.8607,35.3209,35.3209,58560.9,0
ACWI.US,D,20080729,000000,35.2914,35.7687,35.2914,35.7195,20952.2,0
ACWI.US,D,20080730,000000,35.9047,36.1201,35.7049,35.9267,52662.6,0
ACWI.US,D,20080731,000000,35.9639,36.1822,35.8376,35.8376,12392.7,0
ACWI.US,D,20080801,000000,35.7948,35.7948,35.397,35.4185,18518,0
ACWI.US,D,20080804,000000,35.2391,35.2914,34.9679,35.057,20732.7,0
ACWI.US,D,20080805,000000,35.4325,35.6591,35.2606,35.6286,40451.8,0
ACWI.US,D,20080806,000000,35.7865,36.03,35.6805,36.03,10922.7,0
ACWI.US,D,20080807,000000,35.8822,35.8822,35.2914,35.3405,55839.4,0
ACWI.US,D,20080808,000000,35.1331,35.7865,35.1331,35.74,58450.1,0
ACWI.US,D,20080811,000000,35.7865,35.8376,35.7865,35.7948,7019.61,0
ACWI.US,D,20080812,000000,35.7865,35.8208,35.4706,35.5171,102015,0
ACWI.US,D,20080813,000000,35.306,35.4482,35.0283,35.3405,10925.9,0
ACWI.US,D,20080814,000000,35.1907,35.4185,35.1907,35.3738,3455.46,0
ACWI.US,D,20080815,000000,35.2914,35.3357,35.1238,35.2318,28691.8,0
ACWI.US,D,20080818,000000,35.306,35.306,34.795,34.9093,5882.14,0
ACWI.US,D,20080819,000000,34.6593,34.6593,34.3788,34.4734,38055.2,0
ACWI.US,D,20080820,000000,34.5785,34.8405,34.4809,34.676,10462.1,0
ACWI.US,D,20080821,000000,34.7736,35.0969,34.7188,35.0283,102201,0
ACWI.US,D,20080822,000000,35.0283,35.2391,35.0283,35.149,10467.5,0
ACWI.US,D,20080825,000000,35.0366,35.0366,34.467,34.5572,54324.2,0
ACWI.US,D,20080826,000000,34.4958,34.7188,34.4958,34.7188,7633,0
ACWI.US,D,20080827,000000,34.8405,35.7604,34.7188,34.9679,28963,0
ACWI.US,D,20080828,000000,35.1407,35.4037,35.1407,35.4037,18143.5,0
ACWI.US,D,20080829,000000,35.5532,35.5532,35.215,35.2391,33488.1,0
ACWI.US,D,20080902,000000,35.1659,35.2754,34.6472,34.7588,23489.8,0
ACWI.US,D,20080903,000000,34.6919,34.7188,34.244,34.2811,35569.4,0
ACWI.US,D,20080904,000000,34.5785,34.5785,33.3723,33.3723,495098,0
ACWI.US,D,20080905,000000,33.2812,33.3352,32.6624,33.2467,68876.7,0
ACWI.US,D,20080908,000000,34.296,34.467,33.4625,33.6056,37659.2,0
ACWI.US,D,20080909,000000,33.6808,33.7338,32.6383,32.6383,13100.8,0
ACWI.US,D,20080910,000000,33.0749,33.2467,32.8277,33.125,1142932,0
ACWI.US,D,20080911,000000,32.6995,33.1027,32.1977,33.1027,29437.6,0
ACWI.US,D,20080912,000000,33.1324,33.5824,33.0006,33.4949,23504.8,0
ACWI.US,D,20080915,000000,32.5787,32.7386,31.8,31.9124,2557434,0
ACWI.US,D,20080916,000000,31.3056,32.1467,31.2144,32.1467,49523.6,0
ACWI.US,D,20080917,000000,31.8975,31.8975,30.7368,30.7612,83233.4,0
ACWI.US,D,20080918,000000,31.9274,32.1671,30.4312,31.9747,34510.4,0
ACWI.US,D,20080919,000000,35.8896,37.1022,32.496,33.7552,138314,0
ACWI.US,D,20080922,000000,34.0851,34.0851,33.0349,33.0349,66074.5,0
ACWI.US,D,20080923,000000,32.8724,33.0174,32.2284,32.3251,71731.7,0
ACWI.US,D,20080924,000000,32.4606,32.6187,32.1818,32.3101,95751,0
ACWI.US,D,20080925,000000,32.5787,33.14,32.5787,33.0749,36871.5,0
ACWI.US,D,20080926,000000,32.7079,32.903,32.3335,32.903,138710,0
ACWI.US,D,20080929,000000,32.0844,32.5963,29.538,29.8235,95857.5,0
ACWI.US,D,20080930,000000,30.0929,31.1124,30.0929,30.9181,153019,0
ACWI.US,D,20081001,000000,30.8578,31.1885,30.4822,31.0445,110021,0
ACWI.US,D,20081002,000000,30.8503,30.8503,29.7045,29.7408,33732.4,0
ACWI.US,D,20081003,000000,29.7287,30.88,29.0597,29.2027,166392,0
ACWI.US,D,20081006,000000,28.491,28.491,26.5432,27.7058,169307,0
ACWI.US,D,20081007,000000,28.3785,28.3785,26.4362,26.4688,221598,0
ACWI.US,D,20081008,000000,25.888,26.679,24.9782,25.8992,33181.4,0
ACWI.US,D,20081009,000000,26.2672,26.5432,24.1485,24.2908,40290.4,0
ACWI.US,D,20081010,000000,23.4358,24.5612,22.3337,23.7657,180171,0
ACWI.US,D,20081013,000000,24.5156,26.716,24.5156,26.716,85398.6,0
ACWI.US,D,20081014,000000,27.3015,28.1628,26.2087,26.5432,166295,0
ACWI.US,D,20081015,000000,26.2291,26.3555,23.9608,24.0137,96192.2,0
ACWI.US,D,20081016,000000,24.0732,25.0163,23.0409,24.9421,39538.1,0
ACWI.US,D,20081017,000000,24.4488,25.6316,24.0369,24.548,85628.9,0
ACWI.US,D,20081020,000000,24.8521,25.9615,24.8521,25.9615,87556.2,0
ACWI.US,D,20081021,000000,25.5721,25.6,24.7833,24.8521,71964.2,0
ACWI.US,D,20081022,000000,24.1717,24.1717,22.4638,23.0409,100177,0
ACWI.US,D,20081023,000000,23.0482,23.616,22.3141,23.1839,169080,0
ACWI.US,D,20081024,000000,22.1952,22.5445,19.9484,22.1719,96710.9,0
ACWI.US,D,20081027,000000,21.5671,22.2157,21.1024,21.108,337863,0
ACWI.US,D,20081028,000000,22.0446,23.3605,21.4379,23.3605,326595,0
ACWI.US,D,20081029,000000,23.6243,24.6206,23.3931,23.7414,457837,0
ACWI.US,D,20081030,000000,24.2971,24.9337,24.1783,24.8667,83486.3,0
ACWI.US,D,20081031,000000,24.5537,25.3324,24.2303,25.2255,178969,0
ACWI.US,D,20081103,000000,24.9782,25.31,24.7833,25.0843,191033,0
ACWI.US,D,20081104,000000,25.6148,26.5079,25.6148,26.4362,112892,0
ACWI.US,D,20081105,000000,26.3322,26.3322,25.0379,25.0444,400050,0
ACWI.US,D,20081106,000000,24.576,24.8082,23.3335,23.4087,86730.8,0
ACWI.US,D,20081107,000000,23.7824,24.5676,23.7824,24.5676,49014.6,0
ACWI.US,D,20081110,000000,24.8214,24.9421,23.8791,24.3111,86662,0
ACWI.US,D,20081111,000000,23.4014,24.0445,23.2054,23.6828,49587.1,0
ACWI.US,D,20081112,000000,22.9219,23.2137,22.2296,22.3875,105429,0
ACWI.US,D,20081113,000000,22.5,23.9608,21.4015,23.9608,519296,0
ACWI.US,D,20081114,000000,23.0317,23.6682,22.6284,22.7184,138008,0
ACWI.US,D,20081117,000000,22.8161,22.9442,22.091,22.4638,185326,0
ACWI.US,D,20081118,000000,22.105,22.6132,21.7306,22.2547,214465,0
ACWI.US,D,20081119,000000,22.3049,22.4638,20.8543,21.0625,3238163,0
ACWI.US,D,20081120,000000,20.4269,21.1024,19.6176,19.6704,154276,0
ACWI.US,D,20081121,000000,19.6248,21.0113,19.6248,20.8395,166264,0
ACWI.US,D,20081124,000000,21.1304,22.7769,21.1304,22.3579,141930,0
ACWI.US,D,20081125,000000,22.6728,23.4896,21.7157,22.3875,832786,0
ACWI.US,D,20081126,000000,21.8273,23.2565,21.738,22.9442,803146,0
ACWI.US,D,20081128,000000,22.7427,23.0259,22.4713,23.0177,251154,0
ACWI.US,D,20081201,000000,22.711,22.711,20.9658,21.0718,1098914,0
ACWI.US,D,20081202,000000,21.6934,22.0988,21.3542,22.091,424828,0
ACWI.US,D,20081203,000000,21.6629,22.3744,21.3412,22.3337,287975,0
ACWI.US,D,20081204,000000,21.9238,22.3141,21.4313,21.9295,354879,0
ACWI.US,D,20081205,000000,21.579,22.3671,20.9882,22.2975,211766,0
ACWI.US,D,20081208,000000,22.6431,24.5248,22.6431,23.1988,1085082,0
ACWI.US,D,20081209,000000,23.2137,23.4682,22.868,22.9219,307933,0
ACWI.US,D,20081210,000000,22.842,23.7414,22.842,23.5482,382899,0
ACWI.US,D,20081211,000000,23.7331,23.9608,23.0948,23.3084,627525,0
ACWI.US,D,20081212,000000,22.9137,23.5938,22.5614,23.4516,811647,0
ACWI.US,D,20081215,000000,23.5343,23.5566,22.9962,23.3262,216808,0
ACWI.US,D,20081216,000000,23.2954,24.7833,23.2954,24.6494,2670672,0
ACWI.US,D,20081217,000000,24.4264,24.7757,24.2387,24.5248,519237,0
ACWI.US,D,20081218,000000,24.1717,24.4551,23.602,23.6476,671099,0
ACWI.US,D,20081219,000000,23.7331,24.0732,23.4759,23.6745,400725,0
ACWI.US,D,20081222,000000,23.6997,23.6997,22.9219,23.3177,622651,0
ACWI.US,D,20081223,000000,23.2507,23.4516,22.8615,23.0037,987165,0
ACWI.US,D,20081224,000000,23.0317,24.3047,22.9962,23.1765,328658,0
ACWI.US,D,20081226,000000,23.3456,23.3772,23.1542,23.3456,242184,0
ACWI.US,D,20081229,000000,23.5194,23.5649,22.9654,23.2054,930875,0
ACWI.US,D,20081230,000000,23.2303,23.9013,23.2303,23.9013,270427,0
ACWI.US,D,20081231,000000,23.8112,24.4488,23.8047,24.2768,296014,0
ACWI.US,D,20090102,000000,24.2971,24.8667,24.1783,24.8082,128154,0
ACWI.US,D,20090105,000000,24.5676,24.9048,24.4942,24.6931,229404,0
ACWI.US,D,20090106,000000,24.9645,25.1819,24.733,25.0099,337735,0
ACWI.US,D,20090107,000000,24.7553,24.8214,24.2016,24.3204,226251,0
ACWI.US,D,20090108,000000,24.3111,24.4327,24.0797,24.3371,392229,0
ACWI.US,D,20090109,000000,24.3204,24.3204,23.6596,23.7062,4550430,0
ACWI.US,D,20090112,000000,23.6532,23.7229,23.012,23.1607,842079,0
ACWI.US,D,20090113,000000,22.9442,23.1086,22.7629,22.9303,178622,0
ACWI.US,D,20090114,000000,22.4638,22.4638,21.9704,22.1562,161616,0
ACWI.US,D,20090115,000000,22.3281,22.4406,21.528,22.2677,358478,0
ACWI.US,D,20090116,000000,22.7835,22.8076,21.9993,22.4498,272108,0
ACWI.US,D,20090120,000000,22.0988,22.0988,20.8673,20.9407,744160,0
ACWI.US,D,20090121,000000,21.1759,21.8951,21.0255,21.871,528927,0
ACWI.US,D,20090122,000000,21.4379,21.687,20.9816,21.3616,458622,0
ACWI.US,D,20090123,000000,20.9966,21.594,20.7401,21.4603,468988,0
ACWI.US,D,20090126,000000,21.528,22.0373,21.4379,21.7306,467746,0
ACWI.US,D,20090127,000000,21.9034,22.1952,21.8273,22.0735,224398,0
ACWI.US,D,20090128,000000,22.6514,22.9591,22.5445,22.868,125019,0
ACWI.US,D,20090129,000000,22.2975,22.4339,21.8505,21.9099,1677752,0
ACWI.US,D,20090130,000000,22.0373,22.1404,21.4313,21.5131,199382,0
ACWI.US,D,20090202,000000,21.3031,21.5671,21.1535,21.4826,83858.7,0
ACWI.US,D,20090203,000000,21.6701,22.0512,21.4472,21.9174,198296,0
ACWI.US,D,20090204,000000,21.9099,22.3429,21.8207,21.9704,241646,0
ACWI.US,D,20090205,000000,21.7594,22.3821,21.6487,22.2222,371799,0
ACWI.US,D,20090206,000000,22.4099,22.9303,22.2909,22.8243,132113,0
ACWI.US,D,20090209,000000,22.868,22.9805,22.6794,22.842,36407.7,0
ACWI.US,D,20090210,000000,22.5986,22.7769,21.6275,21.791,219407,0
ACWI.US,D,20090211,000000,21.9034,22.0988,21.6701,21.9295,161719,0
ACWI.US,D,20090212,000000,21.6117,21.9778,21.2575,21.9778,206448,0
ACWI.US,D,20090213,000000,21.8876,21.9704,21.6701,21.7017,136316,0
ACWI.US,D,20090217,000000,21.0625,21.0625,20.568,20.6657,178831,0
ACWI.US,D,20090218,000000,19.9864,20.7401,19.9864,20.5244,278010,0
ACWI.US,D,20090219,000000,20.9407,21.0255,20.3386,20.3637,145464,0
ACWI.US,D,20090220,000000,20.0598,20.3637,19.819,20.1034,121268,0
ACWI.US,D,20090223,000000,20.3208,20.4269,19.4009,19.4465,190731,0
ACWI.US,D,20090224,000000,19.5886,20.2558,19.4242,20.1574,543813,0
ACWI.US,D,20090225,000000,20.0236,20.227,19.5961,19.819,196191,0
ACWI.US,D,20090226,000000,20.121,20.2725,19.6398,19.6398,141060,0
ACWI.US,D,20090227,000000,20.8617,20.8617,19.3192,19.4242,60522.7,0
ACWI.US,D,20090302,000000,19.0191,19.0191,18.3305,18.3388,81148.9,0
ACWI.US,D,20090303,000000,18.6957,18.6957,18.1129,18.2636,367365,0
ACWI.US,D,20090304,000000,18.6909,19.1845,18.5998,18.9975,202570,0
ACWI.US,D,20090305,000000,18.4801,18.6298,18.0619,18.232,434504,0
ACWI.US,D,20090306,000000,18.495,18.6167,17.7971,18.1966,234973,0
ACWI.US,D,20090309,000000,17.7766,18.2849,17.7227,17.9188,248659,0
ACWI.US,D,20090310,000000,18.5013,19.0553,18.4568,19.0478,115631,0
ACWI.US,D,20090311,000000,19.3323,19.4242,18.8489,19.1305,572044,0
ACWI.US,D,20090312,000000,19.1073,19.8359,18.9,19.7828,77491.2,0
ACWI.US,D,20090313,000000,19.9168,19.9771,19.6324,19.8952,100720,0
ACWI.US,D,20090316,000000,20.3294,20.5152,20.0012,20.0012,79826.4,0
ACWI.US,D,20090317,000000,20.016,20.6051,19.9241,20.6051,160694,0
ACWI.US,D,20090318,000000,21.4983,21.4983,19.7151,21.0485,116355,0
ACWI.US,D,20090319,000000,21.5131,21.5131,20.9072,20.9221,99777.9,0
ACWI.US,D,20090320,000000,20.9658,21.0255,20.5607,20.5831,234802,0
ACWI.US,D,20090323,000000,21.2575,22.1562,20.4639,22.1562,200019,0
ACWI.US,D,20090324,000000,21.579,21.9833,21.5197,21.5605,126142,0
ACWI.US,D,20090325,000000,21.6701,22.1191,21.3542,21.8346,114671,0
ACWI.US,D,20090326,000000,22.0512,22.3429,21.8951,22.3141,149079,0
ACWI.US,D,20090327,000000,21.7688,21.8634,21.6023,21.6404,77950.7,0
ACWI.US,D,20090330,000000,21.3328,21.3328,20.6294,20.8161,76694.8,0
ACWI.US,D,20090331,000000,21.1387,21.5047,21.0039,21.2132,435397,0
ACWI.US,D,20090401,000000,21.1024,21.7985,20.9882,21.7157,2103754,0
ACWI.US,D,20090402,000000,21.4826,22.9442,21.4826,22.5836,75902.8,0
ACWI.US,D,20090403,000000,22.5614,22.7918,22.4406,22.7769,280407,0
ACWI.US,D,20090406,000000,22.4785,22.5752,22.2378,22.5445,585214,0
ACWI.US,D,20090407,000000,22.2465,22.2677,21.6701,22.0373,159770,0
ACWI.US,D,20090408,000000,22.2378,22.4406,22.1264,22.2611,57196.4,0
ACWI.US,D,20090409,000000,22.8976,23.0259,22.7918,23.0259,73515.9,0
ACWI.US,D,20090413,000000,23.3084,23.3857,22.8755,23.3688,47278.8,0
ACWI.US,D,20090414,000000,23.2137,23.3335,22.9516,23.0566,254096,0
ACWI.US,D,20090415,000000,22.7835,23.1905,22.7835,23.1839,135790,0
ACWI.US,D,20090416,000000,23.3521,23.5649,23.0863,23.5129,77384.6,0
ACWI.US,D,20090417,000000,23.5194,23.6745,23.3605,23.4516,299394,0
ACWI.US,D,20090420,000000,22.9219,22.9805,22.4785,22.4926,124652,0
ACWI.US,D,20090421,000000,22.3875,22.973,22.3671,22.9442,86089.5,0
ACWI.US,D,20090422,000000,22.6366,23.2359,22.6366,22.7769,434900,0
ACWI.US,D,20090423,000000,23.0789,23.2648,22.8327,23.2054,271508,0
ACWI.US,D,20090424,000000,23.5194,23.7498,23.4087,23.6745,462330,0
ACWI.US,D,20090427,000000,23.3335,23.5649,23.1765,23.2565,195407,0
ACWI.US,D,20090428,000000,22.9137,23.4014,22.881,23.1988,185896,0
ACWI.US,D,20090429,000000,23.5194,24.0305,23.4598,23.7331,95771.4,0
ACWI.US,D,20090430,000000,24.1337,24.2768,23.7582,23.9246,554127,0
ACWI.US,D,20090501,000000,23.9095,24.2144,23.8112,24.0574,69698.9,0
ACWI.US,D,20090504,000000,24.3445,25.1902,24.3445,25.167,243274,0
ACWI.US,D,20090505,000000,25.0035,25.1512,24.8444,24.9782,611476,0
ACWI.US,D,20090506,000000,25.4133,25.5786,25.0536,25.5099,344374,0
ACWI.US,D,20090507,000000,25.6399,25.7589,24.9337,25.1141,333705,0
ACWI.US,D,20090508,000000,25.5786,26.0367,25.3547,25.9328,488603,0
ACWI.US,D,20090511,000000,25.494,25.5099,25.2488,25.3176,97454.5,0
ACWI.US,D,20090512,000000,25.4355,25.5786,25.1512,25.4447,429695,0
ACWI.US,D,20090513,000000,25.0303,25.0303,24.6206,24.6364,111139,0
ACWI.US,D,20090514,000000,24.5917,25.0303,24.5612,24.8751,51585.4,0
ACWI.US,D,20090515,000000,24.9942,25.0769,24.6075,24.6931,358724,0
ACWI.US,D,20090518,000000,24.9486,25.5506,24.6141,25.5506,483156,0
ACWI.US,D,20090519,000000,25.5721,25.8714,25.481,25.6548,147441,0
ACWI.US,D,20090520,000000,25.9159,26.2235,25.6985,25.729,267191,0
ACWI.US,D,20090521,000000,25.4133,25.4756,25.1745,25.3929,207552,0
ACWI.US,D,20090522,000000,25.5721,25.6399,25.3547,25.468,97405,0
ACWI.US,D,20090526,000000,25.2349,26.1315,25.1902,26.0238,745644,0
ACWI.US,D,20090527,000000,26.0238,26.162,25.5861,25.5861,751555,0
ACWI.US,D,20090528,000000,25.7589,26.0238,25.5182,25.9244,236798,0
ACWI.US,D,20090529,000000,26.2765,26.4318,26.0489,26.4318,119970,0
ACWI.US,D,20090601,000000,27.0097,27.2039,26.8824,27.0394,281878,0
ACWI.US,D,20090602,000000,27.0989,27.2281,26.9187,27.0618,206340,0
ACWI.US,D,20090603,000000,26.8739,26.8739,26.2765,26.5349,177504,0
ACWI.US,D,20090604,000000,26.6045,26.8054,26.4605,26.77,165088,0
ACWI.US,D,20090605,000000,26.9271,26.9651,26.5283,26.6175,138356,0
ACWI.US,D,20090608,000000,26.493,26.7243,26.2001,26.5841,46084.2,0
ACWI.US,D,20090609,000000,26.7913,26.8824,26.5432,26.8536,576936,0
ACWI.US,D,20090610,000000,27.1212,27.1212,26.493,26.8136,2770002,0
ACWI.US,D,20090611,000000,26.992,27.451,26.9735,27.1602,3113834,0
ACWI.US,D,20090612,000000,26.9873,27.1212,26.8054,27.1212,195435,0
ACWI.US,D,20090615,000000,26.679,26.679,26.0563,26.2588,1119547,0
ACWI.US,D,20090616,000000,26.2765,26.3713,25.8574,25.9244,165995,0
ACWI.US,D,20090617,000000,25.8267,26.0238,25.5786,25.8202,59733.9,0
ACWI.US,D,20090618,000000,25.8342,26.0721,25.6827,25.888,110717,0
ACWI.US,D,20090619,000000,26.1846,26.2235,25.9328,26.0312,434675,0
ACWI.US,D,20090622,000000,25.7729,25.8128,25.2042,25.2488,137806,0
ACWI.US,D,20090623,000000,25.1428,25.2255,24.8297,25.1428,222108,0
ACWI.US,D,20090624,000000,25.3592,25.6316,25.2097,25.2627,80389.2,0
ACWI.US,D,20090625,000000,25.2255,25.941,25.1745,25.9328,60829.4,0
ACWI.US,D,20090626,000000,25.8956,25.8992,25.707,25.8491,1219601,0
ACWI.US,D,20090629,000000,25.968,26.1112,25.8202,26.0367,92447.3,0
ACWI.US,D,20090630,000000,26.162,26.162,25.6763,25.8267,210135,0
ACWI.US,D,20090701,000000,26.1315,26.3258,26.1112,26.178,436483,0
ACWI.US,D,20090702,000000,25.7885,25.7969,25.3676,25.3845,567419,0
ACWI.US,D,20090706,000000,25.256,25.3592,25.061,25.3592,114383,0
ACWI.US,D,20090707,000000,25.3324,25.3324,24.8214,24.8521,157765,0
ACWI.US,D,20090708,000000,24.8,24.9645,24.4488,24.7833,67897.5,0
ACWI.US,D,20090709,000000,25.023,25.1278,24.8585,25.0035,156164,0
ACWI.US,D,20090710,000000,24.6288,24.9048,24.6075,24.7925,68446.3,0
ACWI.US,D,20090713,000000,24.8585,25.2702,24.6141,25.2097,29541.9,0
ACWI.US,D,20090714,000000,25.3993,25.4885,25.256,25.4133,177447,0
ACWI.US,D,20090715,000000,25.9328,26.3862,25.888,26.3194,96171.8,0
ACWI.US,D,20090716,000000,26.283,26.6501,26.2001,26.5349,415366,0
ACWI.US,D,20090717,000000,26.4847,26.6045,26.4029,26.5349,79575.6,0
ACWI.US,D,20090720,000000,26.8944,27.084,26.7477,27.0551,166318,0
ACWI.US,D,20090721,000000,27.2643,27.3321,26.8443,27.1742,308786,0
ACWI.US,D,20090722,000000,26.9103,27.2865,26.9103,27.0775,68920.9,0
ACWI.US,D,20090723,000000,27.2281,27.8608,27.2123,27.7402,456021,0
ACWI.US,D,20090724,000000,27.6435,27.8608,27.5105,27.8608,398467,0
ACWI.US,D,20090727,000000,27.9463,28.0196,27.6899,27.9371,211193,0
ACWI.US,D,20090728,000000,27.7949,27.9,27.5477,27.7726,106805,0
ACWI.US,D,20090729,000000,27.6156,27.7271,27.438,27.5636,529413,0
ACWI.US,D,20090730,000000,28.004,28.3125,27.9805,28.1098,780485,0
ACWI.US,D,20090731,000000,28.3041,28.4398,28.0625,28.2596,306695,0
ACWI.US,D,20090803,000000,28.7771,28.9704,28.6108,28.9333,992246,0
ACWI.US,D,20090804,000000,28.687,28.947,28.6517,28.8663,83218.4,0
ACWI.US,D,20090805,000000,28.8896,28.898,28.5004,28.7846,115561,0
ACWI.US,D,20090806,000000,28.9183,28.9183,28.386,28.5895,160431,0
ACWI.US,D,20090807,000000,28.9111,28.9639,28.5828,28.8078,169272,0
ACWI.US,D,20090810,000000,28.7093,28.7474,28.4538,28.5895,206058,0
ACWI.US,D,20090811,000000,28.5448,28.5448,28.2204,28.3337,469880,0
ACWI.US,D,20090812,000000,28.3191,28.8517,28.3191,28.6581,308972,0
ACWI.US,D,20090813,000000,28.9556,29.0298,28.6637,28.9918,287447,0
ACWI.US,D,20090814,000000,29.0224,29.0521,28.477,28.7306,97536.3,0
ACWI.US,D,20090817,000000,28.1396,28.4472,27.7058,27.8164,196725,0
ACWI.US,D,20090818,000000,27.9298,28.2819,27.9298,28.1396,193766,0
ACWI.US,D,20090819,000000,27.9298,28.5224,27.9298,28.4538,113525,0
ACWI.US,D,20090820,000000,28.4844,28.8366,28.4844,28.7306,89450.2,0
ACWI.US,D,20090821,000000,29.0149,29.3533,29.0149,29.3059,101600,0
ACWI.US,D,20090824,000000,29.4266,29.5781,29.225,29.3059,134511,0
ACWI.US,D,20090825,000000,29.5781,29.6963,29.3812,29.4342,182843,0
ACWI.US,D,20090826,000000,29.2111,29.3533,29.0828,29.3374,104723,0
ACWI.US,D,20090827,000000,29.3589,29.5244,28.9556,29.4342,133073,0
ACWI.US,D,20090828,000000,29.5846,29.6963,29.2929,29.4342,311176,0
ACWI.US,D,20090831,000000,29.2685,29.2685,29.0003,29.0968,61555.8,0
ACWI.US,D,20090901,000000,29.0828,29.2929,28.4538,28.4844,74786.9,0
ACWI.US,D,20090902,000000,28.3041,28.6257,28.2141,28.5077,116903,0
ACWI.US,D,20090903,000000,28.6721,28.74,28.5077,28.74,39297.1,0
ACWI.US,D,20090904,000000,28.8738,29.1935,28.7474,29.1414,39619.9,0
ACWI.US,D,20090908,000000,29.7798,29.8235,29.5308,29.6088,930514,0
ACWI.US,D,20090909,000000,29.8078,30.0177,29.7045,29.8977,126023,0
ACWI.US,D,20090910,000000,29.9313,30.237,29.7881,30.237,587544,0
ACWI.US,D,20090911,000000,30.3392,30.3773,30.1171,30.2007,69392.2,0
ACWI.US,D,20090914,000000,29.8161,30.3121,29.7203,30.2668,81536.4,0
ACWI.US,D,20090915,000000,30.2732,30.4739,30.1014,30.3838,2518607,0
ACWI.US,D,20090916,000000,30.7825,30.9703,30.5697,30.9386,209719,0
ACWI.US,D,20090917,000000,30.946,31.5611,30.6997,30.8503,73612.8,0
ACWI.US,D,20090918,000000,30.8578,30.9776,30.7295,30.8885,1883806,0
ACWI.US,D,20090921,000000,30.5492,30.6775,30.3838,30.6253,55071,0
ACWI.US,D,20090922,000000,30.9933,31.0612,30.8261,30.9859,170321,0
ACWI.US,D,20090923,000000,31.1281,31.2035,30.6253,30.6253,203085,0
ACWI.US,D,20090924,000000,30.7527,30.8949,30.1403,30.2966,291523,0
ACWI.US,D,20090925,000000,30.2083,30.3689,30.0577,30.1403,55061.3,0
ACWI.US,D,20090928,000000,30.1841,30.6615,30.1765,30.5286,78359.6,0
ACWI.US,D,20090929,000000,30.4906,30.6615,30.3624,30.5492,179635,0
ACWI.US,D,20090930,000000,30.6848,30.6997,30.1841,30.513,64324.7,0
ACWI.US,D,20091001,000000,30.4376,30.4424,29.7203,29.7203,1413946,0
ACWI.US,D,20091002,000000,29.2474,29.712,29.1935,29.4806,226135,0
ACWI.US,D,20091005,000000,29.6812,29.9973,29.593,29.9526,73555.8,0
ACWI.US,D,20091006,000000,30.355,30.6532,30.2593,30.4582,1120156,0
ACWI.US,D,20091007,000000,30.5417,30.5697,30.3317,30.5576,389595,0
ACWI.US,D,20091008,000000,30.9247,31.077,30.7295,30.9543,250769,0
ACWI.US,D,20091009,000000,30.9032,30.9933,30.8198,30.9933,65221.1,0
ACWI.US,D,20091012,000000,31.0213,31.2842,30.9703,30.9859,244932,0
ACWI.US,D,20091013,000000,31.1365,31.1365,30.8198,31.0083,286936,0
ACWI.US,D,20091014,000000,31.6356,31.6532,31.3837,31.6438,729942,0
ACWI.US,D,20091015,000000,31.4822,31.7629,31.4655,31.7629,164952,0
ACWI.US,D,20091016,000000,31.3995,31.525,31.2239,31.4728,107537,0
ACWI.US,D,20091019,000000,31.6847,31.8752,31.5017,31.8167,167415,0
ACWI.US,D,20091020,000000,31.905,31.905,31.4263,31.617,106721,0
ACWI.US,D,20091021,000000,31.4952,31.9747,31.4655,31.4728,136787,0
ACWI.US,D,20091022,000000,31.4822,31.8595,31.2564,31.7916,50057.3,0
ACWI.US,D,20091023,000000,31.866,31.866,31.2239,31.2489,39755.5,0
ACWI.US,D,20091026,000000,31.3371,31.6847,30.8428,30.9032,191883,0
ACWI.US,D,20091027,000000,31.0213,31.0213,30.6997,30.7527,132573,0
ACWI.US,D,20091028,000000,30.499,30.5492,29.7798,29.8645,970350,0
ACWI.US,D,20091029,000000,30.2593,30.7964,30.1469,30.7527,130108,0
ACWI.US,D,20091030,000000,30.4424,30.604,29.6608,29.6887,166197,0
ACWI.US,D,20091102,000000,29.9907,30.3281,29.6368,30.0177,100120,0
ACWI.US,D,20091103,000000,29.7798,30.0734,29.6199,29.9833,61978.7,0
ACWI.US,D,20091104,000000,30.2732,30.6532,30.2732,30.3773,1250923,0
ACWI.US,D,20091105,000000,30.4376,30.8503,30.4376,30.8503,53773.2,0
ACWI.US,D,20091106,000000,30.7434,30.9703,30.618,30.9106,61353.5,0
ACWI.US,D,20091109,000000,31.4496,31.7478,31.3464,31.7478,116072,0
ACWI.US,D,20091110,000000,31.578,31.7034,31.3371,31.6587,98484.4,0
ACWI.US,D,20091111,000000,31.8381,32.0491,31.6356,31.7833,965784,0
ACWI.US,D,20091112,000000,31.509,31.7916,31.2777,31.3595,106893,0
ACWI.US,D,20091113,000000,31.4655,31.7478,31.2927,31.6763,241907,0
ACWI.US,D,20091116,000000,32.0333,32.3472,31.9579,32.1977,163209,0
ACWI.US,D,20091117,000000,32.0491,32.1141,31.7833,32.1068,104630,0
ACWI.US,D,20091118,000000,32.1141,32.1298,31.8595,32.1298,157132,0
ACWI.US,D,20091119,000000,31.7034,31.7034,31.2322,31.4655,67605.8,0
ACWI.US,D,20091120,000000,31.3522,31.405,31.1719,31.3595,199216,0
ACWI.US,D,20091123,000000,31.7034,32.0779,31.7034,31.8445,297332,0
ACWI.US,D,20091124,000000,31.852,31.852,31.4134,31.7107,394004,0
ACWI.US,D,20091125,000000,31.9655,32.0333,31.8092,32.0249,40841.3,0
ACWI.US,D,20091127,000000,30.7759,31.4571,30.7612,31.2647,81460,0
ACWI.US,D,20091130,000000,31.3371,31.4728,31.0808,31.2927,590716,0
ACWI.US,D,20091201,000000,31.7191,32.0621,31.7191,31.9655,181720,0
ACWI.US,D,20091202,000000,32.0565,32.2656,31.9505,32.1141,948877,0
ACWI.US,D,20091203,000000,32.2136,32.3694,31.8224,31.852,710788,0
ACWI.US,D,20091204,000000,32.378,32.3845,31.7107,31.9951,71722,0
ACWI.US,D,20091207,000000,31.8167,32.0491,31.7629,31.852,93552.5,0
ACWI.US,D,20091208,000000,31.6356,31.6356,31.2564,31.405,155801,0
ACWI.US,D,20091209,000000,31.2564,31.4263,31.1124,31.313,1465998,0
ACWI.US,D,20091210,000000,31.629,31.6532,31.4339,31.5407,101086,0
ACWI.US,D,20091211,000000,31.5548,31.7107,31.5017,31.617,203901,0
ACWI.US,D,20091214,000000,31.9274,31.9274,31.668,31.8224,97269.4,0
ACWI.US,D,20091215,000000,31.578,31.7629,31.525,31.5695,306935,0
ACWI.US,D,20091216,000000,31.7258,31.9579,31.7258,31.7701,308124,0
ACWI.US,D,20091217,000000,31.3056,31.4496,31.195,31.2647,115989,0
ACWI.US,D,20091218,000000,31.4822,31.4952,31.0287,31.3464,134139,0
ACWI.US,D,20091221,000000,31.525,31.6234,31.3745,31.525,161354,0
ACWI.US,D,20091222,000000,31.578,31.578,31.3371,31.509,704619,0
ACWI.US,D,20091223,000000,31.7396,31.7396,31.4496,31.6884,235820,0
ACWI.US,D,20091224,000000,31.6234,31.8752,31.6234,31.8167,117099,0
ACWI.US,D,20091228,000000,32.0565,32.0565,31.7396,31.8167,598598,0
ACWI.US,D,20091229,000000,32.1141,32.1141,31.7916,31.905,1951854,0
ACWI.US,D,20091230,000000,31.7833,31.7833,31.6438,31.7191,505494,0
ACWI.US,D,20091231,000000,31.8167,31.866,31.6234,31.668,777457,0
ACWI.US,D,20100104,000000,32.2803,32.3994,32.0779,32.3194,488169,0
ACWI.US,D,20100105,000000,32.455,32.588,32.2571,32.588,228582,0
ACWI.US,D,20100106,000000,32.4385,32.6187,32.4067,32.5787,462863,0
ACWI.US,D,20100107,000000,32.5136,32.5443,32.2571,32.4236,151446,0
ACWI.US,D,20100108,000000,32.6038,32.7227,32.3994,32.6251,367380,0
ACWI.US,D,20100111,000000,32.783,32.8583,32.6624,32.8352,157703,0
ACWI.US,D,20100112,000000,32.6112,32.6112,32.3335,32.4236,228959,0
ACWI.US,D,20100113,000000,32.4672,32.7441,32.3398,32.6939,281718,0
ACWI.US,D,20100114,000000,32.7144,32.8277,32.6251,32.7598,74935.4,0
ACWI.US,D,20100115,000000,32.7227,32.7227,32.2498,32.4385,64142.8,0
ACWI.US,D,20100119,000000,32.3472,32.8128,32.205,32.8128,271913,0
ACWI.US,D,20100120,000000,32.3994,32.3994,31.8903,32.0992,182699,0
ACWI.US,D,20100121,000000,31.9951,32.1977,31.4134,31.4952,325049,0
ACWI.US,D,20100122,000000,31.4339,31.4571,30.7527,30.7685,99925.3,0
ACWI.US,D,20100125,000000,31.1281,31.2239,30.9628,31.0963,370454,0
ACWI.US,D,20100126,000000,30.9311,31.1578,30.6997,30.9106,96905.7,0
ACWI.US,D,20100127,000000,30.6848,30.946,30.5492,30.9106,321800,0
ACWI.US,D,20100128,000000,31.1124,31.1124,30.2805,30.3838,904467,0
ACWI.US,D,20100129,000000,30.4656,30.6848,29.9155,29.9907,834836,0
ACWI.US,D,20100201,000000,30.2593,30.5863,30.2593,30.5417,230854,0
ACWI.US,D,20100202,000000,30.8503,31.0445,30.5956,31.0371,559075,0
ACWI.US,D,20100203,000000,30.9106,31,30.6997,30.7759,45732.4,0
ACWI.US,D,20100204,000000,30.2805,30.3838,29.6608,29.6608,489808,0
ACWI.US,D,20100205,000000,29.7045,29.8411,28.9704,29.5718,242083,0
ACWI.US,D,20100208,000000,29.5631,29.7798,29.3059,29.3449,540373,0
ACWI.US,D,20100209,000000,29.8912,30.222,29.5549,29.9444,234769,0
ACWI.US,D,20100210,000000,30.0047,30.0047,29.6284,29.936,118004,0
ACWI.US,D,20100211,000000,29.7881,30.2287,29.6608,30.2287,166045,0
ACWI.US,D,20100212,000000,29.9155,30.0874,29.6812,30.0874,146397,0
ACWI.US,D,20100216,000000,30.1691,30.7146,30.1691,30.7146,116477,0
ACWI.US,D,20100217,000000,30.8344,30.8344,30.6328,30.7899,117470,0
ACWI.US,D,20100218,000000,30.7368,30.946,30.722,30.946,44830.6,0
ACWI.US,D,20100219,000000,30.7295,30.9181,30.5863,30.8344,129774,0
ACWI.US,D,20100222,000000,30.8949,31.0287,30.8105,30.88,215465,0
ACWI.US,D,20100223,000000,30.8885,30.8885,30.355,30.5362,120582,0
ACWI.US,D,20100224,000000,30.4739,30.7612,30.4312,30.6775,239717,0
ACWI.US,D,20100225,000000,30.2287,30.499,30.0438,30.4739,274125,0
ACWI.US,D,20100226,000000,30.6253,30.7685,30.3689,30.6405,105087,0
ACWI.US,D,20100301,000000,30.8261,31.0678,30.7685,31.0678,3866421,0
ACWI.US,D,20100302,000000,31.3215,31.3215,31.0678,31.1792,1567063,0
ACWI.US,D,20100303,000000,31.4134,31.5695,31.3056,31.3745,391933,0
ACWI.US,D,20100304,000000,31.4422,31.4571,31.1653,31.2777,259302,0
ACWI.US,D,20100305,000000,31.6532,31.9347,31.5017,31.905,94020.6,0
ACWI.US,D,20100308,000000,31.866,31.9951,31.7701,31.8752,497988,0
ACWI.US,D,20100309,000000,31.7478,32.0165,31.6763,31.8297,325694,0
ACWI.US,D,20100310,000000,31.905,32.1141,31.852,31.9579,145182,0
ACWI.US,D,20100311,000000,31.8297,32.1214,31.8167,32.1214,202853,0
ACWI.US,D,20100312,000000,32.3845,32.3845,32.0844,32.2348,197219,0
ACWI.US,D,20100315,000000,32.0249,32.1614,31.8903,32.1467,117913,0
ACWI.US,D,20100316,000000,32.1541,32.4672,32.1541,32.4672,224434,0
ACWI.US,D,20100317,000000,32.6716,32.8073,32.5713,32.7079,233904,0
ACWI.US,D,20100318,000000,32.6995,32.6995,32.4385,32.5043,303763,0
ACWI.US,D,20100319,000000,32.6875,32.6875,32.1671,32.2348,466005,0
ACWI.US,D,20100322,000000,31.9124,32.4468,31.8092,32.3622,353046,0
ACWI.US,D,20100323,000000,32.4746,32.5713,32.3251,32.5713,646387,0
ACWI.US,D,20100324,000000,32.3472,32.3472,32.1298,32.1746,144542,0
ACWI.US,D,20100325,000000,32.4067,32.5638,32.1467,32.1614,1102042,0
ACWI.US,D,20100326,000000,32.4385,32.5517,32.205,32.3335,245828,0
ACWI.US,D,20100329,000000,32.3694,32.6875,32.3694,32.6716,246512,0
ACWI.US,D,20100330,000000,32.6548,32.8073,32.5963,32.7079,233785,0
ACWI.US,D,20100331,000000,32.6456,32.7386,32.482,32.5787,66656.7,0
ACWI.US,D,20100401,000000,33.0312,33.0433,32.8352,33.0433,689888,0
ACWI.US,D,20100405,000000,33.2598,33.299,33.0349,33.2598,44770.3,0
ACWI.US,D,20100406,000000,33.0312,33.3425,32.9541,33.3352,818024,0
ACWI.US,D,20100407,000000,33.1121,33.2598,32.9541,33.0963,173087,0
ACWI.US,D,20100408,000000,32.9467,33.1994,32.7598,33.191,269415,0
ACWI.US,D,20100409,000000,33.3425,33.4865,33.2385,33.4558,200368,0
ACWI.US,D,20100412,000000,33.5906,33.5906,33.4177,33.5127,169706,0
ACWI.US,D,20100413,000000,33.546,33.546,33.2739,33.4337,821402,0
ACWI.US,D,20100414,000000,33.7412,33.9113,33.5971,33.9113,306322,0
ACWI.US,D,20100415,000000,33.7988,33.9278,33.6957,33.7858,219632,0
ACWI.US,D,20100416,000000,33.7412,33.7412,33.0349,33.1994,998074,0
ACWI.US,D,20100419,000000,32.9115,33.2078,32.8352,33.14,349075,0
ACWI.US,D,20100420,000000,33.4465,33.5386,33.3585,33.5127,616757,0
ACWI.US,D,20100421,000000,33.4865,33.4865,33.178,33.3203,65472.9,0
ACWI.US,D,20100422,000000,33.0749,33.403,32.8352,33.3517,552653,0
ACWI.US,D,20100423,000000,33.2672,33.6428,33.1324,33.6428,197329,0
ACWI.US,D,20100426,000000,33.6957,33.6957,33.4401,33.4558,238700,0
ACWI.US,D,20100427,000000,33.2467,33.3203,32.3622,32.5136,365563,0
ACWI.US,D,20100428,000000,32.7144,32.7227,32.2571,32.5787,910898,0
ACWI.US,D,20100429,000000,32.799,33.1324,32.799,33.0499,284566,0
ACWI.US,D,20100430,000000,33.178,33.178,32.5043,32.5043,180741,0
ACWI.US,D,20100503,000000,32.783,32.9467,32.6112,32.8964,191083,0
ACWI.US,D,20100504,000000,32.3017,32.3017,31.6234,31.8092,575570,0
ACWI.US,D,20100505,000000,31.1792,31.5928,31.0881,31.195,891440,0
ACWI.US,D,20100506,000000,31.1495,32.0165,28.7548,30.1765,1167000,0
ACWI.US,D,20100507,000000,30.4906,30.5641,29.3227,29.7649,835628,0
ACWI.US,D,20100510,000000,31.5548,31.6234,31.1653,31.4134,750920,0
ACWI.US,D,20100511,000000,30.7899,31.617,30.7899,31.195,317521,0
ACWI.US,D,20100512,000000,31.1653,31.668,31.1653,31.668,212002,0
ACWI.US,D,20100513,000000,31.6763,31.6847,31.301,31.3745,1030507,0
ACWI.US,D,20100514,000000,30.9776,31.3837,30.4153,30.6615,236042,0
ACWI.US,D,20100517,000000,30.6701,30.8344,30.0734,30.6775,267720,0
ACWI.US,D,20100518,000000,30.8652,30.9703,30.026,30.1403,454791,0
ACWI.US,D,20100519,000000,29.9444,30.2453,29.6368,30.052,324198,0
ACWI.US,D,20100520,000000,29.3886,29.3886,28.7093,28.8217,264064,0
ACWI.US,D,20100521,000000,29.3059,29.4201,28.3942,29.4118,536540,0
ACWI.US,D,20100524,000000,29.6451,29.6451,28.9111,28.9111,112348,0
ACWI.US,D,20100525,000000,28.1916,28.9183,27.9585,28.844,242536,0
ACWI.US,D,20100526,000000,29.1191,29.2984,28.5513,28.6257,590061,0
ACWI.US,D,20100527,000000,29.4806,29.8756,29.3059,29.8756,892842,0
ACWI.US,D,20100528,000000,29.7287,29.8328,29.3589,29.4581,346242,0
ACWI.US,D,20100601,000000,29.3374,29.7352,29.0149,29.0521,183534,0
ACWI.US,D,20100602,000000,29.1414,29.9526,29.0968,29.9526,1978252,0
ACWI.US,D,20100603,000000,30.1765,30.1765,29.6451,29.9526,225445,0
ACWI.US,D,20100604,000000,29.6199,29.6199,28.6581,28.7771,135528,0
ACWI.US,D,20100607,000000,29.0298,29.0298,28.3785,28.3785,137948,0
ACWI.US,D,20100608,000000,28.6433,28.8153,28.2297,28.8153,619092,0
ACWI.US,D,20100609,000000,29.1274,29.2593,28.5513,28.7168,469844,0
ACWI.US,D,20100610,000000,29.1562,29.6887,29.1562,29.6682,168863,0
ACWI.US,D,20100611,000000,29.3959,29.7725,29.3449,29.7725,2001901,0
ACWI.US,D,20100614,000000,30.1255,30.222,29.7725,29.7725,259508,0
ACWI.US,D,20100615,000000,30.0874,30.5956,30.065,30.5492,2065977,0
ACWI.US,D,20100616,000000,30.3038,30.7434,30.2166,30.5417,1180311,0
ACWI.US,D,20100617,000000,30.7612,30.7612,30.2805,30.578,235344,0
ACWI.US,D,20100618,000000,30.6615,30.6615,30.4906,30.5362,80998.3,0
ACWI.US,D,20100621,000000,30.9247,31.0881,30.4822,30.6328,165025,0
ACWI.US,D,20100622,000000,30.5576,30.7295,30.1543,30.2287,686822,0
ACWI.US,D,20100623,000000,30.052,30.065,29.6284,29.8977,1005950,0
ACWI.US,D,20100624,000000,29.8161,29.8161,29.3533,29.4118,295812,0
ACWI.US,D,20100625,000000,29.5631,29.6887,29.2474,29.6088,422983,0
ACWI.US,D,20100628,000000,29.6757,29.6887,29.3374,29.3589,135669,0
ACWI.US,D,20100629,000000,28.8366,28.9043,28.2678,28.4314,2355055,0
ACWI.US,D,20100630,000000,28.4295,28.6581,28.135,28.1563,84849.8,0
ACWI.US,D,20100701,000000,28.1852,28.4017,27.7876,28.3264,3359621,0
ACWI.US,D,20100702,000000,28.5077,28.5282,28.0579,28.2141,220381,0
ACWI.US,D,20100706,000000,28.9183,29.0149,28.3665,28.5765,127111,0
ACWI.US,D,20100707,000000,28.5282,29.4266,28.5282,29.3756,231017,0
ACWI.US,D,20100708,000000,29.6524,29.6887,29.33,29.6887,123451,0
ACWI.US,D,20100709,000000,29.5244,29.8756,29.5244,29.8688,172428,0
ACWI.US,D,20100712,000000,29.7725,29.8645,29.5718,29.7203,322303,0
ACWI.US,D,20100713,000000,30.0734,30.3121,30.026,30.1841,364592,0
ACWI.US,D,20100714,000000,30.1924,30.3467,30.0354,30.2966,194437,0
ACWI.US,D,20100715,000000,30.3281,30.3922,29.9313,30.3281,354899,0
ACWI.US,D,20100716,000000,30.1255,30.1255,29.4118,29.487,157357,0
ACWI.US,D,20100719,000000,29.712,29.7725,29.3886,29.6757,126999,0
ACWI.US,D,20100720,000000,29.3143,29.9758,29.2769,29.9758,996651,0
ACWI.US,D,20100721,000000,30.0929,30.0929,29.3886,29.4581,612462,0
ACWI.US,D,20100722,000000,30.0874,30.4081,29.9526,30.3197,910073,0
ACWI.US,D,20100723,000000,30.3281,30.604,30.1691,30.5492,102628,0
ACWI.US,D,20100726,000000,30.6114,30.8885,30.4739,30.8261,526247,0
ACWI.US,D,20100727,000000,31.1365,31.1365,30.7527,30.9032,113478,0
ACWI.US,D,20100728,000000,30.8885,30.9032,30.6615,30.6775,205636,0
ACWI.US,D,20100729,000000,31.1431,31.1431,30.5056,30.7759,191330,0
ACWI.US,D,20100730,000000,30.499,30.8885,30.3689,30.7825,471787,0
ACWI.US,D,20100802,000000,31.301,31.6532,31.1495,31.6532,399126,0
ACWI.US,D,20100803,000000,31.5017,31.6234,31.301,31.5862,251501,0
ACWI.US,D,20100804,000000,31.5407,31.6356,31.3595,31.629,156383,0
ACWI.US,D,20100805,000000,31.3215,31.578,31.3215,31.5472,213529,0
ACWI.US,D,20100806,000000,31.3371,31.509,31.1495,31.509,199912,0
ACWI.US,D,20100809,000000,31.5862,31.6884,31.4496,31.6532,653578,0
ACWI.US,D,20100810,000000,31.3522,31.509,31.0678,31.509,246377,0
ACWI.US,D,20100811,000000,30.6933,30.6933,30.2805,30.2805,368481,0
ACWI.US,D,20100812,000000,29.9313,30.3038,29.9313,30.1924,222485,0
ACWI.US,D,20100813,000000,30.2166,30.3317,30.1339,30.1609,151890,0
ACWI.US,D,20100816,000000,30.0929,30.3922,29.9685,30.3197,138444,0
ACWI.US,D,20100817,000000,30.5697,30.8578,30.4906,30.6532,165113,0
ACWI.US,D,20100818,000000,30.6328,30.8261,30.513,30.7073,99351.7,0
ACWI.US,D,20100819,000000,30.6468,30.6532,30.052,30.222,130721,0
ACWI.US,D,20100820,000000,30.0734,30.0734,29.7881,29.9758,108323,0
ACWI.US,D,20100823,000000,30.1255,30.1841,29.8235,29.8235,440321,0
ACWI.US,D,20100824,000000,29.4424,29.6284,29.2474,29.3886,306697,0
ACWI.US,D,20100825,000000,29.2769,29.4201,29.0149,29.3886,1184211,0
ACWI.US,D,20100826,000000,29.5846,29.6963,29.2538,29.2865,204336,0
ACWI.US,D,20100827,000000,29.538,29.8977,29.2027,29.8756,117168,0
ACWI.US,D,20100830,000000,29.7649,29.7881,29.3886,29.4044,608347,0
ACWI.US,D,20100831,000000,29.3959,29.6451,29.2474,29.4648,198090,0
ACWI.US,D,20100901,000000,30.026,30.4081,29.9907,30.3689,211957,0
ACWI.US,D,20100902,000000,30.4424,30.722,30.355,30.722,910169,0
ACWI.US,D,20100903,000000,31,31.0808,30.8198,30.9933,88687.3,0
ACWI.US,D,20100907,000000,30.9386,30.9386,30.5863,30.5956,147656,0
ACWI.US,D,20100908,000000,30.7073,31,30.6933,30.8344,75365.8,0
ACWI.US,D,20100909,000000,31.2564,31.2564,30.9311,31.0445,155233,0
ACWI.US,D,20100910,000000,31.0445,31.1792,31.0213,31.1124,150148,0
ACWI.US,D,20100913,000000,31.5185,31.6532,31.4655,31.6438,341993,0
ACWI.US,D,20100914,000000,31.5185,31.8903,31.4571,31.7478,186986,0
ACWI.US,D,20100915,000000,31.6076,31.8381,31.4571,31.8167,109339,0
ACWI.US,D,20100916,000000,31.7034,31.7478,31.5695,31.7478,84582.9,0
ACWI.US,D,20100917,000000,31.8826,31.8826,31.578,31.6234,97695.6,0
ACWI.US,D,20100920,000000,31.8595,32.2348,31.7107,32.1746,698104,0
ACWI.US,D,20100921,000000,32.3017,32.3194,31.9124,32.0565,458568,0
ACWI.US,D,20100922,000000,32.1383,32.2284,31.8595,31.9747,1008257,0
ACWI.US,D,20100923,000000,31.8445,31.9951,31.6356,31.695,110738,0
ACWI.US,D,20100924,000000,32.2803,32.4468,32.1068,32.4385,70518.9,0
ACWI.US,D,20100927,000000,32.4746,32.4886,32.2803,32.3251,293701,0
ACWI.US,D,20100928,000000,32.2571,32.4606,32.0249,32.3928,596713,0
ACWI.US,D,20100929,000000,32.4385,32.5638,32.2953,32.4236,207728,0
ACWI.US,D,20100930,000000,32.5043,32.7441,32.1818,32.3558,506299,0
ACWI.US,D,20101001,000000,32.6112,32.679,32.4151,32.6456,208920,0
ACWI.US,D,20101004,000000,32.588,32.588,32.1541,32.3194,249372,0
ACWI.US,D,20101005,000000,32.588,33.0917,32.588,33.0917,719076,0
ACWI.US,D,20101006,000000,33.125,33.2598,33.0592,33.2385,895354,0
ACWI.US,D,20101007,000000,33.4254,33.4254,32.9467,33.0749,447182,0
ACWI.US,D,20101008,000000,33.1632,33.4177,33.0749,33.3425,103974,0
ACWI.US,D,20101011,000000,33.4094,33.4558,33.2598,33.3678,113947,0
ACWI.US,D,20101012,000000,33.1855,33.3873,32.9467,33.3267,176050,0
ACWI.US,D,20101013,000000,33.6874,33.8685,33.5293,33.7412,413564,0
ACWI.US,D,20101014,000000,33.6808,33.8685,33.5749,33.7913,220306,0
ACWI.US,D,20101015,000000,34.0478,34.0478,33.5079,33.6957,154599,0
ACWI.US,D,20101018,000000,33.6808,33.8445,33.56,33.7858,1828402,0
ACWI.US,D,20101019,000000,33.14,33.403,32.9383,33.0963,230813,0
ACWI.US,D,20101020,000000,33.2672,33.6725,33.191,33.5749,212329,0
ACWI.US,D,20101021,000000,33.7412,33.8295,33.2739,33.546,108766,0
ACWI.US,D,20101022,000000,33.56,33.6297,33.5079,33.6297,83598.2,0
ACWI.US,D,20101025,000000,33.9736,34.0098,33.6957,33.7412,212820,0
ACWI.US,D,20101026,000000,33.5127,33.6808,33.4094,33.6203,300228,0
ACWI.US,D,20101027,000000,33.3956,33.4094,33.1027,33.3956,143483,0
ACWI.US,D,20101028,000000,33.6957,33.6957,33.403,33.5692,223736,0
ACWI.US,D,20101029,000000,33.5358,33.613,33.4997,33.5664,72492.5,0
ACWI.US,D,20101101,000000,33.7552,33.8685,33.4254,33.6139,235776,0
ACWI.US,D,20101102,000000,33.9428,34.0321,33.875,33.9346,356376,0
ACWI.US,D,20101103,000000,33.9736,34.1686,33.6575,34.1222,322202,0
ACWI.US,D,20101104,000000,34.5701,34.8926,34.4809,34.8926,1175384,0
ACWI.US,D,20101105,000000,34.8405,34.9679,34.6826,34.8256,381643,0
ACWI.US,D,20101108,000000,34.7588,34.7588,34.5357,34.6919,1055215,0
ACWI.US,D,20101109,000000,34.9976,34.9976,34.2356,34.4076,410908,0
ACWI.US,D,20101110,000000,34.5998,34.5998,34.1594,34.4958,461085,0
ACWI.US,D,20101111,000000,34.2746,34.4139,34.1222,34.3321,254582,0
ACWI.US,D,20101112,000000,34.2132,34.3183,33.7988,33.9809,330936,0
ACWI.US,D,20101115,000000,34.1827,34.2263,33.9346,33.951,292169,0
ACWI.US,D,20101116,000000,33.665,33.6808,33.1027,33.232,599550,0
ACWI.US,D,20101117,000000,33.3585,33.4782,33.2385,33.3053,381585,0
ACWI.US,D,20101118,000000,33.8983,34.0851,33.8527,34.0405,118829,0
ACWI.US,D,20101119,000000,33.9185,34.1018,33.7021,34.1018,224894,0
ACWI.US,D,20101122,000000,33.718,33.9883,33.5127,33.9428,184403,0
ACWI.US,D,20101123,000000,33.3797,33.403,33.0089,33.14,456979,0
ACWI.US,D,20101124,000000,33.3585,33.6353,33.3585,33.5906,727981,0
ACWI.US,D,20101126,000000,33.2385,33.3956,33.0963,33.2812,664534,0
ACWI.US,D,20101129,000000,33.0917,33.2078,32.7441,33.0963,450433,0
ACWI.US,D,20101130,000000,32.7386,33.3267,32.588,32.8352,613115,0
ACWI.US,D,20101201,000000,33.3797,33.7338,33.3797,33.6808,324465,0
ACWI.US,D,20101202,000000,33.7412,34.2653,33.718,34.257,358390,0
ACWI.US,D,20101203,000000,34.2068,34.453,34.1389,34.4382,321092,0
ACWI.US,D,20101206,000000,34.3099,34.453,34.2263,34.3842,154587,0
ACWI.US,D,20101207,000000,34.795,34.8182,34.296,34.296,643929,0
ACWI.US,D,20101208,000000,34.3397,34.4613,34.1594,34.3637,186390,0
ACWI.US,D,20101209,000000,34.6239,34.6239,34.3099,34.5033,359498,0
ACWI.US,D,20101210,000000,34.467,34.6472,34.4139,34.5477,217962,0
ACWI.US,D,20101213,000000,34.8704,34.9976,34.7353,34.795,446606,0
ACWI.US,D,20101214,000000,34.9093,35.0431,34.7866,34.8497,968791,0
ACWI.US,D,20101215,000000,34.6093,34.8182,34.4613,34.5198,230955,0
ACWI.US,D,20101216,000000,34.4224,34.7123,34.4224,34.6826,467619,0
ACWI.US,D,20101217,000000,34.6676,34.7588,34.5357,34.7588,897974,0
ACWI.US,D,20101220,000000,34.8497,34.8704,34.5412,34.7048,572390,0
ACWI.US,D,20101221,000000,34.6528,34.7123,34.5701,34.6676,652232,0
ACWI.US,D,20101222,000000,34.7188,34.7588,34.6239,34.7353,2548192,0
ACWI.US,D,20101223,000000,34.7439,34.8108,34.585,34.7188,2581157,0
ACWI.US,D,20101227,000000,34.5923,34.7514,34.5412,34.7123,1230767,0
ACWI.US,D,20101228,000000,34.676,34.7736,34.676,34.7736,333509,0
ACWI.US,D,20101229,000000,34.9445,35.0217,34.8535,34.9,668309,0
ACWI.US,D,20101230,000000,34.9605,34.9605,34.7708,34.9382,603491,0
ACWI.US,D,20101231,000000,34.8823,35.0747,34.8675,35.0524,370214,0
ACWI.US,D,20110103,000000,35.3144,35.4706,35.2986,35.3144,697107,0
ACWI.US,D,20110104,000000,35.4779,35.4779,35.0366,35.2754,224962,0
ACWI.US,D,20110105,000000,35.057,35.2986,34.9605,35.2754,463141,0
ACWI.US,D,20110106,000000,35.3144,35.3144,34.9392,35.0515,2211850,0
ACWI.US,D,20110107,000000,35.109,35.109,34.6472,34.924,212783,0
ACWI.US,D,20110110,000000,34.6919,34.8627,34.5477,34.8405,210968,0
ACWI.US,D,20110111,000000,35.0283,35.0366,34.8182,34.9519,506016,0
ACWI.US,D,20110112,000000,35.2986,35.5457,35.2475,35.5235,440273,0
ACWI.US,D,20110113,000000,35.688,35.7195,35.4939,35.5002,1897638,0
ACWI.US,D,20110114,000000,35.4037,35.7687,35.4037,35.7687,2599173,0
ACWI.US,D,20110118,000000,35.8033,35.8896,35.7195,35.8822,851310,0
ACWI.US,D,20110119,000000,35.9501,35.9565,35.4862,35.6062,1135822,0
ACWI.US,D,20110120,000000,35.4622,35.4622,35.0969,35.3738,716261,0
ACWI.US,D,20110121,000000,35.4939,35.6146,35.3823,35.4482,257391,0
ACWI.US,D,20110124,000000,35.4037,35.7049,35.3738,35.6722,746290,0
ACWI.US,D,20110125,000000,35.5457,35.6591,35.3738,35.6591,215655,0
ACWI.US,D,20110126,000000,35.8682,35.9267,35.6954,35.8145,681861,0
ACWI.US,D,20110127,000000,35.8896,35.9725,35.74,35.9047,746456,0
ACWI.US,D,20110128,000000,35.8607,35.8607,35.0515,35.0728,566231,0
ACWI.US,D,20110131,000000,35.2029,35.4734,35.2029,35.426,629185,0
ACWI.US,D,20110201,000000,35.6805,36.19,35.6805,36.1424,474029,0
ACWI.US,D,20110202,000000,36.0672,36.19,36.0003,36.0672,184170,0
ACWI.US,D,20110203,000000,36.0076,36.1591,35.7687,36.1348,583561,0
ACWI.US,D,20110204,000000,36.1591,36.1591,35.9267,36.0978,367238,0
ACWI.US,D,20110207,000000,36.0765,36.3785,36.0765,36.2642,291470,0
ACWI.US,D,20110208,000000,36.1498,36.4592,36.1424,36.4592,1393376,0
ACWI.US,D,20110209,000000,36.3961,36.4036,36.1275,36.2865,1694885,0
ACWI.US,D,20110210,000000,35.7122,36.1739,35.7122,36.1126,519787,0
ACWI.US,D,20110211,000000,36.0152,36.3384,35.8682,36.2705,109072,0
ACWI.US,D,20110214,000000,36.2781,36.371,36.2334,36.3003,649574,0
ACWI.US,D,20110215,000000,36.331,36.3785,36.1963,36.2939,698360,0
ACWI.US,D,20110216,000000,36.371,36.6219,36.3384,36.5866,271061,0
ACWI.US,D,20110218,000000,36.6991,36.8932,36.6914,36.8337,190950,0
ACWI.US,D,20110222,000000,36.2483,36.4676,35.8097,35.8822,1218763,0
ACWI.US,D,20110223,000000,35.9725,36.0458,35.5457,35.7604,253602,0
ACWI.US,D,20110224,000000,35.8682,35.9342,35.5171,35.8033,193784,0
ACWI.US,D,20110225,000000,35.9779,36.2705,35.9779,36.2399,1055523,0
ACWI.US,D,20110228,000000,36.5363,36.6358,36.3887,36.529,976324,0
ACWI.US,D,20110301,000000,36.7129,36.7509,36.0152,36.0234,383372,0
ACWI.US,D,20110302,000000,36.1275,36.3542,35.8607,36.19,956036,0
ACWI.US,D,20110303,000000,36.5568,36.8049,36.4128,36.7807,380898,0
ACWI.US,D,20110304,000000,36.7586,36.7586,36.2781,36.4733,524262,0
ACWI.US,D,20110307,000000,36.7065,36.7222,35.9779,36.0922,646765,0
ACWI.US,D,20110308,000000,36.1061,36.4518,35.9565,36.3877,376124,0
ACWI.US,D,20110309,000000,36.3961,36.438,36.2177,36.3785,320879,0
ACWI.US,D,20110310,000000,35.8524,35.8524,35.5171,35.5819,383404,0
ACWI.US,D,20110311,000000,35.4111,35.8145,35.3823,35.6805,361218,0
ACWI.US,D,20110314,000000,35.109,35.3823,35.0142,35.3645,423002,0
ACWI.US,D,20110315,000000,33.9038,34.9445,33.8843,34.8024,1083195,0
ACWI.US,D,20110316,000000,34.7123,34.7123,33.6203,33.951,1059477,0
ACWI.US,D,20110317,000000,34.6983,34.8182,34.3099,34.4809,977353,0
ACWI.US,D,20110318,000000,34.8926,35.0515,34.7439,34.885,737706,0
ACWI.US,D,20110321,000000,35.3144,35.5532,35.1907,35.4939,475553,0
ACWI.US,D,20110322,000000,35.569,35.5756,35.4037,35.5375,785699,0
ACWI.US,D,20110323,000000,35.4398,35.7195,35.2243,35.569,506019,0
ACWI.US,D,20110324,000000,35.7122,36.03,35.5819,35.9565,651748,0
ACWI.US,D,20110325,000000,35.9418,36.0234,35.7448,35.7687,741221,0
ACWI.US,D,20110328,000000,35.8682,35.9779,35.6508,35.6648,415306,0
ACWI.US,D,20110329,000000,35.6508,35.9565,35.5292,35.9565,122251,0
ACWI.US,D,20110330,000000,36.1822,36.3626,36.1201,36.2568,1357797,0
ACWI.US,D,20110331,000000,36.201,36.3152,36.1238,36.2075,1319251,0
ACWI.US,D,20110401,000000,36.4872,36.6219,36.2939,36.4872,1394228,0
ACWI.US,D,20110404,000000,36.6618,36.6914,36.5178,36.593,1951637,0
ACWI.US,D,20110405,000000,36.4805,36.7297,36.4036,36.6219,468752,0
ACWI.US,D,20110406,000000,36.8635,36.9835,36.6991,36.8106,103145,0
ACWI.US,D,20110407,000000,36.7966,36.8635,36.5402,36.6683,253667,0
ACWI.US,D,20110408,000000,36.9174,37.066,36.6145,36.7297,383362,0
ACWI.US,D,20110411,000000,36.7362,36.8932,36.4872,36.5652,594022,0
ACWI.US,D,20110412,000000,36.4463,36.4463,36.0978,36.2399,190018,0
ACWI.US,D,20110413,000000,36.5336,36.593,36.1822,36.3626,698467,0
ACWI.US,D,20110414,000000,36.2334,36.4128,36.0922,36.4036,686355,0
ACWI.US,D,20110415,000000,36.3152,36.4676,36.2261,36.371,107485,0
ACWI.US,D,20110418,000000,35.9418,35.9639,35.4398,35.8524,223550,0
ACWI.US,D,20110419,000000,36.0765,36.1675,35.9501,36.1498,747056,0
ACWI.US,D,20110420,000000,36.7065,36.8421,36.6991,36.7883,412242,0
ACWI.US,D,20110421,000000,37.1022,37.1022,36.8998,37.0419,120772,0
ACWI.US,D,20110425,000000,37.066,37.066,36.8189,36.9657,253390,0
ACWI.US,D,20110426,000000,37.1022,37.3719,37.0289,37.3357,1051300,0
ACWI.US,D,20110427,000000,37.3633,37.7546,37.2463,37.7164,1391960,0
ACWI.US,D,20110428,000000,37.619,37.8755,37.6023,37.8448,1078082,0
ACWI.US,D,20110429,000000,37.8494,38.0158,37.8021,37.9563,289910,0
ACWI.US,D,20110502,000000,38.1142,38.1811,37.8355,37.9024,281882,0
ACWI.US,D,20110503,000000,37.7546,37.8271,37.422,37.5948,284673,0
ACWI.US,D,20110504,000000,37.6107,37.6107,37.1265,37.2752,558101,0
ACWI.US,D,20110505,000000,36.9592,37.1022,36.6005,36.7509,608849,0
ACWI.US,D,20110506,000000,37.2155,37.3633,36.6914,36.8766,517902,0
ACWI.US,D,20110509,000000,36.9518,37.1934,36.7659,37.1265,412649,0
ACWI.US,D,20110510,000000,37.201,37.4154,37.1534,37.4091,565609,0
ACWI.US,D,20110511,000000,37.2155,37.2603,36.6832,36.871,690168,0
ACWI.US,D,20110512,000000,36.6005,37.0885,36.502,37.0084,208814,0
ACWI.US,D,20110513,000000,36.9835,37.0141,36.2939,36.4201,746496,0
ACWI.US,D,20110516,000000,36.4036,36.6991,36.19,36.2865,468464,0
ACWI.US,D,20110517,000000,36.1348,36.3877,36.0076,36.3785,210458,0
ACWI.US,D,20110518,000000,36.4128,36.7362,36.3384,36.674,305802,0
ACWI.US,D,20110519,000000,36.7659,36.8496,36.5568,36.8337,306377,0
ACWI.US,D,20110520,000000,36.6683,36.6683,36.3003,36.438,174241,0
ACWI.US,D,20110523,000000,35.727,35.8822,35.6359,35.7604,166136,0
ACWI.US,D,20110524,000000,36.0374,36.0765,35.8208,35.8682,217570,0
ACWI.US,D,20110525,000000,35.8208,36.1424,35.7604,36.0076,317827,0
ACWI.US,D,20110526,000000,36.0765,36.3877,35.9501,36.3785,602596,0
ACWI.US,D,20110527,000000,36.4036,36.6832,36.4036,36.5652,479003,0
ACWI.US,D,20110531,000000,37.1423,37.2129,36.817,37.2129,1380849,0
ACWI.US,D,20110601,000000,37.0948,37.0948,36.3218,36.3626,715328,0
ACWI.US,D,20110602,000000,36.5252,36.5336,36.1498,36.4872,1794616,0
ACWI.US,D,20110603,000000,36.0458,36.502,36.0374,36.2865,290107,0
ACWI.US,D,20110606,000000,36.1275,36.2103,35.7948,35.8145,309500,0
ACWI.US,D,20110607,000000,36.1667,36.2483,35.9603,35.9911,254251,0
ACWI.US,D,20110608,000000,35.7706,35.8934,35.5811,35.6508,830867,0
ACWI.US,D,20110609,000000,35.7141,36.1406,35.6732,36.0272,865846,0
ACWI.US,D,20110610,000000,35.741,35.7883,35.2346,35.3449,759599,0
ACWI.US,D,20110613,000000,35.4622,35.5532,35.1722,35.3823,198235,0
ACWI.US,D,20110614,000000,35.688,35.9418,35.688,35.8097,454318,0
ACWI.US,D,20110615,000000,35.306,35.4482,34.8497,35.0142,619339,0
ACWI.US,D,20110616,000000,34.8535,35.1099,34.663,34.9307,310649,0
ACWI.US,D,20110617,000000,35.3449,35.3449,34.9307,35.0152,794678,0
ACWI.US,D,20110620,000000,34.9901,35.1659,34.8108,35.149,823740,0
ACWI.US,D,20110621,000000,35.4019,35.8319,35.3786,35.7465,290319,0
ACWI.US,D,20110622,000000,35.7056,35.8469,35.4761,35.4761,598625,0
ACWI.US,D,20110623,000000,34.8926,35.2624,34.7021,35.2346,270598,0
ACWI.US,D,20110624,000000,35.4092,35.4092,34.8926,34.9445,416616,0
ACWI.US,D,20110627,000000,34.9231,35.3395,34.8535,35.227,260152,0
ACWI.US,D,20110628,000000,35.2874,35.6648,35.2576,35.6648,475328,0
ACWI.US,D,20110629,000000,36.004,36.1573,35.7288,36.1341,752162,0
ACWI.US,D,20110630,000000,36.2939,36.5996,36.2149,36.5625,894065,0
ACWI.US,D,20110701,000000,36.569,37.0827,36.4398,37.0521,635824,0
ACWI.US,D,20110705,000000,37.0158,37.0689,36.8264,36.9406,609692,0
ACWI.US,D,20110706,000000,36.817,36.8998,36.582,36.8327,371701,0
ACWI.US,D,20110707,000000,37.1654,37.2639,37.0521,37.1654,199508,0
ACWI.US,D,20110708,000000,36.7714,36.8848,36.5764,36.8411,540238,0
ACWI.US,D,20110711,000000,36.189,36.2642,35.8319,35.9157,308505,0
ACWI.US,D,20110712,000000,35.7056,36.0829,35.6805,35.6973,745528,0
ACWI.US,D,20110713,000000,35.9973,36.4536,35.9462,36.1266,543785,0
ACWI.US,D,20110714,000000,36.1266,36.3003,35.7288,35.8237,954745,0
ACWI.US,D,20110715,000000,36.1721,36.1721,35.7706,36.0522,384277,0
ACWI.US,D,20110718,000000,35.7801,35.7801,35.3395,35.5756,540808,0
ACWI.US,D,20110719,000000,35.7624,36.1573,35.7624,36.1341,583254,0
ACWI.US,D,20110720,000000,36.3636,36.383,36.1667,36.2483,718551,0
ACWI.US,D,20110721,000000,36.6116,36.9602,36.4685,36.8766,1308591,0
ACWI.US,D,20110722,000000,36.9602,36.9853,36.672,36.9462,950513,0
ACWI.US,D,20110725,000000,36.6656,36.8932,36.6042,36.7278,1437607,0
ACWI.US,D,20110726,000000,36.8848,36.909,36.66,36.7799,392544,0
ACWI.US,D,20110727,000000,36.582,36.5968,35.9071,35.9826,228800,0
ACWI.US,D,20110728,000000,36.004,36.1721,35.7465,35.8237,3338965,0
ACWI.US,D,20110729,000000,35.6211,35.9973,35.4594,35.7288,391164,0
ACWI.US,D,20110801,000000,36.189,36.2177,35.201,35.4092,1690396,0
ACWI.US,D,20110802,000000,35.2188,35.3322,34.544,34.5878,469951,0
ACWI.US,D,20110803,000000,34.6964,34.6964,34.0366,34.6871,1059455,0
ACWI.US,D,20110804,000000,33.9458,33.9614,32.6408,32.7553,1923509,0
ACWI.US,D,20110805,000000,33.2839,33.362,31.8762,32.8696,2627852,0
ACWI.US,D,20110808,000000,31.8995,32.1263,30.3903,30.5966,1411008,0
ACWI.US,D,20110809,000000,31.394,32.2777,30.4228,32.1949,3359184,0
ACWI.US,D,20110810,000000,31.498,31.6216,30.6541,30.6951,1083656,0
ACWI.US,D,20110811,000000,30.9526,32.4236,30.8149,32.0872,1313246,0
ACWI.US,D,20110812,000000,32.4236,32.59,32.0109,32.3612,1429472,0
ACWI.US,D,20110815,000000,32.733,33.125,32.7106,33.125,396226,0
ACWI.US,D,20110816,000000,32.6818,33.0164,32.3612,32.6141,1163838,0
ACWI.US,D,20110817,000000,32.9531,33.141,32.5462,32.8166,1004702,0
ACWI.US,D,20110818,000000,31.7015,31.7629,31.0509,31.3326,897085,0
ACWI.US,D,20110819,000000,30.9831,31.6661,30.7248,30.7323,1088805,0
ACWI.US,D,20110822,000000,31.5752,31.5982,30.8774,30.8995,1301210,0
ACWI.US,D,20110823,000000,31.195,31.9598,31.0137,31.9367,880467,0
ACWI.US,D,20110824,000000,31.7547,32.1585,31.6141,32.0658,1686555,0
ACWI.US,D,20110825,000000,32.1653,32.2711,31.3864,31.498,1303643,0
ACWI.US,D,20110826,000000,31.3241,32.0109,30.9274,31.8762,857325,0
ACWI.US,D,20110829,000000,32.4616,32.8166,32.4143,32.7794,360655,0
ACWI.US,D,20110830,000000,32.5806,32.9606,32.3687,32.7962,1027591,0
ACWI.US,D,20110831,000000,33.2208,33.3965,32.8844,33.0982,748568,0
ACWI.US,D,20110901,000000,33.1121,33.3546,32.8166,32.8696,768856,0
ACWI.US,D,20110902,000000,32.2934,32.3622,31.9728,32.0862,413252,0
ACWI.US,D,20110906,000000,30.8911,31.5444,30.8382,31.5295,652602,0
ACWI.US,D,20110907,000000,31.8912,32.4236,31.8455,32.4236,741127,0
ACWI.US,D,20110908,000000,32.0732,32.4067,31.8604,31.9449,765679,0
ACWI.US,D,20110909,000000,31.5221,31.5221,30.831,30.9907,662763,0
ACWI.US,D,20110912,000000,30.5204,30.9757,30.2713,30.9757,942670,0
ACWI.US,D,20110913,000000,30.9526,31.3084,30.8231,31.2331,602582,0
ACWI.US,D,20110914,000000,31.3781,31.867,30.8474,31.6049,1736241,0
ACWI.US,D,20110915,000000,31.9059,32.1653,31.6874,32.1263,1511817,0
ACWI.US,D,20110916,000000,32.2024,32.3687,31.9449,32.2024,406382,0
ACWI.US,D,20110919,000000,31.3548,31.8224,31.2246,31.6745,342014,0
ACWI.US,D,20110920,000000,31.8307,32.0583,31.5221,31.6049,382470,0
ACWI.US,D,20110921,000000,31.6216,31.6661,30.6867,30.6951,1358080,0
ACWI.US,D,20110922,000000,29.7092,29.7864,29.0716,29.4295,2363363,0
ACWI.US,D,20110923,000000,29.2593,29.7779,29.2018,29.7092,938338,0
ACWI.US,D,20110926,000000,29.8688,30.3439,29.4657,30.3253,577109,0
ACWI.US,D,20110927,000000,31.0751,31.4616,30.7323,30.8995,817314,0
ACWI.US,D,20110928,000000,31.0352,31.1421,30.2499,30.2863,785554,0
ACWI.US,D,20110929,000000,30.8856,31.0751,30.1876,30.7016,370853,0
ACWI.US,D,20110930,000000,30.1357,30.2565,29.6349,29.6431,1287890,0
ACWI.US,D,20111003,000000,29.3467,29.7705,28.7715,28.7929,1372934,0
ACWI.US,D,20111004,000000,28.398,29.3542,28.1036,29.3467,1221497,0
ACWI.US,D,20111005,000000,29.4295,29.9917,29.1256,29.9453,1233903,0
ACWI.US,D,20111006,000000,29.9917,30.6867,29.7779,30.642,1115982,0
ACWI.US,D,20111007,000000,30.854,30.8856,30.2499,30.3764,1472427,0
ACWI.US,D,20111010,000000,31.0871,31.5508,30.9674,31.538,342385,0
ACWI.US,D,20111011,000000,31.2081,31.5982,31.195,31.5064,683074,0
ACWI.US,D,20111012,000000,31.968,32.3612,31.9059,31.9969,574626,0
ACWI.US,D,20111013,000000,31.852,32.0443,31.5752,31.9292,634812,0
ACWI.US,D,20111014,000000,32.3928,32.5462,32.1716,32.5379,790746,0
ACWI.US,D,20111017,000000,32.3176,32.3176,31.7469,31.7916,249956,0
ACWI.US,D,20111018,000000,31.8224,32.6344,31.4849,32.4143,1784466,0
ACWI.US,D,20111019,000000,32.3093,32.4478,31.8224,31.9292,2413526,0
ACWI.US,D,20111020,000000,31.867,31.9969,31.4374,31.8762,303258,0
ACWI.US,D,20111021,000000,32.3836,32.6344,32.3093,32.6141,500360,0
ACWI.US,D,20111024,000000,32.5517,33.2013,32.5517,33.1121,897375,0
ACWI.US,D,20111025,000000,32.9847,33.0238,32.482,32.522,862153,0
ACWI.US,D,20111026,000000,33.0664,33.1121,32.3687,32.9997,540175,0
ACWI.US,D,20111027,000000,34.2484,34.6035,33.7923,34.3472,1522111,0
ACWI.US,D,20111028,000000,34.1565,34.2867,33.9848,34.2338,1877012,0
ACWI.US,D,20111031,000000,33.5162,33.6287,33.0006,33.0006,432534,0
ACWI.US,D,20111101,000000,31.8176,32.3928,31.3688,31.9969,1130332,0
ACWI.US,D,20111102,000000,32.3928,32.6893,32.2553,32.5732,716707,0
ACWI.US,D,20111103,000000,33.0302,33.3387,32.4746,33.2552,273635,0
ACWI.US,D,20111104,000000,32.9013,33.0312,32.5759,32.9253,628458,0
ACWI.US,D,20111107,000000,32.9168,33.1577,32.7106,33.1577,218110,0
ACWI.US,D,20111108,000000,33.1865,33.6195,32.9383,33.5109,449260,0
ACWI.US,D,20111109,000000,32.5732,32.6047,31.8995,32.0036,602464,0
ACWI.US,D,20111110,000000,32.4143,32.5657,32.0109,32.2777,1368681,0
ACWI.US,D,20111111,000000,32.8045,33.0925,32.7553,33.0238,359800,0
ACWI.US,D,20111114,000000,32.666,32.8323,32.4478,32.6281,309822,0
ACWI.US,D,20111115,000000,32.4143,32.8769,32.3325,32.7172,533310,0
ACWI.US,D,20111116,000000,32.3687,32.6745,32.0872,32.1653,288547,0
ACWI.US,D,20111117,000000,32.0956,32.1949,31.394,31.5593,623586,0
ACWI.US,D,20111118,000000,31.8092,31.8092,31.4683,31.6049,1386874,0
ACWI.US,D,20111121,000000,31.1114,31.1114,30.5576,30.8149,1829923,0
ACWI.US,D,20111122,000000,30.747,30.9757,30.5492,30.7553,1954533,0
ACWI.US,D,20111123,000000,30.5204,30.5204,30.0047,30.0372,486370,0
ACWI.US,D,20111125,000000,29.884,30.2946,29.8635,29.8912,312448,0
ACWI.US,D,20111128,000000,31.0808,31.1272,30.8001,31.0054,773626,0
ACWI.US,D,20111129,000000,31.1197,31.302,30.9599,31.1272,605094,0
ACWI.US,D,20111130,000000,32.3008,32.6538,32.1326,32.6177,575228,0
ACWI.US,D,20111201,000000,32.5462,32.7553,32.4067,32.5146,944504,0
ACWI.US,D,20111202,000000,32.8315,32.9253,32.4625,32.4998,530072,0
ACWI.US,D,20111205,000000,33.0238,33.1121,32.6485,32.8166,623473,0
ACWI.US,D,20111206,000000,32.785,32.9158,32.549,32.7534,1579950,0
ACWI.US,D,20111207,000000,32.549,33.0433,32.378,32.9383,896644,0
ACWI.US,D,20111208,000000,32.5852,32.6243,31.9728,32.0501,653075,0
ACWI.US,D,20111209,000000,32.2395,32.7154,32.2172,32.6624,437811,0
ACWI.US,D,20111212,000000,32.0526,32.1263,31.6874,31.9367,1072263,0
ACWI.US,D,20111213,000000,32.1493,32.2934,31.4273,31.5138,591992,0
ACWI.US,D,20111214,000000,31.3455,31.4915,31.0529,31.1754,684801,0
ACWI.US,D,20111215,000000,31.5835,31.5909,31.2582,31.3688,702894,0
ACWI.US,D,20111216,000000,31.5054,31.6271,31.1754,31.3299,1092353,0
ACWI.US,D,20111219,000000,31.2898,31.4442,30.8466,30.9442,1413394,0
ACWI.US,D,20111220,000000,31.5909,32.0165,31.5435,31.9645,1256469,0
ACWI.US,D,20111221,000000,31.8335,31.9784,31.6141,31.9422,1459461,0
ACWI.US,D,20111222,000000,32.0501,32.2711,31.9867,32.2322,1749479,0
ACWI.US,D,20111223,000000,32.1697,32.4775,32.1697,32.456,1494445,0
ACWI.US,D,20111227,000000,32.3694,32.4912,32.3694,32.4003,2033965,0
ACWI.US,D,20111228,000000,32.2934,32.378,31.8957,31.9422,1406647,0
ACWI.US,D,20111229,000000,32.0008,32.3622,31.9645,32.3251,1213439,0
ACWI.US,D,20111230,000000,32.2469,32.4496,32.2469,32.3093,2183950,0
ACWI.US,D,20120103,000000,32.9096,33.1743,32.9096,32.9319,832636,0
ACWI.US,D,20120104,000000,32.9013,32.9606,32.679,32.9253,935954,0
ACWI.US,D,20120105,000000,32.5759,32.8613,32.4318,32.7942,348673,0
ACWI.US,D,20120106,000000,32.7777,32.7777,32.456,32.5406,798456,0
ACWI.US,D,20120109,000000,32.6243,32.6707,32.4625,32.6538,1120902,0
ACWI.US,D,20120110,000000,33.1353,33.1669,32.9449,32.9449,934522,0
ACWI.US,D,20120111,000000,32.9013,33.1055,32.7777,33.0601,563274,0
ACWI.US,D,20120112,000000,33.1055,33.1809,32.8546,33.0768,509263,0
ACWI.US,D,20120113,000000,32.785,32.8464,32.5173,32.8082,498667,0
ACWI.US,D,20120117,000000,33.1596,33.3193,33.0509,33.086,906972,0
ACWI.US,D,20120118,000000,33.152,33.6287,33.1435,33.5955,532562,0
ACWI.US,D,20120119,000000,33.8025,33.9418,33.7106,33.8805,418517,0
ACWI.US,D,20120120,000000,33.8025,33.9726,33.7876,33.9418,386544,0
ACWI.US,D,20120123,000000,33.995,34.2179,33.9253,34.073,502276,0
ACWI.US,D,20120124,000000,33.7106,34.0033,33.703,33.9726,1286523,0
ACWI.US,D,20120125,000000,33.901,34.3861,33.7504,34.2857,817167,0
ACWI.US,D,20120126,000000,34.4679,34.598,34.1101,34.2477,604717,0
ACWI.US,D,20120127,000000,34.0962,34.3397,34.0962,34.2857,661815,0
ACWI.US,D,20120130,000000,33.8573,34.0962,33.7199,34.0106,1300350,0
ACWI.US,D,20120131,000000,34.3173,34.3729,33.9493,34.0804,1473028,0
ACWI.US,D,20120201,000000,34.4484,34.7066,34.4391,34.5163,2442646,0
ACWI.US,D,20120202,000000,34.598,34.7764,34.5163,34.676,1305914,0
ACWI.US,D,20120203,000000,34.9299,35.1703,34.8739,35.1703,1011643,0
ACWI.US,D,20120206,000000,34.9074,35.0226,34.8293,35.0226,822194,0
ACWI.US,D,20120207,000000,34.8675,35.2029,34.8453,35.1537,1358007,0
ACWI.US,D,20120208,000000,35.2215,35.359,35.0747,35.2522,1635449,0
ACWI.US,D,20120209,000000,35.2976,35.3655,35.1045,35.2606,1201442,0
ACWI.US,D,20120210,000000,34.7829,34.8599,34.6676,34.8144,713075,0
ACWI.US,D,20120213,000000,35.1771,35.2289,35.0292,35.1955,555483,0
ACWI.US,D,20120214,000000,35.0375,35.0987,34.7614,35.0292,705985,0
ACWI.US,D,20120215,000000,35.2457,35.2606,34.8981,34.9435,1343905,0
ACWI.US,D,20120216,000000,34.9299,35.4194,34.8981,35.3747,1090460,0
ACWI.US,D,20120217,000000,35.5273,35.5672,35.3655,35.4734,841148,0
ACWI.US,D,20120221,000000,35.6732,35.7288,35.4342,35.5421,924050,0
ACWI.US,D,20120222,000000,35.4734,35.5421,35.3898,35.4659,545321,0
ACWI.US,D,20120223,000000,35.4131,35.6276,35.2904,35.6201,1074167,0
ACWI.US,D,20120224,000000,35.7056,35.8412,35.688,35.7976,971496,0
ACWI.US,D,20120227,000000,35.451,35.742,35.3144,35.6442,947303,0
ACWI.US,D,20120228,000000,35.7214,35.9779,35.6276,35.9779,1389122,0
ACWI.US,D,20120229,000000,36.0494,36.1415,35.6853,35.7614,2307868,0
ACWI.US,D,20120301,000000,35.9091,36.0875,35.8804,36.0317,1057458,0
ACWI.US,D,20120302,000000,35.8571,35.9249,35.7288,35.8116,814833,0
ACWI.US,D,20120305,000000,35.6805,35.7354,35.4818,35.6201,552788,0
ACWI.US,D,20120306,000000,34.9222,34.9669,34.6528,34.6835,739777,0
ACWI.US,D,20120307,000000,34.9299,35.1537,34.8599,35.1109,515994,0
ACWI.US,D,20120308,000000,35.4342,35.7551,35.426,35.6508,451133,0
ACWI.US,D,20120309,000000,35.635,35.7976,35.5969,35.7056,556647,0
ACWI.US,D,20120312,000000,35.6591,35.688,35.491,35.635,870629,0
ACWI.US,D,20120313,000000,35.7716,36.2315,35.7633,36.2149,620525,0
ACWI.US,D,20120314,000000,36.2075,36.2373,35.9565,36.0616,2231189,0
ACWI.US,D,20120315,000000,36.108,36.331,36.0476,36.3078,2198233,0
ACWI.US,D,20120316,000000,36.3793,36.4983,36.3636,36.3793,649543,0
ACWI.US,D,20120319,000000,36.3896,36.6302,36.2696,36.5309,685315,0
ACWI.US,D,20120320,000000,36.1545,36.2856,36.0085,36.2633,515103,0
ACWI.US,D,20120321,000000,36.2373,36.2558,35.9408,36.0951,828936,0
ACWI.US,D,20120322,000000,35.7141,35.8329,35.6052,35.7808,1036402,0
ACWI.US,D,20120323,000000,35.7808,35.9715,35.6201,35.9491,306724,0
ACWI.US,D,20120326,000000,36.2232,36.4406,36.2232,36.423,543281,0
ACWI.US,D,20120327,000000,36.4158,36.5076,36.2856,36.3078,656928,0
ACWI.US,D,20120328,000000,36.3078,36.3078,35.9091,36.1005,1217747,0
ACWI.US,D,20120329,000000,35.7633,35.9715,35.6127,35.9027,2392835,0
ACWI.US,D,20120330,000000,36.1637,36.201,35.9491,36.1637,2634086,0
ACWI.US,D,20120402,000000,36.0698,36.6397,36.0003,36.5383,738465,0
ACWI.US,D,20120403,000000,36.4406,36.5076,36.0161,36.1694,540671,0
ACWI.US,D,20120404,000000,35.742,35.742,35.451,35.5588,610274,0
ACWI.US,D,20120405,000000,35.359,35.6201,35.359,35.5345,408310,0
ACWI.US,D,20120409,000000,35.136,35.3405,35.045,35.2289,912311,0
ACWI.US,D,20120410,000000,35.0905,35.189,34.5329,34.5532,502370,0
ACWI.US,D,20120411,000000,35.058,35.0747,34.8675,34.9148,1192582,0
ACWI.US,D,20120412,000000,35.084,35.5505,35.058,35.5345,697411,0
ACWI.US,D,20120413,000000,35.3655,35.3747,34.9901,34.9901,687855,0
ACWI.US,D,20120416,000000,35.2661,35.2828,34.9222,35.0747,223309,0
ACWI.US,D,20120417,000000,35.3497,35.6732,35.2122,35.5803,924194,0
ACWI.US,D,20120418,000000,35.4194,35.5672,35.3405,35.4659,936444,0
ACWI.US,D,20120419,000000,35.491,35.6276,35.1045,35.2828,414037,0
ACWI.US,D,20120420,000000,35.5206,35.6201,35.4131,35.4131,466451,0
ACWI.US,D,20120423,000000,34.8675,35.0152,34.6993,34.9901,712801,0
ACWI.US,D,20120424,000000,35.1109,35.2828,35.0524,35.1703,1146059,0
ACWI.US,D,20120425,000000,35.4974,35.5969,35.4131,35.5803,756619,0
ACWI.US,D,20120426,000000,35.4574,35.8412,35.4342,35.7472,931082,0
ACWI.US,D,20120427,000000,35.9334,35.9715,35.7214,35.8804,849047,0
ACWI.US,D,20120430,000000,35.8412,35.8412,35.6276,35.7472,486019,0
ACWI.US,D,20120501,000000,35.6591,36.1238,35.6591,35.9249,677371,0
ACWI.US,D,20120502,000000,35.5969,35.7893,35.5206,35.7633,698297,0
ACWI.US,D,20120503,000000,35.7472,35.7633,35.3898,35.4574,1145222,0
ACWI.US,D,20120504,000000,35.2661,35.2734,34.8293,34.8599,717730,0
ACWI.US,D,20120507,000000,34.7208,35.0375,34.7208,34.9762,593496,0
ACWI.US,D,20120508,000000,34.6074,34.676,34.2411,34.5831,431203,0
ACWI.US,D,20120509,000000,34.1036,34.4679,33.9253,34.2477,774624,0
ACWI.US,D,20120510,000000,34.5255,34.5608,34.3033,34.3321,964986,0
ACWI.US,D,20120511,000000,34.1482,34.5078,34.0413,34.203,415983,0
ACWI.US,D,20120514,000000,33.6966,33.8964,33.665,33.703,325713,0
ACWI.US,D,20120515,000000,33.5572,33.6874,33.2887,33.3425,1848021,0
ACWI.US,D,20120516,000000,33.4354,33.5162,33.0433,33.0684,1198123,0
ACWI.US,D,20120517,000000,33.0433,33.0684,32.549,32.549,1664682,0
ACWI.US,D,20120518,000000,32.7394,32.746,32.3251,32.3854,1643317,0
ACWI.US,D,20120521,000000,32.4775,33.0174,32.4496,32.969,1304351,0
ACWI.US,D,20120522,000000,33.1055,33.2449,32.7004,32.8927,763591,0
ACWI.US,D,20120523,000000,32.6307,32.8016,32.2395,32.7617,879942,0
ACWI.US,D,20120524,000000,32.8464,32.8546,32.456,32.6939,698157,0
ACWI.US,D,20120525,000000,32.6373,32.7236,32.4912,32.5545,1183894,0
ACWI.US,D,20120529,000000,33.0174,33.1206,32.8016,33.0174,389699,0
ACWI.US,D,20120530,000000,32.6243,32.6373,32.3472,32.3937,1353384,0
ACWI.US,D,20120531,000000,32.4912,32.5944,32.0862,32.4318,1028057,0
ACWI.US,D,20120601,000000,31.8957,31.9784,31.6141,31.6225,1227467,0
ACWI.US,D,20120604,000000,31.757,31.8548,31.4599,31.7117,1566923,0
ACWI.US,D,20120605,000000,31.7218,31.9636,31.6986,31.9413,902888,0
ACWI.US,D,20120606,000000,32.2284,32.7971,32.22,32.7971,1489513,0
ACWI.US,D,20120607,000000,33.1818,33.2302,32.7888,32.8425,2353572,0
ACWI.US,D,20120608,000000,32.5769,32.8984,32.455,32.8732,454134,0
ACWI.US,D,20120611,000000,33.1269,33.204,32.4402,32.4625,686087,0
ACWI.US,D,20120612,000000,32.6707,32.9449,32.4625,32.9319,554950,0
ACWI.US,D,20120613,000000,32.7534,33.0174,32.6177,32.6875,254086,0
ACWI.US,D,20120614,000000,32.7079,33.0934,32.6373,32.9932,306127,0
ACWI.US,D,20120615,000000,33.1363,33.4068,33.1045,33.376,830208,0
ACWI.US,D,20120618,000000,33.3136,33.4811,33.204,33.404,776442,0
ACWI.US,D,20120619,000000,33.6343,34.0246,33.6195,33.8657,1225947,0
ACWI.US,D,20120620,000000,33.8805,34.1249,33.6808,33.901,1796652,0
ACWI.US,D,20120621,000000,34.0154,34.0154,33.0062,33.0349,927970,0
ACWI.US,D,20120622,000000,33.338,33.338,33.0934,33.2598,611984,0
ACWI.US,D,20120625,000000,32.9217,32.9217,32.5695,32.6558,1273227,0
ACWI.US,D,20120626,000000,32.7803,32.9579,32.5695,32.8425,874359,0
ACWI.US,D,20120627,000000,33.0062,33.1753,32.9217,33.1363,940022,0
ACWI.US,D,20120628,000000,32.8808,33.1045,32.7172,33.0851,1947588,0
ACWI.US,D,20120629,000000,33.9297,34.0851,33.8211,34.0776,702276,0
ACWI.US,D,20120702,000000,34.1863,34.3043,33.9614,34.2801,1854071,0
ACWI.US,D,20120703,000000,34.296,34.6259,34.282,34.6118,551002,0
ACWI.US,D,20120705,000000,34.2644,34.4261,34.1788,34.3043,376197,0
ACWI.US,D,20120706,000000,33.9763,34.0154,33.744,33.9122,297091,0
ACWI.US,D,20120709,000000,33.7654,33.8518,33.6492,33.836,326635,0
ACWI.US,D,20120710,000000,34.0544,34.0618,33.5024,33.6111,794902,0
ACWI.US,D,20120711,000000,33.7282,33.7738,33.4791,33.6492,2671018,0
ACWI.US,D,20120712,000000,33.363,33.5024,33.1045,33.376,1107042,0
ACWI.US,D,20120713,000000,33.4235,33.8983,33.4235,33.8685,1060313,0
ACWI.US,D,20120716,000000,33.8927,33.9047,33.6334,33.8211,772814,0
ACWI.US,D,20120717,000000,33.9297,34.0618,33.5722,34.0003,731671,0
ACWI.US,D,20120718,000000,33.8983,34.3043,33.8601,34.2477,1174288,0
ACWI.US,D,20120719,000000,34.3964,34.5421,34.2867,34.4345,519154,0
ACWI.US,D,20120720,000000,34.1091,34.1129,33.9297,33.9448,1003999,0
ACWI.US,D,20120723,000000,33.2208,33.4791,33.0851,33.4068,1195592,0
ACWI.US,D,20120724,000000,33.4151,33.4317,32.9056,33.1138,154446,0
ACWI.US,D,20120725,000000,33.2598,33.363,33.0155,33.1753,703664,0
ACWI.US,D,20120726,000000,33.7961,33.9911,33.7106,33.9122,251729,0
ACWI.US,D,20120727,000000,34.1788,34.7421,34.1482,34.6045,1123517,0
ACWI.US,D,20120730,000000,34.5033,34.7188,34.4799,34.5878,574221,0
ACWI.US,D,20120731,000000,34.5794,34.69,34.349,34.3574,1673407,0
ACWI.US,D,20120801,000000,34.559,34.6194,34.3183,34.3183,988166,0
ACWI.US,D,20120802,000000,34.0544,34.2801,33.744,33.9911,966716,0
ACWI.US,D,20120803,000000,34.6817,34.9455,34.5878,34.8144,667958,0
ACWI.US,D,20120806,000000,34.9528,35.1582,34.924,35.0096,1188064,0
ACWI.US,D,20120807,000000,35.1936,35.4528,35.189,35.2894,926115,0
ACWI.US,D,20120808,000000,35.1324,35.4063,35.1324,35.2894,415379,0
ACWI.US,D,20120809,000000,35.2586,35.4528,35.2503,35.3747,128591,0
ACWI.US,D,20120810,000000,35.2094,35.4528,35.1026,35.4352,1030317,0
ACWI.US,D,20120813,000000,35.4203,35.4352,35.1796,35.358,810694,0
ACWI.US,D,20120814,000000,35.4751,35.5078,35.2772,35.3747,299626,0
ACWI.US,D,20120815,000000,35.3357,35.414,35.282,35.3284,392720,0
ACWI.US,D,20120816,000000,35.4919,35.7522,35.384,35.7178,408442,0
ACWI.US,D,20120817,000000,35.739,35.7614,35.6304,35.726,203097,0
ACWI.US,D,20120820,000000,35.6471,35.726,35.5002,35.7102,605780,0
ACWI.US,D,20120821,000000,35.9334,36.0317,35.6555,35.7327,359998,0
ACWI.US,D,20120822,000000,35.5292,35.7781,35.4751,35.726,139054,0
ACWI.US,D,20120823,000000,35.6853,35.6853,35.399,35.4444,536138,0
ACWI.US,D,20120824,000000,35.2727,35.6396,35.2642,35.5774,591458,0
ACWI.US,D,20120827,000000,35.5829,35.6693,35.4528,35.4919,297835,0
ACWI.US,D,20120828,000000,35.3405,35.5625,35.3405,35.4919,572874,0
ACWI.US,D,20120829,000000,35.414,35.5225,35.3908,35.4528,1849726,0
ACWI.US,D,20120830,000000,35.2727,35.282,35.0189,35.0701,252611,0
ACWI.US,D,20120831,000000,35.4584,35.4919,35.1081,35.3136,804052,0
ACWI.US,D,20120904,000000,35.3284,35.3395,35.0607,35.2094,603143,0
ACWI.US,D,20120905,000000,35.228,35.2792,35.0793,35.1499,817741,0
ACWI.US,D,20120906,000000,35.3497,35.9511,35.3497,35.9334,535035,0
ACWI.US,D,20120907,000000,36.1822,36.3125,36.1341,36.3125,1129079,0
ACWI.US,D,20120910,000000,36.2661,36.329,36.0254,36.0401,2717931,0
ACWI.US,D,20120911,000000,36.081,36.397,36.081,36.2976,581161,0
ACWI.US,D,20120912,000000,36.4917,36.5225,36.3534,36.4536,912521,0
ACWI.US,D,20120913,000000,36.4398,37.1765,36.3198,37.0893,1053284,0
ACWI.US,D,20120914,000000,37.3077,37.6013,37.2473,37.3459,1306932,0
ACWI.US,D,20120917,000000,37.1765,37.341,37.0893,37.16,667249,0
ACWI.US,D,20120918,000000,37.1162,37.1237,36.9732,37.107,716202,0
ACWI.US,D,20120919,000000,37.1682,37.2389,37.0325,37.1302,222656,0
ACWI.US,D,20120920,000000,36.8049,36.9917,36.6648,36.9583,662984,0
ACWI.US,D,20120921,000000,37.1682,37.2155,36.9388,36.9388,293172,0
ACWI.US,D,20120924,000000,36.6571,36.923,36.6321,36.8356,2943933,0
ACWI.US,D,20120925,000000,36.896,37.0223,36.4835,36.4983,549101,0
ACWI.US,D,20120926,000000,36.3198,36.3775,36.1034,36.2661,457445,0
ACWI.US,D,20120927,000000,36.4398,36.7528,36.3617,36.6648,259670,0
ACWI.US,D,20120928,000000,36.4482,36.4482,36.1739,36.2661,426528,0
ACWI.US,D,20121001,000000,36.5866,36.7714,36.3877,36.4621,714592,0
ACWI.US,D,20121002,000000,36.6871,36.7577,36.4062,36.5558,509031,0
ACWI.US,D,20121003,000000,36.6005,36.6321,36.383,36.5393,800658,0
ACWI.US,D,20121004,000000,36.7269,36.8802,36.6498,36.858,662632,0
ACWI.US,D,20121005,000000,37.1451,37.1824,36.8198,36.9043,1304360,0
ACWI.US,D,20121008,000000,36.6692,36.7577,36.6237,36.7093,1132155,0
ACWI.US,D,20121009,000000,36.6005,36.6405,36.2585,36.2593,1734020,0
ACWI.US,D,20121010,000000,36.3125,36.3617,36.0635,36.1415,814114,0
ACWI.US,D,20121011,000000,36.4694,36.5225,36.2827,36.2827,372701,0
ACWI.US,D,20121012,000000,36.345,36.4312,36.1415,36.2195,963669,0
ACWI.US,D,20121015,000000,36.3775,36.4917,36.2195,36.4621,1470121,0
ACWI.US,D,20121016,000000,36.8049,36.9312,36.7035,36.9043,801235,0
ACWI.US,D,20121017,000000,37.107,37.2223,36.9499,37.1926,763331,0
ACWI.US,D,20121018,000000,37.0987,37.2854,36.9732,37.0893,1423112,0
ACWI.US,D,20121019,000000,36.9732,36.9917,36.4621,36.5225,340274,0
ACWI.US,D,20121022,000000,36.6692,36.7416,36.4138,36.6953,330948,0
ACWI.US,D,20121023,000000,36.212,36.212,35.8804,36.0961,842274,0
ACWI.US,D,20121024,000000,36.383,36.4983,36.0317,36.081,1389714,0
ACWI.US,D,20121025,000000,36.383,36.4779,36.0578,36.2593,393799,0
ACWI.US,D,20121026,000000,36.1173,36.2661,35.9789,36.1341,566673,0
ACWI.US,D,20121031,000000,36.4983,36.4983,35.9639,36.081,1091915,0
ACWI.US,D,20121101,000000,36.2754,36.5773,36.2426,36.5634,1530259,0
ACWI.US,D,20121102,000000,36.6777,36.6777,36.2046,36.2593,1549064,0
ACWI.US,D,20121105,000000,36.1822,36.3413,36.1034,36.2911,209433,0
ACWI.US,D,20121106,000000,36.3617,36.6648,36.3617,36.4045,754353,0
ACWI.US,D,20121107,000000,36.345,36.345,35.7019,35.9249,606277,0
ACWI.US,D,20121108,000000,35.8469,36.0254,35.5225,35.5532,1186894,0
ACWI.US,D,20121109,000000,35.5078,35.7893,35.4063,35.5225,1234196,0
ACWI.US,D,20121112,000000,35.6174,35.6778,35.5078,35.5616,335809,0
ACWI.US,D,20121113,000000,35.2346,35.6778,35.2346,35.384,512904,0
ACWI.US,D,20121114,000000,35.5292,35.5292,34.8609,34.9316,688889,0
ACWI.US,D,20121115,000000,35.1165,35.1369,34.8375,34.9698,381492,0
ACWI.US,D,20121116,000000,35.0003,35.1165,34.7048,35.0952,1326389,0
ACWI.US,D,20121119,000000,35.4528,35.7874,35.4528,35.7781,649603,0
ACWI.US,D,20121120,000000,35.6693,35.8116,35.5327,35.7874,530285,0
ACWI.US,D,20121121,000000,35.8116,35.9027,35.7614,35.9027,1091599,0
ACWI.US,D,20121123,000000,36.2195,36.4621,36.2046,36.4621,356078,0
ACWI.US,D,20121126,000000,36.3049,36.383,36.1581,36.383,753731,0
ACWI.US,D,20121127,000000,36.329,36.4045,36.1341,36.1822,515674,0
ACWI.US,D,20121128,000000,35.9789,36.4398,35.8237,36.4398,839278,0
ACWI.US,D,20121129,000000,36.6005,36.7344,36.4694,36.6692,478251,0
ACWI.US,D,20121130,000000,36.6871,36.7269,36.5727,36.6571,926865,0
ACWI.US,D,20121203,000000,36.8114,36.8514,36.5773,36.6005,1291510,0
ACWI.US,D,20121204,000000,36.6571,36.7714,36.5634,36.6089,1821289,0
ACWI.US,D,20121205,000000,36.7483,36.9388,36.5558,36.7874,1084766,0
ACWI.US,D,20121206,000000,36.8114,36.896,36.7269,36.8886,728846,0
ACWI.US,D,20121207,000000,36.9647,36.9917,36.7874,36.9499,670667,0
ACWI.US,D,20121210,000000,36.9499,37.0521,36.897,37.0299,2554309,0
ACWI.US,D,20121211,000000,37.0521,37.3235,37.0521,37.2231,620194,0
ACWI.US,D,20121212,000000,37.2936,37.5252,37.2621,37.3011,971466,0
ACWI.US,D,20121213,000000,37.2092,37.316,37.0084,37.0893,1902866,0
ACWI.US,D,20121214,000000,37.107,37.184,37.0299,37.0987,1821222,0
ACWI.US,D,20121217,000000,37.0827,37.3856,37.0436,37.3699,4541385,0
ACWI.US,D,20121218,000000,37.4876,37.7897,37.4002,37.7521,1202789,0
ACWI.US,D,20121219,000000,37.892,37.908,37.5878,37.6115,4800516,0
ACWI.US,D,20121220,000000,37.6744,37.9146,37.6499,37.9146,2980537,0
ACWI.US,D,20121221,000000,37.3712,37.6039,37.3522,37.5878,1416692,0
ACWI.US,D,20121224,000000,37.5559,37.6199,37.4313,37.495,211178,0
ACWI.US,D,20121226,000000,37.6115,37.6199,37.3195,37.3918,1012774,0
ACWI.US,D,20121227,000000,37.5814,37.5814,37.1328,37.4397,1383796,0
ACWI.US,D,20121228,000000,37.3082,37.4002,37.1328,37.1552,1288735,0
ACWI.US,D,20121231,000000,37.0859,37.7521,37.007,37.7193,1170355,0
ACWI.US,D,20130102,000000,38.3801,38.4983,38.214,38.4749,2929445,0
ACWI.US,D,20130103,000000,38.3491,38.506,38.2235,38.3088,1997873,0
ACWI.US,D,20130104,000000,38.3172,38.5208,38.2478,38.4749,1784654,0
ACWI.US,D,20130107,000000,38.2768,38.3566,38.1811,38.3172,1908532,0
ACWI.US,D,20130108,000000,38.214,38.2478,37.9924,38.1285,390339,0
ACWI.US,D,20130109,000000,38.2552,38.3415,38.2055,38.2617,519383,0
ACWI.US,D,20130110,000000,38.5781,38.6935,38.3801,38.6702,665366,0
ACWI.US,D,20130111,000000,38.6702,38.6935,38.5208,38.6561,542569,0
ACWI.US,D,20130114,000000,38.685,38.6935,38.5369,38.6644,604110,0
ACWI.US,D,20130115,000000,38.442,38.6561,38.442,38.6316,357937,0
ACWI.US,D,20130116,000000,38.458,38.6222,38.442,38.5857,1072330,0
ACWI.US,D,20130117,000000,38.8137,38.9441,38.7264,38.8503,1936569,0
ACWI.US,D,20130118,000000,38.8662,38.9215,38.6935,38.9057,1175595,0
ACWI.US,D,20130122,000000,38.9057,39.008,38.7339,39.008,1643247,0
ACWI.US,D,20130123,000000,38.9215,38.9845,38.8335,38.9527,845732,0
ACWI.US,D,20130124,000000,38.9527,39.1701,38.9366,39.022,610698,0
ACWI.US,D,20130125,000000,39.1711,39.2651,39.085,39.2651,757783,0
ACWI.US,D,20130128,000000,39.2332,39.2577,39.0127,39.1327,1355817,0
ACWI.US,D,20130129,000000,39.2961,39.4116,39.1638,39.3844,1421730,0
ACWI.US,D,20130130,000000,39.3665,39.4068,39.2258,39.2577,2366700,0
ACWI.US,D,20130131,000000,39.312,39.3204,39.1402,39.1412,1093636,0
ACWI.US,D,20130201,000000,39.4304,39.557,39.3046,39.4923,2501379,0
ACWI.US,D,20130204,000000,39.2501,39.2501,38.9141,38.9366,1631187,0
ACWI.US,D,20130205,000000,39.0765,39.3046,39.0718,39.1966,1344765,0
ACWI.US,D,20130206,000000,39.0127,39.2173,39.0015,39.2173,1050287,0
ACWI.US,D,20130207,000000,39.1966,39.1966,38.7809,39.0652,2484444,0
ACWI.US,D,20130208,000000,39.1873,39.312,39.1711,39.2726,1661179,0
ACWI.US,D,20130211,000000,39.2726,39.2726,39.1412,39.2096,282238,0
ACWI.US,D,20130212,000000,39.2258,39.4566,39.2173,39.3599,1165018,0
ACWI.US,D,20130213,000000,39.4923,39.5655,39.3665,39.4471,372220,0
ACWI.US,D,20130214,000000,39.2096,39.4154,39.2023,39.3665,422527,0
ACWI.US,D,20130215,000000,39.4068,39.4304,39.1796,39.3046,1092010,0
ACWI.US,D,20130219,000000,39.4923,39.6264,39.4388,39.5944,1339232,0
ACWI.US,D,20130220,000000,39.6518,39.6668,39.1711,39.1796,562944,0
ACWI.US,D,20130221,000000,38.9301,38.9301,38.6664,38.8203,865926,0
ACWI.US,D,20130222,000000,39.085,39.2023,38.9301,39.1966,543488,0
ACWI.US,D,20130225,000000,39.4154,39.4688,38.4485,38.4654,1657183,0
ACWI.US,D,20130226,000000,38.6702,38.7893,38.4205,38.6935,754249,0
ACWI.US,D,20130227,000000,38.6561,39.2332,38.6476,39.1564,1895210,0
ACWI.US,D,20130228,000000,39.1327,39.3599,39.0765,39.1027,455761,0
ACWI.US,D,20130301,000000,38.9215,39.1638,38.7649,39.1412,771532,0
ACWI.US,D,20130304,000000,39.0558,39.2258,38.9441,39.2258,621164,0
ACWI.US,D,20130305,000000,39.4632,39.6894,39.4632,39.5871,444032,0
ACWI.US,D,20130306,000000,39.7832,39.7832,39.5806,39.6894,1330693,0
ACWI.US,D,20130307,000000,39.7917,39.8309,39.7288,39.801,454025,0
ACWI.US,D,20130308,000000,39.9249,39.9644,39.7532,39.9343,348960,0
ACWI.US,D,20130311,000000,39.878,40.03,39.8236,40.03,369497,0
ACWI.US,D,20130312,000000,40.0216,40.0216,39.7683,39.8396,1161788,0
ACWI.US,D,20130313,000000,39.8236,39.878,39.6574,39.8171,1001861,0
ACWI.US,D,20130314,000000,39.9494,40.0826,39.8865,40.0357,1264722,0
ACWI.US,D,20130315,000000,40.0517,40.0996,39.9175,40.0216,542733,0
ACWI.US,D,20130318,000000,39.5655,39.878,39.5334,39.6752,985330,0
ACWI.US,D,20130319,000000,39.7758,39.7878,39.2961,39.5401,1163723,0
ACWI.US,D,20130320,000000,39.7917,39.8621,39.7061,39.8171,1100259,0
ACWI.US,D,20130321,000000,39.5334,39.6781,39.3844,39.3844,970250,0
ACWI.US,D,20130322,000000,39.5739,39.7203,39.5334,39.6978,674592,0
ACWI.US,D,20130325,000000,39.8621,39.8621,39.2961,39.4688,998707,0
ACWI.US,D,20130326,000000,39.5944,39.7458,39.5383,39.7288,2723608,0
ACWI.US,D,20130327,000000,39.4632,39.7118,39.3749,39.6818,1153591,0
ACWI.US,D,20130328,000000,39.6978,39.8545,39.6518,39.8171,804573,0
ACWI.US,D,20130401,000000,39.7532,39.7832,39.4471,39.525,631412,0
ACWI.US,D,20130402,000000,39.7683,39.9249,39.7203,39.7917,1053312,0
ACWI.US,D,20130403,000000,39.878,39.9015,39.3749,39.4566,936828,0
ACWI.US,D,20130404,000000,39.525,39.6818,39.4218,39.6106,2146843,0
ACWI.US,D,20130405,000000,39.1084,39.4772,39.0473,39.4632,2854789,0
ACWI.US,D,20130408,000000,39.4632,39.6264,39.3599,39.6264,583325,0
ACWI.US,D,20130409,000000,39.7128,39.9578,39.5655,39.8075,577723,0
ACWI.US,D,20130410,000000,40.0357,40.3642,40.0029,40.3266,489028,0
ACWI.US,D,20130411,000000,40.443,40.6401,40.3716,40.5237,649131,0
ACWI.US,D,20130412,000000,40.3088,40.4046,40.1183,40.3642,494431,0
ACWI.US,D,20130415,000000,40.03,40.0591,39.4218,39.4304,403944,0
ACWI.US,D,20130416,000000,39.8396,40.0338,39.6978,40.0216,499775,0
ACWI.US,D,20130417,000000,39.6978,39.6978,39.1412,39.3204,721462,0
ACWI.US,D,20130418,000000,39.4471,39.4471,39.0558,39.1564,1146394,0
ACWI.US,D,20130419,000000,39.4068,39.5486,39.2812,39.5334,305399,0
ACWI.US,D,20130422,000000,39.5739,39.7532,39.3299,39.6818,1455223,0
ACWI.US,D,20130423,000000,39.878,40.123,39.801,40.0733,1160516,0
ACWI.US,D,20130424,000000,40.1907,40.3716,40.1314,40.2619,285813,0
ACWI.US,D,20130425,000000,40.443,40.671,40.413,40.4834,1581515,0
ACWI.US,D,20130426,000000,40.413,40.4908,40.3088,40.4203,1315569,0
ACWI.US,D,20130429,000000,40.6081,40.8832,40.5434,40.795,536858,0
ACWI.US,D,20130430,000000,40.8033,41.008,40.6935,40.9433,2262008,0
ACWI.US,D,20130501,000000,40.9272,40.9433,40.5679,40.6156,826627,0
ACWI.US,D,20130502,000000,40.671,40.9189,40.6617,40.8588,567512,0
ACWI.US,D,20130503,000000,41.2361,41.4322,41.1947,41.3065,1120176,0
ACWI.US,D,20130506,000000,41.299,41.3977,41.2595,41.3619,898157,0
ACWI.US,D,20130507,000000,41.4763,41.5636,41.3366,41.5186,813308,0
ACWI.US,D,20130508,000000,41.5956,41.8706,41.5956,41.8706,605362,0
ACWI.US,D,20130509,000000,41.8254,41.8254,41.4857,41.5956,587086,0
ACWI.US,D,20130510,000000,41.5712,41.6828,41.4407,41.6753,906942,0
ACWI.US,D,20130513,000000,41.6039,41.6828,41.4941,41.6593,762168,0
ACWI.US,D,20130514,000000,41.666,41.9334,41.6593,41.9193,764730,0
ACWI.US,D,20130515,000000,41.8331,42.0977,41.817,42.0751,569385,0
ACWI.US,D,20130516,000000,41.9719,42.0977,41.7927,41.8405,850662,0
ACWI.US,D,20130517,000000,41.9579,42.1924,41.895,42.1774,775131,0
ACWI.US,D,20130520,000000,42.184,42.3643,42.1445,42.2958,798117,0
ACWI.US,D,20130521,000000,42.2384,42.4965,42.1361,42.3896,1859729,0
ACWI.US,D,20130522,000000,42.427,42.7809,41.8331,41.9719,1480835,0
ACWI.US,D,20130523,000000,41.3449,41.7466,41.1807,41.7148,1067571,0
ACWI.US,D,20130524,000000,41.3065,41.5186,41.2107,41.5186,843691,0
ACWI.US,D,20130528,000000,41.8789,42.0283,41.5712,41.6444,2087285,0
ACWI.US,D,20130529,000000,41.4322,41.5805,41.1403,41.3703,970043,0
ACWI.US,D,20130530,000000,41.3065,41.636,41.3065,41.5112,3939925,0
ACWI.US,D,20130531,000000,41.1891,41.3243,40.7894,40.7894,1889583,0
ACWI.US,D,20130603,000000,40.8505,40.9695,40.6156,40.9357,6442202,0
ACWI.US,D,20130604,000000,41.0221,41.1245,40.6297,40.7865,1317565,0
ACWI.US,D,20130605,000000,40.6007,40.6223,40.123,40.1623,2855802,0
ACWI.US,D,20130606,000000,40.1314,40.4515,39.9644,40.4515,2026615,0
ACWI.US,D,20130607,000000,40.5753,40.8926,40.4203,40.8748,1038375,0
ACWI.US,D,20130610,000000,40.993,40.993,40.716,40.825,646610,0
ACWI.US,D,20130611,000000,40.3332,40.6372,40.2083,40.3642,2035031,0
ACWI.US,D,20130612,000000,40.7414,40.7492,40.1314,40.1691,1756264,0
ACWI.US,D,20130613,000000,40.0996,40.8184,40.0996,40.7492,1104125,0
ACWI.US,D,20130614,000000,40.5922,40.7732,40.3332,40.381,1049621,0
ACWI.US,D,20130617,000000,40.795,41.008,40.6007,40.8127,691499,0
ACWI.US,D,20130618,000000,40.8832,41.1328,40.8672,41.0794,1012515,0
ACWI.US,D,20130619,000000,40.9695,41.1028,40.3501,40.381,1882720,0
ACWI.US,D,20130620,000000,39.8075,39.8075,39.0652,39.1638,2924254,0
ACWI.US,D,20130621,000000,39.4688,39.5083,38.8662,39.2812,3185661,0
ACWI.US,D,20130624,000000,38.6232,38.9215,38.2843,38.6232,4683051,0
ACWI.US,D,20130625,000000,39.0652,39.1796,38.7104,39.085,1660353,0
ACWI.US,D,20130626,000000,39.3514,39.525,39.2426,39.4566,1782413,0
ACWI.US,D,20130627,000000,39.799,39.9578,39.7502,39.8291,2327186,0
ACWI.US,D,20130628,000000,39.7897,39.9494,39.5832,39.726,2733127,0
ACWI.US,D,20130701,000000,39.9644,40.2291,39.9343,39.9812,2412035,0
ACWI.US,D,20130702,000000,39.9099,40.1558,39.6584,39.8378,2412120,0
ACWI.US,D,20130703,000000,39.6387,39.9165,39.5119,39.8163,772356,0
ACWI.US,D,20130705,000000,40.1399,40.1399,39.7175,40.0601,570814,0
ACWI.US,D,20130708,000000,40.243,40.379,40.1726,40.2507,841676,0
ACWI.US,D,20130709,000000,40.5687,40.5763,40.3145,40.5434,728426,0
ACWI.US,D,20130710,000000,40.5368,40.7827,40.4824,40.5847,946724,0
ACWI.US,D,20130711,000000,41.3168,41.498,41.1319,41.481,1124624,0
ACWI.US,D,20130712,000000,41.3168,41.4192,41.2539,41.3479,1028952,0
ACWI.US,D,20130715,000000,41.4669,41.5692,41.4192,41.5318,2078174,0
ACWI.US,D,20130716,000000,41.498,41.5318,41.3009,41.436,1544485,0
ACWI.US,D,20130717,000000,41.6425,41.6874,41.4904,41.5863,1234029,0
ACWI.US,D,20130718,000000,41.5767,41.834,41.5767,41.7466,1589135,0
ACWI.US,D,20130719,000000,41.6575,41.8001,41.5767,41.7682,783701,0
ACWI.US,D,20130722,000000,41.8555,41.9588,41.7599,41.9213,1373843,0
ACWI.US,D,20130723,000000,42.0948,42.0948,41.9127,41.9672,1935753,0
ACWI.US,D,20130724,000000,42.079,42.0863,41.6959,41.8001,2498213,0
ACWI.US,D,20130725,000000,41.6959,41.9446,41.5767,41.9127,1514049,0
ACWI.US,D,20130726,000000,41.6735,41.8405,41.481,41.8405,1478393,0
ACWI.US,D,20130729,000000,41.6172,41.6874,41.5147,41.6172,717773,0
ACWI.US,D,20130730,000000,41.6819,41.7765,41.4407,41.5392,644307,0
ACWI.US,D,20130731,000000,41.5863,41.8479,41.4595,41.5477,1314538,0
ACWI.US,D,20130801,000000,41.8959,42.17,41.8959,42.1239,2515567,0
ACWI.US,D,20130802,000000,42.1239,42.2525,41.9896,42.2525,782667,0
ACWI.US,D,20130805,000000,42.1813,42.1981,42.0432,42.1896,2104215,0
ACWI.US,D,20130806,000000,42.1578,42.1981,41.864,41.9446,2617883,0
ACWI.US,D,20130807,000000,41.8254,41.8479,41.6874,41.7682,1136872,0
ACWI.US,D,20130808,000000,42.0236,42.1492,41.818,42.109,1667325,0
ACWI.US,D,20130809,000000,41.9813,42.1813,41.9363,42.0948,918408,0
ACWI.US,D,20130812,000000,41.9446,42.0948,41.8555,42.0618,1512045,0
ACWI.US,D,20130813,000000,42.229,42.2939,41.9363,42.276,1804009,0
ACWI.US,D,20130814,000000,42.276,42.3248,42.1334,42.1661,1638640,0
ACWI.US,D,20130815,000000,41.7765,41.8086,41.4538,41.7139,1553711,0
ACWI.US,D,20130816,000000,41.7297,41.8086,41.5767,41.6575,856379,0
ACWI.US,D,20130819,000000,41.6106,41.6342,41.3083,41.3168,1813841,0
ACWI.US,D,20130820,000000,41.2756,41.5073,41.1947,41.3645,1031673,0
ACWI.US,D,20130821,000000,41.1328,41.3168,40.8456,40.9666,918963,0
ACWI.US,D,20130822,000000,41.2033,41.3891,41.1235,41.3308,1237065,0
ACWI.US,D,20130823,000000,41.5477,41.6508,41.3891,41.5927,889382,0
ACWI.US,D,20130826,000000,41.5767,41.6575,41.3562,41.3957,1002305,0
ACWI.US,D,20130827,000000,40.9666,41.0944,40.6637,40.703,917478,0
ACWI.US,D,20130828,000000,40.672,40.9095,40.5594,40.7442,932225,0
ACWI.US,D,20130829,000000,40.8072,40.9986,40.6871,40.8147,987582,0
ACWI.US,D,20130830,000000,40.8372,40.8456,40.5265,40.5922,832722,0
ACWI.US,D,20130903,000000,41.2605,41.2915,40.8456,40.9986,1635792,0
ACWI.US,D,20130904,000000,41.0456,41.3957,40.949,41.3562,1678798,0
ACWI.US,D,20130905,000000,41.3308,41.4745,41.2915,41.436,957830,0
ACWI.US,D,20130906,000000,41.5927,41.7531,41.2333,41.5692,1137721,0
ACWI.US,D,20130909,000000,41.7599,42.108,41.7599,42.0863,1653758,0
ACWI.US,D,20130910,000000,42.427,42.4835,42.3023,42.4768,1056823,0
ACWI.US,D,20130911,000000,42.3306,42.6345,42.3306,42.6252,711157,0
ACWI.US,D,20130912,000000,42.4355,42.5961,42.3896,42.4121,997478,0
ACWI.US,D,20130913,000000,42.4355,42.5791,42.3633,42.5567,674779,0
ACWI.US,D,20130916,000000,43.0549,43.1423,42.8251,42.8579,1865102,0
ACWI.US,D,20130917,000000,42.9113,42.9836,42.8664,42.9611,1391138,0
ACWI.US,D,20130918,000000,43.0634,43.9053,42.8738,43.8349,1515459,0
ACWI.US,D,20130919,000000,43.8265,43.8902,43.651,43.7167,1737726,0
ACWI.US,D,20130920,000000,43.6988,43.7466,43.421,43.4351,6169989,0
ACWI.US,D,20130923,000000,43.3188,43.4662,43.1591,43.3337,1946509,0
ACWI.US,D,20130924,000000,43.2559,43.4529,43.1423,43.2475,1026262,0
ACWI.US,D,20130925,000000,43.2239,43.3413,43.1029,43.1751,1330841,0
ACWI.US,D,20130926,000000,43.1986,43.4351,43.1835,43.3263,856979,0
ACWI.US,D,20130927,000000,43.1658,43.2239,43.0634,43.1423,724941,0
ACWI.US,D,20130930,000000,42.8503,42.9686,42.6591,42.8419,1130724,0
ACWI.US,D,20131001,000000,42.8419,43.2239,42.8419,43.1911,1458969,0
ACWI.US,D,20131002,000000,42.993,43.1835,42.8419,43.1751,1083656,0
ACWI.US,D,20131003,000000,43.1516,43.1591,42.7153,42.8738,1273701,0
ACWI.US,D,20131004,000000,42.8738,43.1423,42.81,43.1029,713121,0
ACWI.US,D,20131007,000000,42.5472,42.9459,42.5472,42.7397,1080130,0
ACWI.US,D,20131008,000000,42.7687,42.81,42.2939,42.3097,1234873,0
ACWI.US,D,20131009,000000,42.4683,42.5228,42.1334,42.3812,1091224,0
ACWI.US,D,20131010,000000,42.8166,43.2934,42.7538,43.2475,904332,0
ACWI.US,D,20131011,000000,43.1291,43.5177,43.1291,43.5092,1088562,0
ACWI.US,D,20131014,000000,43.3188,43.6904,43.2391,43.6426,1681604,0
ACWI.US,D,20131015,000000,43.4595,43.651,43.3506,43.4116,6268583,0
ACWI.US,D,20131016,000000,43.6426,43.8744,43.5881,43.8491,2485985,0
ACWI.US,D,20131017,000000,43.8424,44.2807,43.8424,44.2714,1659713,0
ACWI.US,D,20131018,000000,44.4525,44.5576,44.3023,44.5182,1003354,0
ACWI.US,D,20131021,000000,44.5491,44.5978,44.4711,44.5491,3613739,0
ACWI.US,D,20131022,000000,44.7228,45.0165,44.7012,44.8822,869818,0
ACWI.US,D,20131023,000000,44.6278,44.6278,44.399,44.5416,814890,0
ACWI.US,D,20131024,000000,44.7228,44.7491,44.5745,44.7087,632950,0
ACWI.US,D,20131025,000000,44.7321,44.7566,44.5905,44.7566,1597632,0
ACWI.US,D,20131028,000000,44.7566,44.8579,44.6692,44.7895,528232,0
ACWI.US,D,20131029,000000,44.8034,44.9536,44.8034,44.9453,926579,0
ACWI.US,D,20131030,000000,45.0503,45.0503,44.583,44.7809,615328,0
ACWI.US,D,20131031,000000,44.7415,44.8353,44.5258,44.5332,904663,0
ACWI.US,D,20131101,000000,44.5332,44.6121,44.3183,44.5258,2317457,0
ACWI.US,D,20131104,000000,44.5905,44.7415,44.5416,44.7321,966355,0
ACWI.US,D,20131105,000000,44.4299,44.5416,44.2562,44.4468,1492321,0
ACWI.US,D,20131106,000000,44.6543,44.8129,44.6121,44.6871,719791,0
ACWI.US,D,20131107,000000,44.7162,44.7228,43.9841,44.0104,2255034,0
ACWI.US,D,20131108,000000,43.939,44.4468,43.939,44.4468,994673,0
ACWI.US,D,20131111,000000,44.4525,44.5097,44.3811,44.4618,740791,0
ACWI.US,D,20131112,000000,44.4065,44.4618,44.216,44.3352,704312,0
ACWI.US,D,20131113,000000,44.1052,44.6054,44.0255,44.6054,738167,0
ACWI.US,D,20131114,000000,44.583,44.8579,44.5661,44.8299,907956,0
ACWI.US,D,20131115,000000,44.9706,45.1612,44.9706,45.1525,658752,0
ACWI.US,D,20131118,000000,45.2877,45.3752,45.0259,45.1048,985862,0
ACWI.US,D,20131119,000000,45.1142,45.1499,44.8984,44.9857,1393235,0
ACWI.US,D,20131120,000000,45.0963,45.1368,44.6185,44.7087,964212,0
ACWI.US,D,20131121,000000,44.8496,45.0259,44.796,45.0006,1148598,0
ACWI.US,D,20131122,000000,44.9302,45.2173,44.9302,45.2005,2122840,0
ACWI.US,D,20131125,000000,45.2173,45.2493,45.0165,45.0673,1038218,0
ACWI.US,D,20131126,000000,45.0963,45.1368,44.9622,45.0165,1815529,0
ACWI.US,D,20131127,000000,45.1216,45.2249,45.088,45.1452,802987,0
ACWI.US,D,20131129,000000,45.2493,45.4398,45.2173,45.2249,1310097,0
ACWI.US,D,20131202,000000,45.2577,45.2577,44.9453,44.9622,1729317,0
ACWI.US,D,20131203,000000,44.8353,44.8899,44.6054,44.7415,1242642,0
ACWI.US,D,20131204,000000,44.5097,44.7321,44.2873,44.6121,1291700,0
ACWI.US,D,20131205,000000,44.4863,44.6121,44.3737,44.4065,1117005,0
ACWI.US,D,20131206,000000,44.8899,44.9857,44.7321,44.9302,585501,0
ACWI.US,D,20131209,000000,44.9387,45.0718,44.9387,45.0006,1380488,0
ACWI.US,D,20131210,000000,44.8353,45.0006,44.8353,44.9151,4333107,0
ACWI.US,D,20131211,000000,44.9151,44.9151,44.3596,44.399,922806,0
ACWI.US,D,20131212,000000,44.1908,44.3136,43.9936,44.0894,11816100,0
ACWI.US,D,20131213,000000,44.1052,44.1775,43.969,44.0723,7957912,0
ACWI.US,D,20131216,000000,44.3023,44.5023,44.2957,44.4243,6060955,0
ACWI.US,D,20131217,000000,44.4065,44.4065,44.1701,44.2479,1457334,0
ACWI.US,D,20131218,000000,44.4243,44.9828,44.031,44.9668,1559177,0
ACWI.US,D,20131219,000000,44.8373,44.9349,44.6721,44.9106,1733931,0
ACWI.US,D,20131220,000000,44.9583,45.1911,44.9349,45.1113,1797370,0
ACWI.US,D,20131223,000000,45.4324,45.4651,45.3132,45.408,726601,0
ACWI.US,D,20131224,000000,45.4586,45.5601,45.408,45.5524,504794,0
ACWI.US,D,20131226,000000,45.6172,45.7682,45.5637,45.7365,386174,0
ACWI.US,D,20131227,000000,45.9204,45.9355,45.8239,45.881,831702,0
ACWI.US,D,20131230,000000,45.9355,46.002,45.8884,45.97,813726,0
ACWI.US,D,20131231,000000,46.0819,46.2104,46.033,46.1615,1993812,0
ACWI.US,D,20140102,000000,45.8153,45.8153,45.3929,45.5036,1910336,0
ACWI.US,D,20140103,000000,45.5214,45.6239,45.408,45.4794,1039452,0
ACWI.US,D,20140106,000000,45.5449,45.5601,45.3197,45.3347,1748161,0
ACWI.US,D,20140107,000000,45.4794,45.6239,45.4794,45.576,3103000,0
ACWI.US,D,20140108,000000,45.4941,45.6397,45.4493,45.5601,637103,0
ACWI.US,D,20140109,000000,45.6717,45.6717,45.2869,45.5214,990602,0
ACWI.US,D,20140110,000000,45.663,45.8239,45.5854,45.8153,1429859,0
ACWI.US,D,20140113,000000,45.7768,45.7844,45.2869,45.3752,1189695,0
ACWI.US,D,20140114,000000,45.4941,45.8002,45.3845,45.7768,1469679,0
ACWI.US,D,20140115,000000,45.7918,46.0105,45.7682,45.97,836694,0
ACWI.US,D,20140116,000000,45.9448,45.9448,45.7682,45.9288,1530117,0
ACWI.US,D,20140117,000000,45.9288,45.9288,45.697,45.7682,1132155,0
ACWI.US,D,20140121,000000,46.0264,46.033,45.6885,45.8884,2564881,0
ACWI.US,D,20140122,000000,45.9204,46.002,45.8239,45.9523,1742667,0
ACWI.US,D,20140123,000000,45.7918,45.7918,45.3347,45.5449,2554398,0
ACWI.US,D,20140124,000000,45.1113,45.1517,44.4468,44.4628,2060719,0
ACWI.US,D,20140127,000000,44.5595,44.5595,43.9898,44.2311,1630077,0
ACWI.US,D,20140128,000000,44.3596,44.5924,44.3173,44.5595,1230393,0
ACWI.US,D,20140129,000000,44.1588,44.3662,43.9898,44.0865,3019741,0
ACWI.US,D,20140130,000000,44.3737,44.5425,44.2311,44.4468,1303663,0
ACWI.US,D,20140131,000000,43.8611,44.2864,43.7176,44.0217,1575903,0
ACWI.US,D,20140203,000000,44.0395,44.0395,43.0419,43.085,2025730,0
ACWI.US,D,20140204,000000,43.4351,43.5393,43.2381,43.4933,2008026,0
ACWI.US,D,20140205,000000,43.3253,43.5393,43.1722,43.4595,1518147,0
ACWI.US,D,20140206,000000,43.6143,44.1822,43.5891,44.1822,1680222,0
ACWI.US,D,20140207,000000,44.4468,44.7396,44.2705,44.6956,1787015,0
ACWI.US,D,20140210,000000,44.6486,44.6486,44.5031,44.6392,821536,0
ACWI.US,D,20140211,000000,44.7189,45.3442,44.7189,45.2483,1484490,0
ACWI.US,D,20140212,000000,45.3535,45.4877,45.2155,45.3197,992009,0
ACWI.US,D,20140213,000000,45.0316,45.5384,44.9349,45.5121,658233,0
ACWI.US,D,20140214,000000,45.408,45.7844,45.408,45.697,4691284,0
ACWI.US,D,20140218,000000,45.8651,45.9523,45.728,45.8744,631268,0
ACWI.US,D,20140219,000000,45.8239,45.9852,45.5524,45.5928,1810110,0
ACWI.US,D,20140220,000000,45.4877,45.8651,45.4586,45.8002,1479702,0
ACWI.US,D,20140221,000000,45.8323,46.033,45.8239,45.8323,1407938,0
ACWI.US,D,20140224,000000,46.033,46.4019,45.97,46.1521,1941504,0
ACWI.US,D,20140225,000000,46.1446,46.2695,45.97,46.017,1603835,0
ACWI.US,D,20140226,000000,46.0828,46.1569,45.8556,45.9607,1312307,0
ACWI.US,D,20140227,000000,45.8406,46.2414,45.8406,46.2179,1467940,0
ACWI.US,D,20140228,000000,46.2179,46.5333,46.0819,46.3116,1788597,0
ACWI.US,D,20140303,000000,45.6801,45.881,45.4718,45.6801,1836042,0
ACWI.US,D,20140304,000000,46.2808,46.4966,46.2808,46.4413,748909,0
ACWI.US,D,20140305,000000,46.3849,46.5136,46.3605,46.4019,3813124,0
ACWI.US,D,20140306,000000,46.6327,46.8262,46.6327,46.704,1076069,0
ACWI.US,D,20140307,000000,46.8504,46.8504,46.3756,46.5455,927825,0
ACWI.US,D,20140310,000000,46.3042,46.4159,46.1306,46.3849,1199353,0
ACWI.US,D,20140311,000000,46.4891,46.5295,46.0405,46.1306,805673,0
ACWI.US,D,20140312,000000,45.8744,46.0723,45.728,46.0638,644142,0
ACWI.US,D,20140313,000000,46.1306,46.2255,45.3048,45.4144,1057787,0
ACWI.US,D,20140314,000000,45.2241,45.5601,45.2241,45.269,4647055,0
ACWI.US,D,20140317,000000,45.5524,45.8556,45.5121,45.7768,845297,0
ACWI.US,D,20140318,000000,45.8002,46.1343,45.8002,46.0819,906999,0
ACWI.US,D,20140319,000000,46.1306,46.1306,45.3929,45.6483,830816,0
ACWI.US,D,20140320,000000,45.4586,45.7918,45.3347,45.7524,957028,0
ACWI.US,D,20140321,000000,45.8968,46.1062,45.6003,45.6483,904686,0
ACWI.US,D,20140324,000000,45.7599,45.8884,45.4004,45.5928,2290814,0
ACWI.US,D,20140325,000000,45.9523,46.017,45.7036,45.9448,1583452,0
ACWI.US,D,20140326,000000,46.1859,46.2583,45.7918,45.7918,953906,0
ACWI.US,D,20140327,000000,45.8651,46.0105,45.7119,45.9204,3685540,0
ACWI.US,D,20140328,000000,46.1306,46.398,46.1306,46.2414,1674151,0
ACWI.US,D,20140331,000000,46.5586,46.6572,46.4808,46.5764,1532233,0
ACWI.US,D,20140401,000000,46.704,46.9226,46.704,46.9152,1761095,0
ACWI.US,D,20140402,000000,46.9792,47.0662,46.8814,47.0251,1719617,0
ACWI.US,D,20140403,000000,47.0035,47.0928,46.7622,46.9303,833000,0
ACWI.US,D,20140404,000000,47.0578,47.2015,46.5136,46.5848,1493326,0
ACWI.US,D,20140407,000000,46.4948,46.5979,46.1446,46.2583,1176321,0
ACWI.US,D,20140408,000000,46.2488,46.5219,46.1382,46.4159,860951,0
ACWI.US,D,20140409,000000,46.6327,46.9714,46.4891,46.9454,1885496,0
ACWI.US,D,20140410,000000,46.81,46.9002,46.0105,46.0482,1571399,0
ACWI.US,D,20140411,000000,45.881,46.0819,45.663,45.697,2384109,0
ACWI.US,D,20140414,000000,46.0555,46.0819,45.697,46.0105,953755,0
ACWI.US,D,20140415,000000,45.9607,46.1062,45.4324,46.002,963719,0
ACWI.US,D,20140416,000000,46.2339,46.5586,46.2339,46.5586,2002919,0
ACWI.US,D,20140417,000000,46.5681,46.8016,46.4891,46.6993,365109,0
ACWI.US,D,20140421,000000,46.704,46.8186,46.6477,46.81,248771,0
ACWI.US,D,20140422,000000,46.9226,47.0578,46.8504,46.9856,3323811,0
ACWI.US,D,20140423,000000,46.9792,46.9792,46.7942,46.8504,522922,0
ACWI.US,D,20140424,000000,46.9226,46.9792,46.6393,46.8814,1524685,0
ACWI.US,D,20140425,000000,46.6748,46.7539,46.4413,46.537,825942,0
ACWI.US,D,20140428,000000,46.6186,46.8186,46.2874,46.6748,1040474,0
ACWI.US,D,20140429,000000,46.963,47.0456,46.8336,46.9792,750335,0
ACWI.US,D,20140430,000000,46.963,47.1555,46.841,47.1283,900887,0
ACWI.US,D,20140501,000000,47.1048,47.2343,47.0251,47.1048,3757126,0
ACWI.US,D,20140502,000000,47.1555,47.2728,47.0035,47.0834,1734417,0
ACWI.US,D,20140505,000000,46.8814,47.0928,46.7133,47.0834,3753783,0
ACWI.US,D,20140506,000000,47.0035,47.0962,46.858,46.8665,626258,0
ACWI.US,D,20140507,000000,46.9714,47.0578,46.6843,47.0485,957140,0
ACWI.US,D,20140508,000000,47.1199,47.3243,46.9368,47.0166,968386,0
ACWI.US,D,20140509,000000,46.9792,47.0739,46.8186,47.0662,566487,0
ACWI.US,D,20140512,000000,47.179,47.4756,47.179,47.4594,511086,0
ACWI.US,D,20140513,000000,47.5572,47.5853,47.4915,47.5234,3744319,0
ACWI.US,D,20140514,000000,47.5853,47.5853,47.3526,47.4107,824991,0
ACWI.US,D,20140515,000000,47.4363,47.4363,46.8814,47.1124,3428196,0
ACWI.US,D,20140516,000000,47.2522,47.2992,47.0166,47.2992,361490,0
ACWI.US,D,20140519,000000,47.2015,47.3712,47.1048,47.3526,280601,0
ACWI.US,D,20140520,000000,47.3243,47.3442,46.9002,46.994,1804490,0
ACWI.US,D,20140521,000000,47.194,47.3957,47.1283,47.3798,518037,0
ACWI.US,D,20140522,000000,47.4446,47.5657,47.3712,47.5056,1436618,0
ACWI.US,D,20140523,000000,47.4446,47.6746,47.4446,47.6585,404649,0
ACWI.US,D,20140527,000000,47.7862,47.8989,47.7383,47.8989,1188445,0
ACWI.US,D,20140528,000000,47.8848,47.8848,47.7233,47.8116,459007,0
ACWI.US,D,20140529,000000,48.0021,48.0838,47.8566,48.0754,932906,0
ACWI.US,D,20140530,000000,48.0661,48.0921,47.9655,48.0754,1476628,0
ACWI.US,D,20140602,000000,48.1081,48.1795,47.9937,48.155,2286784,0
ACWI.US,D,20140603,000000,48.0754,48.2676,47.9787,48.2676,996656,0
ACWI.US,D,20140604,000000,47.9401,48.1964,47.9401,48.1729,417916,0
ACWI.US,D,20140605,000000,48.3306,48.5323,48.1157,48.4844,649436,0
ACWI.US,D,20140606,000000,48.5812,48.7501,48.5812,48.7426,429265,0
ACWI.US,D,20140609,000000,48.7163,48.8374,48.6356,48.7736,301721,0
ACWI.US,D,20140610,000000,48.7342,48.8035,48.6046,48.8035,370479,0
ACWI.US,D,20140611,000000,48.6609,48.6609,48.4761,48.5474,1436181,0
ACWI.US,D,20140612,000000,48.5163,48.6356,48.2762,48.3719,1809683,0
ACWI.US,D,20140613,000000,48.324,48.5079,48.324,48.4844,796021,0
ACWI.US,D,20140616,000000,48.308,48.5474,48.308,48.4667,306574,0
ACWI.US,D,20140617,000000,48.2845,48.5323,48.2845,48.4996,524460,0
ACWI.US,D,20140618,000000,48.4929,48.9256,48.4619,48.9004,773025,0
ACWI.US,D,20140619,000000,49.0927,49.0927,48.9004,49.0147,1217493,0
ACWI.US,D,20140620,000000,48.9811,49.0531,48.9537,49.0288,1536776,0
ACWI.US,D,20140623,000000,49.0608,49.0786,48.8374,48.9885,820942,0
ACWI.US,D,20140624,000000,48.8711,49.0531,48.6215,48.6534,1250076,0
ACWI.US,D,20140625,000000,48.6008,48.8374,48.5285,48.7717,482459,0
ACWI.US,D,20140626,000000,48.7491,48.828,48.4947,48.8196,628004,0
ACWI.US,D,20140627,000000,48.6666,48.917,48.6666,48.917,818204,0
ACWI.US,D,20140630,000000,48.8936,48.9998,48.828,48.9519,1617669,0
ACWI.US,D,20140701,000000,49.088,49.4286,49.088,49.3246,3696942,0
ACWI.US,D,20140702,000000,49.4211,49.4211,49.2981,49.4211,2319178,0
ACWI.US,D,20140703,000000,49.3883,49.6811,49.3883,49.6652,1309309,0
ACWI.US,D,20140707,000000,49.5037,49.5037,49.3555,49.4362,1799750,0
ACWI.US,D,20140708,000000,49.2588,49.3066,48.9265,49.0316,1432746,0
ACWI.US,D,20140709,000000,49.1217,49.2588,49.04,49.2353,1158102,0
ACWI.US,D,20140710,000000,48.7491,48.982,48.4873,48.9004,794430,0
ACWI.US,D,20140711,000000,48.917,48.9668,48.7566,48.9265,598355,0
ACWI.US,D,20140714,000000,49.3394,49.3555,49.2091,49.2165,635720,0
ACWI.US,D,20140715,000000,49.2663,49.332,48.9265,49.1134,756326,0
ACWI.US,D,20140716,000000,49.4146,49.4211,49.2663,49.3724,694105,0
ACWI.US,D,20140717,000000,49.1677,49.3152,48.6974,48.7491,481392,0
ACWI.US,D,20140718,000000,49.0316,49.2955,48.9265,49.2353,728095,0
ACWI.US,D,20140721,000000,49.072,49.1594,48.9004,49.1134,706487,0
ACWI.US,D,20140722,000000,49.3555,49.4362,49.2981,49.3462,2721399,0
ACWI.US,D,20140723,000000,49.4061,49.4991,49.3789,49.4597,534187,0
ACWI.US,D,20140724,000000,49.4859,49.5759,49.452,49.4859,1938270,0
ACWI.US,D,20140725,000000,49.4211,49.4211,49.1762,49.2739,1052056,0
ACWI.US,D,20140728,000000,49.3555,49.3883,49.0871,49.3462,685099,0
ACWI.US,D,20140729,000000,49.4061,49.452,49.1302,49.1302,546200,0
ACWI.US,D,20140730,000000,49.332,49.332,48.9472,49.1528,848366,0
ACWI.US,D,20140731,000000,48.7868,48.7868,48.2264,48.2424,1379155,0
ACWI.US,D,20140801,000000,48.0415,48.34,47.8687,48.0415,873627,0
ACWI.US,D,20140804,000000,48.1437,48.4742,47.9674,48.3813,1107036,0
ACWI.US,D,20140805,000000,48.187,48.2029,47.666,47.8134,716614,0
ACWI.US,D,20140806,000000,47.6522,47.9092,47.5403,47.7712,744857,0
ACWI.US,D,20140807,000000,47.851,47.9252,47.3273,47.456,2182736,0
ACWI.US,D,20140808,000000,47.456,47.9428,47.3095,47.9175,2367851,0
ACWI.US,D,20140811,000000,48.1212,48.2592,47.9345,48.0893,1512880,0
ACWI.US,D,20140812,000000,48.0621,48.1437,47.9428,48.0715,1816405,0
ACWI.US,D,20140813,000000,48.2509,48.4216,48.2264,48.3484,338779,0
ACWI.US,D,20140814,000000,48.4291,48.5764,48.4291,48.5764,325209,0
ACWI.US,D,20140815,000000,48.6974,48.8242,48.2113,48.5858,1016928,0
ACWI.US,D,20140818,000000,48.8543,48.9359,48.767,48.9359,486083,0
ACWI.US,D,20140819,000000,49.0251,49.1528,48.982,49.1302,6247906,0
ACWI.US,D,20140820,000000,48.9904,49.1846,48.9754,49.1442,2051471,0
ACWI.US,D,20140821,000000,49.2091,49.3246,49.1677,49.2739,1248918,0
ACWI.US,D,20140822,000000,49.1762,49.2512,48.982,49.1049,916038,0
ACWI.US,D,20140825,000000,49.332,49.469,49.2739,49.4061,697969,0
ACWI.US,D,20140826,000000,49.4146,49.5714,49.4146,49.4597,852819,0
ACWI.US,D,20140827,000000,49.4944,49.5572,49.4437,49.5423,907568,0
ACWI.US,D,20140828,000000,49.2588,49.4061,49.2258,49.3968,1353199,0
ACWI.US,D,20140829,000000,49.4211,49.4859,49.2663,49.4859,3157790,0
ACWI.US,D,20140902,000000,49.5423,49.5423,49.2897,49.452,1102395,0
ACWI.US,D,20140903,000000,49.7946,49.8117,49.5759,49.6239,1732177,0
ACWI.US,D,20140904,000000,49.6886,49.8117,49.3555,49.4597,2514872,0
ACWI.US,D,20140905,000000,49.4597,49.6736,49.2897,49.6736,738965,0
ACWI.US,D,20140908,000000,49.5196,49.5196,49.2091,49.3246,683882,0
ACWI.US,D,20140909,000000,49.2419,49.2419,48.9519,49.0635,650544,0
ACWI.US,D,20140910,000000,49.0955,49.2419,48.917,49.2165,1014133,0
ACWI.US,D,20140911,000000,49.0487,49.088,48.9077,49.0635,3039336,0
ACWI.US,D,20140912,000000,48.982,48.9904,48.7136,48.8196,1046700,0
ACWI.US,D,20140915,000000,48.8374,48.8459,48.689,48.7783,525414,0
ACWI.US,D,20140916,000000,48.6666,49.1762,48.6178,49.088,1295939,0
ACWI.US,D,20140917,000000,49.088,49.2024,48.828,48.9443,916513,0
ACWI.US,D,20140918,000000,49.1049,49.2739,49.1049,49.2512,565011,0
ACWI.US,D,20140919,000000,49.3246,49.3789,49.04,49.1049,540794,0
ACWI.US,D,20140922,000000,48.9668,49.0092,48.6178,48.7051,611880,0
ACWI.US,D,20140923,000000,48.5117,48.6318,48.3813,48.3963,1534241,0
ACWI.US,D,20140924,000000,48.4789,48.7491,48.2845,48.6974,798124,0
ACWI.US,D,20140925,000000,48.5117,48.5117,47.9092,47.9092,1005905,0
ACWI.US,D,20140926,000000,47.9814,48.3653,47.9598,48.2424,677818,0
ACWI.US,D,20140929,000000,47.7383,48.034,47.6737,47.9674,928387,0
ACWI.US,D,20140930,000000,47.8782,48.0715,47.7148,47.8453,1455584,0
ACWI.US,D,20141001,000000,47.7309,47.7309,47.1124,47.2193,1634939,0
ACWI.US,D,20141002,000000,47.0569,47.1724,46.5681,47.0317,1903402,0
ACWI.US,D,20141003,000000,47.1199,47.3994,47.073,47.3019,1294933,0
ACWI.US,D,20141006,000000,47.546,47.683,47.3404,47.546,2726170,0
ACWI.US,D,20141007,000000,47.3189,47.3478,46.8223,46.8223,2802014,0
ACWI.US,D,20141008,000000,46.9039,47.6585,46.6121,47.5919,2117442,0
ACWI.US,D,20141009,000000,47.4156,47.4314,46.4798,46.5219,4337932,0
ACWI.US,D,20141010,000000,46.414,46.5586,45.8134,45.8134,1734809,0
ACWI.US,D,20141013,000000,46.0414,46.2611,45.4735,45.4961,1610698,0
ACWI.US,D,20141014,000000,45.6933,46.0114,45.4333,45.5618,2135287,0
ACWI.US,D,20141015,000000,45.0747,45.359,44.3118,45.237,7530804,0
ACWI.US,D,20141016,000000,44.4488,45.4812,44.3277,45.1066,2920918,0
ACWI.US,D,20141017,000000,45.668,45.9523,45.4961,45.742,1667845,0
ACWI.US,D,20141020,000000,45.6848,46.0996,45.6435,46.0658,1734279,0
ACWI.US,D,20141021,000000,46.2536,46.8055,46.2376,46.7491,875149,0
ACWI.US,D,20141022,000000,46.7491,46.8965,46.3727,46.3906,1825594,0
ACWI.US,D,20141023,000000,46.8702,47.1283,46.7322,46.9114,1861862,0
ACWI.US,D,20141024,000000,46.8871,47.1949,46.8364,47.1799,1143690,0
ACWI.US,D,20141027,000000,46.8786,47.1048,46.7491,47.0485,1837512,0
ACWI.US,D,20141028,000000,47.3835,47.6522,47.2972,47.6444,1171278,0
ACWI.US,D,20141029,000000,47.7909,47.8687,47.2316,47.4314,4139161,0
ACWI.US,D,20141030,000000,47.285,47.9092,47.2662,47.7872,1266424,0
ACWI.US,D,20141031,000000,48.3007,48.4695,48.1786,48.4216,1827131,0
ACWI.US,D,20141103,000000,48.2676,48.3316,48.1212,48.2199,1610529,0
ACWI.US,D,20141104,000000,47.9814,48.0798,47.7383,47.989,1646603,0
ACWI.US,D,20141105,000000,48.2029,48.2199,47.9674,48.187,801582,0
ACWI.US,D,20141106,000000,48.1625,48.2113,47.9252,48.1373,732464,0
ACWI.US,D,20141107,000000,48.1373,48.2509,47.9973,48.2509,916211,0
ACWI.US,D,20141110,000000,48.3568,48.4216,48.2424,48.3568,417070,0
ACWI.US,D,20141111,000000,48.4132,48.5192,48.3316,48.5192,1750796,0
ACWI.US,D,20141112,000000,48.1625,48.4056,48.1598,48.3653,3793052,0
ACWI.US,D,20141113,000000,48.4695,48.5896,48.2424,48.4367,1282953,0
ACWI.US,D,20141114,000000,48.3484,48.5024,48.294,48.5024,1364574,0
ACWI.US,D,20141117,000000,48.324,48.4629,48.2424,48.4291,451978,0
ACWI.US,D,20141118,000000,48.6008,48.8769,48.567,48.7868,981045,0
ACWI.US,D,20141119,000000,48.7406,48.7952,48.4873,48.7051,891764,0
ACWI.US,D,20141120,000000,48.4629,48.7051,48.3316,48.6732,711842,0
ACWI.US,D,20141121,000000,49.2512,49.2512,48.9265,49.0955,824161,0
ACWI.US,D,20141124,000000,49.2512,49.2512,49.1134,49.2165,1192836,0
ACWI.US,D,20141125,000000,49.3246,49.3462,49.1423,49.194,2180789,0
ACWI.US,D,20141126,000000,49.2813,49.4061,49.2419,49.3883,886869,0
ACWI.US,D,20141128,000000,49.0796,49.194,48.9998,49.088,954319,0
ACWI.US,D,20141201,000000,48.8769,48.9585,48.6506,48.7783,1715101,0
ACWI.US,D,20141202,000000,48.8374,49.0157,48.7717,48.9904,3111067,0
ACWI.US,D,20141203,000000,48.9998,49.1442,48.9369,49.1217,1118069,0
ACWI.US,D,20141204,000000,49.0635,49.1442,48.8374,49.0092,2861485,0
ACWI.US,D,20141205,000000,49.1378,49.1528,48.9668,49.0561,1772814,0
ACWI.US,D,20141208,000000,48.917,48.917,48.4947,48.6008,1561998,0
ACWI.US,D,20141209,000000,48.2029,48.4873,48.048,48.446,5797362,0
ACWI.US,D,20141210,000000,48.2592,48.3568,47.6444,47.7148,1923307,0
ACWI.US,D,20141211,000000,47.7233,48.1786,47.6737,47.7467,1634153,0
ACWI.US,D,20141212,000000,47.5205,47.6522,46.9424,46.9424,2481125,0
ACWI.US,D,20141215,000000,47.1555,47.2446,46.277,46.431,3600988,0
ACWI.US,D,20141216,000000,46.309,47.1124,46.1972,46.2929,10315255,0
ACWI.US,D,20141217,000000,46.3812,47.226,46.3812,47.0795,5855624,0
ACWI.US,D,20141218,000000,47.726,48.1202,47.5563,48.1053,3643461,0
ACWI.US,D,20141219,000000,48.2667,48.4516,48.0172,48.2338,2671790,0
ACWI.US,D,20141222,000000,48.4225,48.5304,48.3316,48.5211,3135688,0
ACWI.US,D,20141223,000000,48.4883,48.6205,48.4094,48.5042,3079240,0
ACWI.US,D,20141224,000000,48.6526,48.7013,48.5304,48.5953,1129238,0
ACWI.US,D,20141226,000000,48.7268,48.8675,48.6272,48.7903,887123,0
ACWI.US,D,20141229,000000,48.6761,48.799,48.5783,48.6845,1551474,0
ACWI.US,D,20141230,000000,48.5606,48.5606,48.3568,48.3653,2164372,0
ACWI.US,D,20141231,000000,48.4966,48.5445,47.7815,47.9307,7018132,0
ACWI.US,D,20150102,000000,48.0602,48.2415,47.6472,47.8173,1738138,0
ACWI.US,D,20150105,000000,47.4314,47.5478,46.7838,46.874,2652751,0
ACWI.US,D,20150106,000000,46.8655,47.0533,46.2112,46.3897,6372843,0
ACWI.US,D,20150107,000000,46.767,47.0617,46.6515,46.9978,3292789,0
ACWI.US,D,20150108,000000,47.4156,47.8173,47.3704,47.7336,2351771,0
ACWI.US,D,20150109,000000,47.7413,47.8481,47.2654,47.4408,3844797,0
ACWI.US,D,20150112,000000,47.5478,47.5478,46.9885,47.1714,3785749,0
ACWI.US,D,20150113,000000,47.5215,47.8237,46.8401,47.2015,8784905,0
ACWI.US,D,20150114,000000,46.8252,47.0363,46.5229,46.9811,3992217,0
ACWI.US,D,20150115,000000,47.2428,47.407,46.8401,46.874,3427809,0
ACWI.US,D,20150116,000000,46.8824,47.4604,46.7932,47.422,3149430,0
ACWI.US,D,20150120,000000,47.6022,47.6925,47.226,47.53,4797838,0
ACWI.US,D,20150121,000000,47.6022,47.9477,47.4268,47.8642,3813430,0
ACWI.US,D,20150122,000000,48.0031,48.4966,47.7413,48.43,2743410,0
ACWI.US,D,20150123,000000,48.2592,48.43,48.1428,48.1428,3553165,0
ACWI.US,D,20150126,000000,48.2338,48.5258,48.096,48.4704,2477265,0
ACWI.US,D,20150127,000000,48.1935,48.3568,47.913,48.1354,2227301,0
ACWI.US,D,20150128,000000,48.3007,48.34,47.4737,47.4812,4610169,0
ACWI.US,D,20150129,000000,47.6286,47.9983,47.3658,47.9477,3439100,0
ACWI.US,D,20150130,000000,47.4568,47.8173,47.226,47.301,5639259,0
ACWI.US,D,20150202,000000,47.4737,47.9655,47.2175,47.913,3189339,0
ACWI.US,D,20150203,000000,48.1354,48.6683,48.1354,48.6599,3681408,0
ACWI.US,D,20150204,000000,48.5137,48.688,48.3163,48.3728,1530908,0
ACWI.US,D,20150205,000000,48.6121,48.9136,48.5606,48.8964,1799906,0
ACWI.US,D,20150206,000000,48.752,48.8675,48.3653,48.4883,917240,0
ACWI.US,D,20150209,000000,48.308,48.4883,48.2254,48.3163,2241107,0
ACWI.US,D,20150210,000000,48.569,48.7594,48.3316,48.7268,550087,0
ACWI.US,D,20150211,000000,48.5521,48.7087,48.3728,48.6028,1073996,0
ACWI.US,D,20150212,000000,48.8881,49.2345,48.8881,49.2082,722941,0
ACWI.US,D,20150213,000000,49.3152,49.5282,49.3152,49.5206,768080,0
ACWI.US,D,20150217,000000,49.3724,49.6435,49.3197,49.5601,1600904,0
ACWI.US,D,20150218,000000,49.5788,49.7178,49.4615,49.6605,788746,0
ACWI.US,D,20150219,000000,49.6109,49.7684,49.4962,49.6519,1130220,0
ACWI.US,D,20150220,000000,49.5872,50.0274,49.3892,49.987,1182800,0
ACWI.US,D,20150223,000000,49.7488,49.8811,49.7252,49.8539,1220954,0
ACWI.US,D,20150224,000000,49.8397,50.1607,49.7684,50.0848,1277232,0
ACWI.US,D,20150225,000000,50.003,50.2087,49.9955,50.11,1366716,0
ACWI.US,D,20150226,000000,50.0274,50.11,49.8894,50.0274,610688,0
ACWI.US,D,20150227,000000,50.0369,50.1485,49.9073,49.9073,1633305,0
ACWI.US,D,20150302,000000,49.8811,50.11,49.8811,50.1016,1686130,0
ACWI.US,D,20150303,000000,50.0717,50.0717,49.6849,49.8397,2411841,0
ACWI.US,D,20150304,000000,49.6605,49.6605,49.3246,49.6109,1507079,0
ACWI.US,D,20150305,000000,49.6519,49.7732,49.545,49.6605,3102769,0
ACWI.US,D,20150306,000000,49.3639,49.4296,48.9136,48.9876,1828193,0
ACWI.US,D,20150309,000000,48.9726,49.1368,48.9546,49.0531,1806104,0
ACWI.US,D,20150310,000000,48.5877,48.5877,48.1513,48.1607,1463997,0
ACWI.US,D,20150311,000000,48.201,48.3316,48.096,48.1851,1212817,0
ACWI.US,D,20150312,000000,48.5137,48.7594,48.5042,48.752,764645,0
ACWI.US,D,20150313,000000,48.5953,48.5953,48.1513,48.4376,889625,0
ACWI.US,D,20150316,000000,48.7268,49.0467,48.5953,49.0222,820057,0
ACWI.US,D,20150317,000000,48.873,49.0374,48.7172,48.9726,1330107,0
ACWI.US,D,20150318,000000,48.9136,49.9214,48.8327,49.7646,973841,0
ACWI.US,D,20150319,000000,49.4154,49.545,49.2588,49.3394,1466314,0
ACWI.US,D,20150320,000000,49.8397,50.217,49.7646,50.0772,3041863,0
ACWI.US,D,20150323,000000,50.1936,50.2847,50.11,50.126,1032791,0
ACWI.US,D,20150324,000000,50.1447,50.2669,49.9787,49.9787,714363,0
ACWI.US,D,20150325,000000,50.1607,50.1607,49.4296,49.454,1531123,0
ACWI.US,D,20150326,000000,49.225,49.3639,48.9322,49.2082,1294834,0
ACWI.US,D,20150327,000000,49.1931,49.3152,49.1114,49.2588,946014,0
ACWI.US,D,20150330,000000,49.5695,49.7646,49.3564,49.6849,689585,0
ACWI.US,D,20150331,000000,49.1667,49.4615,49.151,49.1753,1676584,0
ACWI.US,D,20150401,000000,49.2897,49.471,48.9876,49.3246,5160295,0
ACWI.US,D,20150402,000000,49.4071,49.6999,49.347,49.6193,810050,0
ACWI.US,D,20150406,000000,49.6193,50.249,49.6193,50.0274,573028,0
ACWI.US,D,20150407,000000,50.1533,50.3073,49.9458,49.9458,1504826,0
ACWI.US,D,20150408,000000,50.2669,50.4131,50.0772,50.2669,5473723,0
ACWI.US,D,20150409,000000,50.2669,50.5098,50.1673,50.4647,1245584,0
ACWI.US,D,20150410,000000,50.4386,50.6854,50.4311,50.6854,622579,0
ACWI.US,D,20150413,000000,50.6188,50.7237,50.3821,50.4131,805775,0
ACWI.US,D,20150414,000000,50.4471,50.6253,50.3727,50.6009,3608179,0
ACWI.US,D,20150415,000000,50.7003,50.9802,50.6929,50.876,2409345,0
ACWI.US,D,20150416,000000,50.8131,51.0927,50.7398,50.9538,589712,0
ACWI.US,D,20150417,000000,50.4715,50.6009,50.11,50.324,1257365,0
ACWI.US,D,20150420,000000,50.4554,50.7003,50.4056,50.5935,927518,0
ACWI.US,D,20150421,000000,50.9302,50.9802,50.708,50.7398,2700011,0
ACWI.US,D,20150422,000000,50.8131,50.9856,50.6009,50.9631,623276,0
ACWI.US,D,20150423,000000,50.7305,51.2805,50.7237,51.1509,1215501,0
ACWI.US,D,20150424,000000,51.288,51.3957,51.1509,51.3321,1079018,0
ACWI.US,D,20150427,000000,51.5677,51.6014,51.2673,51.3151,490887,0
ACWI.US,D,20150428,000000,51.2963,51.4297,51.029,51.4128,748743,0
ACWI.US,D,20150429,000000,51.0758,51.2495,50.9218,51.1181,969327,0
ACWI.US,D,20150430,000000,50.798,50.9124,50.4554,50.585,936983,0
ACWI.US,D,20150501,000000,50.7576,51.0532,50.7003,51.0457,2155656,0
ACWI.US,D,20150504,000000,51.1426,51.2335,51.0532,51.1593,768676,0
ACWI.US,D,20150505,000000,50.9538,51.0532,50.4715,50.5098,2813143,0
ACWI.US,D,20150506,000000,50.7398,50.8064,50.1533,50.3727,2179067,0
ACWI.US,D,20150507,000000,50.2752,50.4471,50.1176,50.3821,1239373,0
ACWI.US,D,20150508,000000,51.0457,51.2805,50.9715,51.182,469892,0
ACWI.US,D,20150511,000000,51.0195,51.135,50.8478,50.8797,812735,0
ACWI.US,D,20150512,000000,50.7003,50.8918,50.5286,50.7754,716201,0
ACWI.US,D,20150513,000000,51.1181,51.1987,50.8573,50.905,1622024,0
ACWI.US,D,20150514,000000,51.2578,51.4616,51.1987,51.4466,2376688,0
ACWI.US,D,20150515,000000,51.3957,51.5609,51.3057,51.5441,726218,0
ACWI.US,D,20150518,000000,51.3957,51.5526,51.3236,51.5038,434652,0
ACWI.US,D,20150519,000000,51.4297,51.5358,51.3556,51.4128,952588,0
ACWI.US,D,20150520,000000,51.3723,51.6202,51.3151,51.4045,551792,0
ACWI.US,D,20150521,000000,51.4297,51.684,51.3649,51.6107,2134664,0
ACWI.US,D,20150522,000000,51.5038,51.5526,51.4045,51.4045,334296,0
ACWI.US,D,20150526,000000,51.1509,51.2495,50.5935,50.708,762726,0
ACWI.US,D,20150527,000000,50.7896,51.135,50.6582,51.0758,1289950,0
ACWI.US,D,20150528,000000,50.8966,51.0195,50.6929,50.9866,1867195,0
ACWI.US,D,20150529,000000,50.8966,50.8966,50.4882,50.585,1827828,0
ACWI.US,D,20150601,000000,50.7491,50.7671,50.3908,50.5541,905897,0
ACWI.US,D,20150602,000000,50.4808,50.8573,50.4311,50.6328,665132,0
ACWI.US,D,20150603,000000,50.8131,51.0026,50.708,50.8131,1496461,0
ACWI.US,D,20150604,000000,50.5286,50.7671,50.217,50.324,831530,0
ACWI.US,D,20150605,000000,49.9787,50.217,49.8162,50.02,983846,0
ACWI.US,D,20150608,000000,50.003,50.003,49.7488,49.824,1281896,0
ACWI.US,D,20150609,000000,49.7413,49.824,49.5282,49.6999,671901,0
ACWI.US,D,20150610,000000,50.0932,50.5465,50.0717,50.4386,1758615,0
ACWI.US,D,20150611,000000,50.6102,50.6769,50.4226,50.585,598894,0
ACWI.US,D,20150612,000000,50.2265,50.3391,50.0772,50.232,972985,0
ACWI.US,D,20150615,000000,49.7084,49.9955,49.6774,49.9712,1374411,0
ACWI.US,D,20150616,000000,49.8079,50.1176,49.7732,50.0932,629536,0
ACWI.US,D,20150617,000000,50.126,50.2669,49.7646,50.126,798699,0
ACWI.US,D,20150618,000000,50.1936,50.8478,50.1842,50.6253,1443247,0
ACWI.US,D,20150619,000000,50.4056,50.5935,50.324,50.324,1040478,0
ACWI.US,D,20150622,000000,50.871,51.1181,50.8637,50.9302,1269692,0
ACWI.US,D,20150623,000000,51.0195,51.1264,50.9631,51.0457,3137551,0
ACWI.US,D,20150624,000000,50.871,50.9942,50.6769,50.6854,692148,0
ACWI.US,D,20150625,000000,50.8646,50.8891,50.5335,50.5335,1506370,0
ACWI.US,D,20150626,000000,50.598,50.6657,50.3334,50.4845,1284509,0
ACWI.US,D,20150629,000000,49.745,49.944,49.164,49.1969,2780490,0
ACWI.US,D,20150630,000000,49.761,49.7684,49.0993,49.2793,2084172,0
ACWI.US,D,20150701,000000,49.6953,49.7863,49.3892,49.5807,2468894,0
ACWI.US,D,20150702,000000,49.6125,49.7534,49.4972,49.6125,902100,0
ACWI.US,D,20150706,000000,48.8084,49.331,48.7829,49.0251,1826278,0
ACWI.US,D,20150707,000000,48.8167,49.1339,48.1879,49.0739,2482527,0
ACWI.US,D,20150708,000000,48.5503,48.567,48.0124,48.0781,1840874,0
ACWI.US,D,20150709,000000,48.9828,48.9828,48.4676,48.477,1372451,0
ACWI.US,D,20150710,000000,49.3798,49.5892,49.2222,49.5057,1817468,0
ACWI.US,D,20150713,000000,49.822,49.9269,49.7374,49.8866,1174129,0
ACWI.US,D,20150714,000000,49.8866,50.2423,49.8782,50.1945,1603142,0
ACWI.US,D,20150715,000000,50.019,50.203,49.9195,50.0621,1322663,0
ACWI.US,D,20150716,000000,50.3859,50.4602,50.3597,50.4264,1267138,0
ACWI.US,D,20150717,000000,50.5249,50.5249,50.2865,50.3934,881833,0
ACWI.US,D,20150720,000000,50.4423,50.5428,50.295,50.4011,649010,0
ACWI.US,D,20150721,000000,50.3269,50.4264,50.1852,50.2772,1062425,0
ACWI.US,D,20150722,000000,49.944,50.0762,49.9046,50.0022,2308693,0
ACWI.US,D,20150723,000000,50.0707,50.1767,49.6717,49.7534,749139,0
ACWI.US,D,20150724,000000,49.7206,49.7206,49.1246,49.2222,1046980,0
ACWI.US,D,20150727,000000,49.0993,49.0993,48.6845,48.767,3751111,0
ACWI.US,D,20150728,000000,49.164,49.3892,48.8346,49.3462,6714724,0
ACWI.US,D,20150729,000000,49.331,49.7291,49.3142,49.6539,710896,0
ACWI.US,D,20150730,000000,49.4221,49.6286,49.2878,49.6211,573012,0
ACWI.US,D,20150731,000000,49.8436,49.9357,49.6125,49.6869,1199342,0
ACWI.US,D,20150803,000000,49.6717,49.6869,49.3237,49.5291,2706201,0
ACWI.US,D,20150804,000000,49.5621,49.6792,49.3892,49.4813,1321425,0
ACWI.US,D,20150805,000000,49.7684,49.9195,49.6286,49.6869,593880,0
ACWI.US,D,20150806,000000,49.6869,49.7026,49.1902,49.3555,1671191,0
ACWI.US,D,20150807,000000,49.2052,49.2964,49.0739,49.2719,1659440,0
ACWI.US,D,20150810,000000,49.4972,49.9357,49.331,49.9195,642256,0
ACWI.US,D,20150811,000000,49.2569,49.4071,49.0467,49.2569,1237375,0
ACWI.US,D,20150812,000000,48.752,49.1339,48.4188,49.0823,980996,0
ACWI.US,D,20150813,000000,49.1077,49.2052,48.9161,49.0325,684113,0
ACWI.US,D,20150814,000000,48.9828,49.1819,48.9161,49.1471,612339,0
ACWI.US,D,20150817,000000,48.8694,49.1969,48.752,49.164,3743871,0
ACWI.US,D,20150818,000000,48.9256,49.0664,48.8694,48.935,616440,0
ACWI.US,D,20150819,000000,48.6675,48.8084,48.2207,48.477,843109,0
ACWI.US,D,20150820,000000,48.0612,48.1053,47.408,47.408,1436385,0
ACWI.US,D,20150821,000000,47.042,47.2333,46.0555,46.0555,3186546,0
ACWI.US,D,20150824,000000,43.2642,45.5591,41.7541,44.3145,6094863,0
ACWI.US,D,20150825,000000,46.0001,46.1072,44.2336,44.2336,8358361,0
ACWI.US,D,20150826,000000,45.4022,45.742,44.4657,45.7326,8258840,0
ACWI.US,D,20150827,000000,46.2564,46.7867,46.0001,46.7115,4638857,0
ACWI.US,D,20150828,000000,46.4629,46.7529,46.4374,46.6704,4002631,0
ACWI.US,D,20150831,000000,46.2959,46.5774,46.1334,46.3042,2692791,0
ACWI.US,D,20150901,000000,45.1019,45.4529,44.6298,44.7895,3834828,0
ACWI.US,D,20150902,000000,45.4915,45.576,45.01,45.576,5634086,0
ACWI.US,D,20150903,000000,45.742,46.1408,45.543,45.667,1544476,0
ACWI.US,D,20150904,000000,44.9536,45.085,44.5905,44.8053,2282031,0
ACWI.US,D,20150908,000000,45.7242,46.0086,45.576,45.9907,3753281,0
ACWI.US,D,20150909,000000,46.4704,46.6205,45.4848,45.543,3370510,0
ACWI.US,D,20150910,000000,45.6097,46.1072,45.4764,45.8499,4380938,0
ACWI.US,D,20150911,000000,45.6577,45.941,45.4848,45.941,1463169,0
ACWI.US,D,20150914,000000,45.7505,45.7834,45.543,45.7178,1831342,0
ACWI.US,D,20150915,000000,45.7178,46.2564,45.6744,46.1719,1606600,0
ACWI.US,D,20150916,000000,46.4217,46.844,46.3624,46.8195,3402721,0
ACWI.US,D,20150917,000000,46.6797,47.4004,46.6008,46.7529,2056480,0
ACWI.US,D,20150918,000000,46.0246,46.3221,45.7505,45.7992,4775534,0
ACWI.US,D,20150921,000000,46.0472,46.1812,45.6838,45.9326,946133,0
ACWI.US,D,20150922,000000,45.1452,45.2531,44.8147,45.1197,2810527,0
ACWI.US,D,20150923,000000,45.0541,45.2014,44.7809,44.9123,1478573,0
ACWI.US,D,20150924,000000,44.4731,44.8618,44.216,44.7556,1866940,0
ACWI.US,D,20150925,000000,45.2352,45.3187,44.6656,44.8712,3409356,0
ACWI.US,D,20150928,000000,44.6205,44.6205,43.7523,43.8104,1615480,0
ACWI.US,D,20150929,000000,43.8104,44.0753,43.5685,43.7928,2476735,0
ACWI.US,D,20150930,000000,44.4159,44.7556,44.2001,44.7145,7475079,0
ACWI.US,D,20151001,000000,44.9209,45.8668,44.3662,44.8147,2352844,0
ACWI.US,D,20151002,000000,44.4252,45.5938,44.3323,45.5854,2197709,0
ACWI.US,D,20151005,000000,46.0321,46.4911,45.9664,46.4536,3788379,0
ACWI.US,D,20151006,000000,46.4037,46.5867,46.2564,46.4123,4543918,0
ACWI.US,D,20151007,000000,46.8195,47.0598,46.5267,46.9274,1750027,0
ACWI.US,D,20151008,000000,46.8119,47.3845,46.7201,47.3404,2082502,0
ACWI.US,D,20151009,000000,47.4333,47.5601,47.2654,47.424,1161464,0
ACWI.US,D,20151012,000000,47.4333,47.4511,47.2841,47.3751,798164,0
ACWI.US,D,20151013,000000,47.012,47.3347,46.8692,46.8956,2533914,0
ACWI.US,D,20151014,000000,47.0166,47.1236,46.7952,46.9424,9029811,0
ACWI.US,D,20151015,000000,47.1846,47.7148,47.1415,47.7148,1861017,0
ACWI.US,D,20151016,000000,47.7225,47.8144,47.5601,47.7965,2253202,0
ACWI.US,D,20151019,000000,47.5882,47.6811,47.4662,47.6575,1255046,0
ACWI.US,D,20151020,000000,47.5506,47.7467,47.4915,47.5769,1504184,0
ACWI.US,D,20151021,000000,47.7561,47.7637,47.2935,47.3179,1577286,0
ACWI.US,D,20151022,000000,47.5815,48.0969,47.5815,48.0031,5902378,0
ACWI.US,D,20151023,000000,48.5277,48.5934,48.2357,48.5108,1740266,0
ACWI.US,D,20151026,000000,48.5014,48.5014,48.2874,48.3203,1223107,0
ACWI.US,D,20151027,000000,48.0031,48.1625,47.912,48.0547,1340121,0
ACWI.US,D,20151028,000000,48.1795,48.5503,47.9205,48.4854,2336438,0
ACWI.US,D,20151029,000000,48.1531,48.3859,48.1212,48.3277,1910117,0
ACWI.US,D,20151030,000000,48.4103,48.4676,48.1279,48.1373,1885145,0
ACWI.US,D,20151102,000000,48.3617,48.7013,48.2537,48.6845,1906573,0
ACWI.US,D,20151103,000000,48.5426,48.9511,48.477,48.8346,1574980,0
ACWI.US,D,20151104,000000,48.9511,48.9585,48.4939,48.6516,1903593,0
ACWI.US,D,20151105,000000,48.7172,48.767,48.3775,48.5503,2450557,0
ACWI.US,D,20151106,000000,48.278,48.4103,48.0311,48.3943,1529759,0
ACWI.US,D,20151109,000000,48.1795,48.1879,47.6502,47.8715,3552650,0
ACWI.US,D,20151110,000000,47.7467,47.912,47.6155,47.912,1101628,0
ACWI.US,D,20151111,000000,48.1531,48.1531,47.8303,47.8303,2175390,0
ACWI.US,D,20151112,000000,47.5769,47.698,47.2333,47.2513,1513232,0
ACWI.US,D,20151113,000000,47.0166,47.1085,46.7286,46.7529,1292833,0
ACWI.US,D,20151116,000000,46.7622,47.4004,46.6937,47.392,2729584,0
ACWI.US,D,20151117,000000,47.6155,47.7467,47.3263,47.408,1453401,0
ACWI.US,D,20151118,000000,47.5965,48.0395,47.515,47.9645,8104428,0
ACWI.US,D,20151119,000000,48.0875,48.2039,48.0472,48.0875,3919879,0
ACWI.US,D,20151120,000000,48.3436,48.4188,48.1373,48.1955,5034294,0
ACWI.US,D,20151123,000000,48.0969,48.2705,47.9205,48.0031,1759323,0
ACWI.US,D,20151124,000000,47.698,48.171,47.6502,48.0472,3325875,0
ACWI.US,D,20151125,000000,48.1373,48.1795,47.9467,48.0875,2108800,0
ACWI.US,D,20151127,000000,48.0124,48.0875,47.9467,48.0124,540438,0
ACWI.US,D,20151130,000000,48.0781,48.0969,47.8209,47.8809,5730109,0
ACWI.US,D,20151201,000000,48.1279,48.3728,48.0508,48.3531,1606080,0
ACWI.US,D,20151202,000000,48.2039,48.3203,47.7721,47.8622,2510950,0
ACWI.US,D,20151203,000000,47.9945,48.0311,47.1697,47.3347,3856532,0
ACWI.US,D,20151204,000000,47.3478,48.0612,47.2748,48.0124,2000832,0
ACWI.US,D,20151207,000000,47.7721,47.8388,47.4165,47.5965,2715830,0
ACWI.US,D,20151208,000000,47.012,47.3085,46.8655,47.1236,3498450,0
ACWI.US,D,20151209,000000,47.0035,47.515,46.6205,46.8778,4932479,0
ACWI.US,D,20151210,000000,46.8607,47.1697,46.8119,46.844,4453683,0
ACWI.US,D,20151211,000000,46.2798,46.3963,45.8829,45.941,3869210,0
ACWI.US,D,20151214,000000,46.0732,46.1559,45.5366,46.1072,4297612,0
ACWI.US,D,20151215,000000,46.5295,46.7453,46.4459,46.5595,4647180,0
ACWI.US,D,20151216,000000,46.9274,47.4662,46.7369,47.3751,4670945,0
ACWI.US,D,20151217,000000,47.424,47.4333,46.7201,46.7201,10199477,0
ACWI.US,D,20151218,000000,46.5595,46.6523,46.0555,46.0555,3145649,0
ACWI.US,D,20151221,000000,46.4235,46.5735,46.1062,46.414,3398311,0
ACWI.US,D,20151222,000000,46.6008,46.8598,46.3887,46.7754,4874547,0
ACWI.US,D,20151223,000000,47.1799,47.4568,47.1105,47.4491,2832283,0
ACWI.US,D,20151224,000000,47.421,47.5234,47.332,47.3893,2219224,0
ACWI.US,D,20151228,000000,47.1536,47.2625,47.012,47.2464,4241299,0
ACWI.US,D,20151229,000000,47.6014,47.7534,47.546,47.6867,4301962,0
ACWI.US,D,20151230,000000,47.5721,47.5844,47.301,47.3414,2779694,0
ACWI.US,D,20151231,000000,47.0569,47.2654,46.871,46.871,3210813,0
ACWI.US,D,20160104,000000,46.0405,46.0482,45.5787,46.0405,6050864,0
ACWI.US,D,20160105,000000,46.0482,46.1589,45.8219,46.0791,3814551,0
ACWI.US,D,20160106,000000,45.3028,45.5957,45.1422,45.3855,5369497,0
ACWI.US,D,20160107,000000,44.5895,44.978,44.2439,44.3286,3734663,0
ACWI.US,D,20160108,000000,44.597,44.6974,43.7569,43.8153,2732895,0
ACWI.US,D,20160111,000000,44.1427,44.2273,43.4107,43.8659,3523120,0
ACWI.US,D,20160112,000000,44.2179,44.3952,43.6717,44.1521,2761638,0
ACWI.US,D,20160113,000000,44.3689,44.4917,43.1433,43.2539,5068177,0
ACWI.US,D,20160114,000000,43.4201,44.1427,43.0184,43.8827,6039244,0
ACWI.US,D,20160115,000000,42.6316,42.9444,42.2272,42.6409,3911321,0
ACWI.US,D,20160119,000000,43.1949,43.3037,42.5041,42.8907,5568541,0
ACWI.US,D,20160120,000000,42.078,42.5134,41.2211,42.2037,7604474,0
ACWI.US,D,20160121,000000,42.2094,42.8419,41.8592,42.4383,4249379,0
ACWI.US,D,20160122,000000,43.2784,43.5808,43.2023,43.5139,4494510,0
ACWI.US,D,20160125,000000,43.3536,43.4032,42.8157,42.8673,5234308,0
ACWI.US,D,20160126,000000,43.0503,43.6058,43.0184,43.5808,4624935,0
ACWI.US,D,20160127,000000,43.4613,43.9326,43.009,43.2287,7197048,0
ACWI.US,D,20160128,000000,43.6885,43.7157,43.0437,43.4539,2373030,0
ACWI.US,D,20160129,000000,43.681,44.4028,43.6462,44.4028,5864807,0
ACWI.US,D,20160201,000000,44.0349,44.4789,43.8754,44.3023,3926385,0
ACWI.US,D,20160202,000000,43.7889,43.8153,43.2287,43.3629,3221943,0
ACWI.US,D,20160203,000000,43.681,43.7889,42.7415,43.6969,4187223,0
ACWI.US,D,20160204,000000,43.6228,44.1014,43.5139,43.8226,3082332,0
ACWI.US,D,20160205,000000,43.6969,43.7223,42.9508,43.0935,3401747,0
ACWI.US,D,20160208,000000,42.6139,42.6139,41.9109,42.3886,2942080,0
ACWI.US,D,20160209,000000,41.7757,42.429,41.5411,42.1531,3402112,0
ACWI.US,D,20160210,000000,42.3792,42.7734,42.0939,42.1436,3202285,0
ACWI.US,D,20160211,000000,41.5731,41.7757,41.1788,41.5824,4143719,0
ACWI.US,D,20160212,000000,41.9278,42.3359,41.6997,42.3126,2653994,0
ACWI.US,D,20160216,000000,42.9677,43.1686,42.688,43.161,2293357,0
ACWI.US,D,20160217,000000,43.3536,44.0001,43.3536,43.941,1771953,0
ACWI.US,D,20160218,000000,44.0846,44.0846,43.6969,43.7569,1456027,0
ACWI.US,D,20160219,000000,43.4539,43.6969,43.3037,43.681,1599721,0
ACWI.US,D,20160222,000000,43.9823,44.3108,43.9823,44.2938,2582153,0
ACWI.US,D,20160223,000000,44.0583,44.1014,43.6256,43.6388,1779443,0
ACWI.US,D,20160224,000000,43.2023,43.7646,42.8419,43.7063,2152100,0
ACWI.US,D,20160225,000000,43.8311,44.1848,43.6339,44.1775,1489562,0
ACWI.US,D,20160226,000000,44.4121,44.4535,44.0001,44.0659,1876310,0
ACWI.US,D,20160229,000000,44.0939,44.3108,43.8153,43.8311,3508003,0
ACWI.US,D,20160301,000000,44.2611,44.9526,44.2094,44.9236,1997353,0
ACWI.US,D,20160302,000000,44.8984,45.2183,44.7678,45.1921,1633711,0
ACWI.US,D,20160303,000000,45.2335,45.5384,45.129,45.5291,1509232,0
ACWI.US,D,20160304,000000,45.6537,46.033,45.5533,45.8134,1714033,0
ACWI.US,D,20160307,000000,45.5291,45.9768,45.4623,45.8481,1344236,0
ACWI.US,D,20160308,000000,45.5704,45.6293,45.3112,45.3525,2953695,0
ACWI.US,D,20160309,000000,45.5291,45.6801,45.4183,45.5957,1073788,0
ACWI.US,D,20160310,000000,45.7974,46.0405,45.1255,45.5704,1756322,0
ACWI.US,D,20160311,000000,46.1006,46.5024,46.1006,46.4846,1501049,0
ACWI.US,D,20160314,000000,46.2994,46.4929,46.2432,46.384,1702479,0
ACWI.US,D,20160315,000000,46.0565,46.0959,45.8988,46.0836,2640013,0
ACWI.US,D,20160316,000000,45.8556,46.5764,45.8556,46.5202,1697909,0
ACWI.US,D,20160317,000000,46.536,47.0391,46.4442,46.9303,2749486,0
ACWI.US,D,20160318,000000,46.9997,47.1142,46.903,47.0213,1349912,0
ACWI.US,D,20160321,000000,46.871,47.0928,46.8373,47.0213,1315283,0
ACWI.US,D,20160322,000000,46.7792,47.0834,46.6937,46.964,1761917,0
ACWI.US,D,20160323,000000,46.7885,46.8139,46.4516,46.4758,2558097,0
ACWI.US,D,20160324,000000,46.1495,46.3746,45.1517,46.3746,1323128,0
ACWI.US,D,20160328,000000,46.552,46.5858,46.3596,46.5202,1183809,0
ACWI.US,D,20160329,000000,46.3175,47.0213,46.2432,47.009,3482698,0
ACWI.US,D,20160330,000000,47.224,47.4999,47.1995,47.301,1355228,0
ACWI.US,D,20160331,000000,47.2323,47.3189,47.0569,47.0739,3864392,0
ACWI.US,D,20160401,000000,46.4846,47.0652,46.4019,47.0391,4230568,0
ACWI.US,D,20160404,000000,47.0652,47.1312,46.7885,46.871,1278727,0
ACWI.US,D,20160405,000000,46.2827,46.3746,46.1589,46.2009,1547630,0
ACWI.US,D,20160406,000000,46.2677,46.7932,46.1915,46.7539,2660715,0
ACWI.US,D,20160407,000000,46.4442,46.5437,46.016,46.1589,2482424,0
ACWI.US,D,20160408,000000,46.6797,46.8636,46.4929,46.644,3973641,0
ACWI.US,D,20160411,000000,46.9226,47.0739,46.6205,46.6271,1498115,0
ACWI.US,D,20160412,000000,46.7706,47.2935,46.644,47.2157,1594179,0
ACWI.US,D,20160413,000000,47.5844,47.8331,47.5789,47.7862,1979686,0
ACWI.US,D,20160414,000000,47.8529,47.9551,47.7534,47.8529,1691716,0
ACWI.US,D,20160415,000000,47.7946,47.8706,47.7196,47.7777,1589729,0
ACWI.US,D,20160418,000000,47.6615,48.1305,47.6014,48.1222,1372018,0
ACWI.US,D,20160419,000000,48.3746,48.6272,48.341,48.5764,1537832,0
ACWI.US,D,20160420,000000,48.5006,48.7511,48.3916,48.5361,1360884,0
ACWI.US,D,20160421,000000,48.5361,48.5719,48.2029,48.2997,1061867,0
ACWI.US,D,20160422,000000,48.1992,48.383,48.0893,48.292,972577,0
ACWI.US,D,20160425,000000,48.0893,48.1428,47.9467,48.1147,935454,0
ACWI.US,D,20160426,000000,48.2573,48.3503,48.1222,48.2827,1463321,0
ACWI.US,D,20160427,000000,48.1466,48.46,48.0621,48.3671,1245094,0
ACWI.US,D,20160428,000000,48.0227,48.3587,47.7946,47.9111,1687209,0
ACWI.US,D,20160429,000000,47.8124,47.8706,47.4097,47.6867,1889205,0
ACWI.US,D,20160502,000000,47.8959,48.0227,47.729,47.9955,1967338,0
ACWI.US,D,20160503,000000,47.4259,47.5627,47.2157,47.3095,2850652,0
ACWI.US,D,20160504,000000,47.0138,47.1489,46.7586,46.8636,2742223,0
ACWI.US,D,20160505,000000,46.9733,47.0739,46.7286,46.871,1956349,0
ACWI.US,D,20160506,000000,46.6346,47.009,46.6046,47.009,2155151,0
ACWI.US,D,20160509,000000,46.9904,47.1067,46.8213,46.8984,1020151,0
ACWI.US,D,20160510,000000,47.1396,47.5789,47.1396,47.5721,1820377,0
ACWI.US,D,20160511,000000,47.3771,47.5366,47.1958,47.2157,1856519,0
ACWI.US,D,20160512,000000,47.4849,47.4943,46.9303,47.1922,1572178,0
ACWI.US,D,20160513,000000,46.9377,47.1227,46.6205,46.6871,1363074,0
ACWI.US,D,20160516,000000,46.8795,47.3451,46.8045,47.2513,2718954,0
ACWI.US,D,20160517,000000,47.2841,47.2841,46.7706,46.8889,1538708,0
ACWI.US,D,20160518,000000,46.8213,47.2202,46.5764,46.8298,2584571,0
ACWI.US,D,20160519,000000,46.6046,46.6619,46.3125,46.613,1934699,0
ACWI.US,D,20160520,000000,46.8553,47.0297,46.8298,46.9377,1114009,0
ACWI.US,D,20160523,000000,46.8795,46.9593,46.7792,46.8213,1104914,0
ACWI.US,D,20160524,000000,47.0569,47.5188,47.0485,47.4446,1920881,0
ACWI.US,D,20160525,000000,47.6548,47.9428,47.6548,47.8369,1407128,0
ACWI.US,D,20160526,000000,47.9111,48.0041,47.8199,47.9299,1416607,0
ACWI.US,D,20160527,000000,47.8801,48.0041,47.8613,47.9796,1295747,0
ACWI.US,D,20160531,000000,48.0893,48.1598,47.7319,47.8801,1517937,0
ACWI.US,D,20160601,000000,47.7122,47.9598,47.6014,47.9299,1371219,0
ACWI.US,D,20160602,000000,47.7364,48.0227,47.6773,48.0134,1407393,0
ACWI.US,D,20160603,000000,48.0405,48.2132,47.8173,48.1466,1029870,0
ACWI.US,D,20160606,000000,48.2573,48.5361,48.2573,48.4413,1117514,0
ACWI.US,D,20160607,000000,48.5858,48.766,48.5858,48.6347,1547381,0
ACWI.US,D,20160608,000000,48.738,48.8711,48.6855,48.8205,975906,0
ACWI.US,D,20160609,000000,48.4413,48.5268,48.3154,48.4667,1009603,0
ACWI.US,D,20160610,000000,47.8866,47.9111,47.5093,47.62,1553524,0
ACWI.US,D,20160613,000000,47.2419,47.5627,47.0834,47.1142,1372385,0
ACWI.US,D,20160614,000000,46.8889,47.0485,46.552,46.796,3564006,0
ACWI.US,D,20160615,000000,46.9733,47.2157,46.8553,46.9226,3184240,0
ACWI.US,D,20160616,000000,46.4675,47.0297,46.1915,46.9733,1974433,0
ACWI.US,D,20160617,000000,47.0928,47.1995,46.8045,47.1001,2549052,0
ACWI.US,D,20160620,000000,47.9299,48.0798,47.729,47.7618,1368212,0
ACWI.US,D,20160621,000000,47.9299,48.1812,47.8124,47.9861,1448069,0
ACWI.US,D,20160622,000000,48.1364,48.2948,47.9092,47.9139,1929547,0
ACWI.US,D,20160623,000000,48.5024,48.844,48.3577,48.8261,1286571,0
ACWI.US,D,20160624,000000,46.2732,47.1312,46.1428,46.1972,6128120,0
ACWI.US,D,20160627,000000,45.7889,45.7889,45.0222,45.3367,4076680,0
ACWI.US,D,20160628,000000,46.0189,46.3324,45.8707,46.3287,2244494,0
ACWI.US,D,20160629,000000,46.8598,47.2728,46.8262,47.2005,1839862,0
ACWI.US,D,20160630,000000,47.3619,47.8462,47.1922,47.8378,4551764,0
ACWI.US,D,20160701,000000,47.8294,48.0592,47.8134,47.9411,1658734,0
ACWI.US,D,20160705,000000,47.5431,47.5911,47.2005,47.3433,1511898,0
ACWI.US,D,20160706,000000,47.0072,47.4304,46.7932,47.421,2212138,0
ACWI.US,D,20160707,000000,47.5102,47.6763,47.1499,47.3122,2475559,0
ACWI.US,D,20160708,000000,47.7196,48.0941,47.7018,48.0359,1370100,0
ACWI.US,D,20160711,000000,48.383,48.5616,48.3316,48.4337,1591743,0
ACWI.US,D,20160712,000000,48.8177,49.0477,48.799,48.919,1934745,0
ACWI.US,D,20160713,000000,49.0392,49.0889,48.782,48.9022,1611686,0
ACWI.US,D,20160714,000000,49.2596,49.3611,49.1828,49.2072,3321415,0
ACWI.US,D,20160715,000000,49.2512,49.2926,49.0054,49.1067,1964427,0
ACWI.US,D,20160718,000000,49.0889,49.3059,49.0477,49.2512,2094837,0
ACWI.US,D,20160719,000000,49.0392,49.0814,48.9097,49.0231,1382995,0
ACWI.US,D,20160720,000000,49.1912,49.3695,49.1152,49.301,583559,0
ACWI.US,D,20160721,000000,49.2345,49.3527,49.0477,49.1554,1006424,0
ACWI.US,D,20160722,000000,49.2512,49.3187,49.133,49.3094,1087389,0
ACWI.US,D,20160725,000000,49.3187,49.3527,49.0551,49.1828,1395628,0
ACWI.US,D,20160726,000000,49.2926,49.4136,49.1067,49.2673,1159840,0
ACWI.US,D,20160727,000000,49.4362,49.4719,49.0551,49.3367,2744407,0
ACWI.US,D,20160728,000000,49.3443,49.4211,49.1442,49.3611,1558150,0
ACWI.US,D,20160729,000000,49.4456,49.6972,49.3564,49.6416,1181106,0
ACWI.US,D,20160801,000000,49.6849,49.7007,49.4136,49.4813,2515169,0
ACWI.US,D,20160802,000000,49.454,49.454,48.9717,49.1744,1030943,0
ACWI.US,D,20160803,000000,48.996,49.2419,48.9425,49.225,1471652,0
ACWI.US,D,20160804,000000,49.3443,49.454,49.225,49.4051,1082521,0
ACWI.US,D,20160805,000000,49.4813,49.744,49.4813,49.7197,920723,0
ACWI.US,D,20160808,000000,49.7684,49.8811,49.7525,49.7956,2200218,0
ACWI.US,D,20160809,000000,49.958,50.1543,49.8987,50.0762,4662203,0
ACWI.US,D,20160810,000000,50.1974,50.2255,49.9909,50.0527,1789854,0
ACWI.US,D,20160811,000000,50.2546,50.4254,50.1795,50.3849,733028,0
ACWI.US,D,20160812,000000,50.3146,50.3972,50.1955,50.2902,944421,0
ACWI.US,D,20160815,000000,50.4076,50.5952,50.4076,50.5089,391506,0
ACWI.US,D,20160816,000000,50.4001,50.4516,50.2996,50.2996,644422,0
ACWI.US,D,20160817,000000,50.1974,50.4076,50.018,50.3475,3124533,0
ACWI.US,D,20160818,000000,50.3849,50.5409,50.3315,50.5276,1460164,0
ACWI.US,D,20160819,000000,50.2114,50.3925,50.1185,50.3391,836945,0
ACWI.US,D,20160822,000000,50.1974,50.3475,50.1109,50.2817,1345379,0
ACWI.US,D,20160823,000000,50.569,50.6272,50.3849,50.3849,2362942,0
ACWI.US,D,20160824,000000,50.3756,50.4254,50.1185,50.1974,1605843,0
ACWI.US,D,20160825,000000,50.1016,50.2724,50.0162,50.0923,2095096,0
ACWI.US,D,20160826,000000,50.1543,50.5276,49.6774,49.8811,1934157,0
ACWI.US,D,20160829,000000,49.9401,50.1701,49.8894,50.1016,1239065,0
ACWI.US,D,20160830,000000,50.1701,50.2048,49.8987,50.0077,1676501,0
ACWI.US,D,20160831,000000,49.9224,49.9825,49.6416,49.8135,2215617,0
ACWI.US,D,20160901,000000,49.9486,49.9993,49.6726,49.9909,6150161,0
ACWI.US,D,20160902,000000,50.2546,50.4347,50.2508,50.3849,2420635,0
ACWI.US,D,20160906,000000,50.5004,50.7295,50.4564,50.7295,2741143,0
ACWI.US,D,20160907,000000,50.7378,50.7989,50.569,50.7051,1801265,0
ACWI.US,D,20160908,000000,50.6122,50.7378,50.5089,50.5867,1525682,0
ACWI.US,D,20160909,000000,50.2209,50.2293,49.3958,49.4136,2172200,0
ACWI.US,D,20160912,000000,49.1406,50.0434,49.0477,49.9664,2129673,0
ACWI.US,D,20160913,000000,49.53,49.53,48.8862,49.0814,1773417,0
ACWI.US,D,20160914,000000,49.0477,49.3865,48.9378,49.0392,2842936,0
ACWI.US,D,20160915,000000,49.0889,49.6332,48.9876,49.5552,1666000,0
ACWI.US,D,20160916,000000,49.2926,49.301,49.0392,49.1979,1228672,0
ACWI.US,D,20160919,000000,49.5647,49.6596,49.2673,49.3281,1231508,0
ACWI.US,D,20160920,000000,49.6774,49.7197,49.4624,49.5066,4105032,0
ACWI.US,D,20160921,000000,49.7684,50.3315,49.6681,50.2902,2737835,0
ACWI.US,D,20160922,000000,50.6629,50.8374,50.5738,50.6817,2817627,0
ACWI.US,D,20160923,000000,50.4516,50.4854,50.2639,50.3073,1180956,0
ACWI.US,D,20160926,000000,49.9486,50.0341,49.8135,49.8529,1301564,0
ACWI.US,D,20160927,000000,49.7525,50.1543,49.6849,50.1363,1761229,0
ACWI.US,D,20160928,000000,50.188,50.4931,49.9486,50.4611,1176040,0
ACWI.US,D,20160929,000000,50.3315,50.4931,49.7872,49.9401,1505940,0
ACWI.US,D,20160930,000000,50.1543,50.4479,50.0341,50.2817,1093536,0
ACWI.US,D,20161003,000000,50.1701,50.2639,50.0527,50.1795,2764952,0
ACWI.US,D,20161004,000000,50.3391,50.3756,49.8387,49.9749,2133870,0
ACWI.US,D,20161005,000000,50.1543,50.3569,50.1543,50.2724,800381,0
ACWI.US,D,20161006,000000,50.1543,50.2377,49.9993,50.1974,1277204,0
ACWI.US,D,20161007,000000,50.1543,50.2114,49.7103,49.9909,1236829,0
ACWI.US,D,20161010,000000,50.2048,50.3624,50.1974,50.2293,719548,0
ACWI.US,D,20161011,000000,49.9993,50.0162,49.3527,49.53,1628513,0
ACWI.US,D,20161012,000000,49.4981,49.6416,49.3771,49.53,1116204,0
ACWI.US,D,20161013,000000,49.0889,49.454,48.8694,49.3281,1887435,0
ACWI.US,D,20161014,000000,49.608,49.7365,49.3367,49.3443,959742,0
ACWI.US,D,20161017,000000,49.2842,49.3865,49.1648,49.2072,1162912,0
ACWI.US,D,20161018,000000,49.6933,49.761,49.5395,49.6416,1319031,0
ACWI.US,D,20161019,000000,49.7525,49.8987,49.6726,49.822,963802,0
ACWI.US,D,20161020,000000,49.744,49.8894,49.592,49.7365,1926125,0
ACWI.US,D,20161021,000000,49.515,49.7478,49.4624,49.7197,759117,0
ACWI.US,D,20161024,000000,49.8454,49.9825,49.7684,49.8717,748238,0
ACWI.US,D,20161025,000000,49.7956,49.8849,49.6774,49.7956,1208156,0
ACWI.US,D,20161026,000000,49.592,49.7281,49.4456,49.5695,1292736,0
ACWI.US,D,20161027,000000,49.7007,49.7365,49.4334,49.4624,923262,0
ACWI.US,D,20161028,000000,49.3958,49.5601,49.1481,49.2926,4021871,0
ACWI.US,D,20161031,000000,49.3281,49.4286,49.2381,49.3187,1606095,0
ACWI.US,D,20161101,000000,49.4624,49.4896,48.738,49.0147,4203110,0
ACWI.US,D,20161102,000000,48.9284,49.0185,48.5616,48.6563,3390115,0
ACWI.US,D,20161103,000000,48.7903,48.8177,48.447,48.5192,3723729,0
ACWI.US,D,20161104,000000,48.3577,48.5774,48.2292,48.2724,2201934,0
ACWI.US,D,20161107,000000,48.9022,49.2842,48.9022,49.2596,2219219,0
ACWI.US,D,20161108,000000,49.1554,49.6416,49.0889,49.53,2006405,0
ACWI.US,D,20161109,000000,48.9801,49.8304,48.919,49.6596,2434110,0
ACWI.US,D,20161110,000000,49.6849,49.8894,49.1912,49.5479,1869430,0
ACWI.US,D,20161111,000000,49.2419,49.4813,48.9717,49.2758,2551493,0
ACWI.US,D,20161114,000000,49.2596,49.2596,48.9537,49.1406,1864740,0
ACWI.US,D,20161115,000000,49.0231,49.5647,49.0231,49.5647,2514418,0
ACWI.US,D,20161116,000000,49.2926,49.4241,49.2596,49.3611,7756530,0
ACWI.US,D,20161117,000000,49.4211,49.6774,49.4211,49.6005,2465119,0
ACWI.US,D,20161118,000000,49.4456,49.515,49.2926,49.3611,1631365,0
ACWI.US,D,20161121,000000,49.515,49.7684,49.515,49.744,1210375,0
ACWI.US,D,20161122,000000,49.8529,49.9486,49.7103,49.9486,2273812,0
ACWI.US,D,20161123,000000,49.6681,49.8304,49.5235,49.8304,2012102,0
ACWI.US,D,20161125,000000,49.9224,50.0162,49.8894,50.0162,725243,0
ACWI.US,D,20161128,000000,49.9401,49.9909,49.7684,49.8304,3070974,0
ACWI.US,D,20161129,000000,49.7872,50.0527,49.7103,49.958,2037669,0
ACWI.US,D,20161130,000000,50.0613,50.1372,49.8304,49.8304,1900166,0
ACWI.US,D,20161201,000000,49.8454,49.8811,49.53,49.592,7658028,0
ACWI.US,D,20161202,000000,49.5742,49.7779,49.5479,49.6774,1990361,0
ACWI.US,D,20161205,000000,49.8987,50.0697,49.8622,50.0162,1953107,0
ACWI.US,D,20161206,000000,50.1016,50.2902,50.0162,50.2902,1856510,0
ACWI.US,D,20161207,000000,50.324,51.012,50.3146,50.9783,2661836,0
ACWI.US,D,20161208,000000,50.9612,51.1651,50.8676,51.0712,2376725,0
ACWI.US,D,20161209,000000,51.1313,51.3096,51.0796,51.3096,1846804,0
ACWI.US,D,20161212,000000,51.1735,51.3415,51.0758,51.1489,3532767,0
ACWI.US,D,20161213,000000,51.3855,51.7018,51.3855,51.5564,2080525,0
ACWI.US,D,20161214,000000,51.4888,51.5732,50.875,50.936,2496999,0
ACWI.US,D,20161215,000000,50.9445,51.1396,50.8582,51.012,2923338,0
ACWI.US,D,20161216,000000,51.0618,51.0965,50.8582,50.9096,5557706,0
ACWI.US,D,20161219,000000,50.9518,51.088,50.8966,50.9699,1577703,0
ACWI.US,D,20161220,000000,51.0299,51.1489,50.9933,51.1489,2499153,0
ACWI.US,D,20161221,000000,51.0908,51.1519,51.0223,51.0223,1885468,0
ACWI.US,D,20161222,000000,50.9951,50.9951,50.8374,50.937,1818881,0
ACWI.US,D,20161223,000000,50.9276,50.9866,50.8843,50.9706,1126980,0
ACWI.US,D,20161227,000000,51.0486,51.1602,50.9621,51.0403,2910834,0
ACWI.US,D,20161228,000000,51.0908,51.134,50.7559,50.7896,2039147,0
ACWI.US,D,20161229,000000,50.9276,50.9577,50.8289,50.8843,2384799,0
ACWI.US,D,20161230,000000,51.0637,51.073,50.6798,50.8064,3523977,0
ACWI.US,D,20170103,000000,51.1847,51.2786,50.9621,51.2016,2989917,0
ACWI.US,D,20170104,000000,51.4079,51.6409,51.3827,51.6409,1266121,0
ACWI.US,D,20170105,000000,51.6483,51.8604,51.6483,51.8436,1907439,0
ACWI.US,D,20170106,000000,51.821,51.914,51.6483,51.8473,1434487,0
ACWI.US,D,20170109,000000,51.7094,51.8042,51.6483,51.7261,1713073,0
ACWI.US,D,20170110,000000,51.7261,51.9233,51.7018,51.7261,1616910,0
ACWI.US,D,20170111,000000,51.7356,52.0087,51.6071,52.0087,1757097,0
ACWI.US,D,20170112,000000,51.8127,52.0181,51.6933,51.9853,1721692,0
ACWI.US,D,20170113,000000,51.9853,52.1542,51.9713,52.1203,2350943,0
ACWI.US,D,20170117,000000,51.8641,52.035,51.8641,51.9571,2434014,0
ACWI.US,D,20170118,000000,51.9233,51.9318,51.7741,51.8735,2573305,0
ACWI.US,D,20170119,000000,51.8907,51.9073,51.6023,51.7261,2310167,0
ACWI.US,D,20170120,000000,51.8907,51.9853,51.7816,51.9412,1864209,0
ACWI.US,D,20170123,000000,51.9073,51.9853,51.7356,51.9497,2263941,0
ACWI.US,D,20170124,000000,51.9412,52.3052,51.914,52.2499,1817295,0
ACWI.US,D,20170125,000000,52.447,52.7924,52.447,52.7484,3267349,0
ACWI.US,D,20170126,000000,52.7304,52.7652,52.6105,52.6451,2514290,0
ACWI.US,D,20170127,000000,52.6451,52.6545,52.4894,52.5426,1154167,0
ACWI.US,D,20170130,000000,52.2827,52.2922,51.9806,52.2059,5504867,0
ACWI.US,D,20170131,000000,52.2499,52.3149,52.0425,52.2827,3358785,0
ACWI.US,D,20170201,000000,52.4894,52.5426,52.1975,52.3101,3532407,0
ACWI.US,D,20170202,000000,52.2499,52.463,52.2499,52.3776,1841567,0
ACWI.US,D,20170203,000000,52.6009,52.7304,52.5025,52.6797,2326499,0
ACWI.US,D,20170206,000000,52.447,52.5071,52.3607,52.4809,1330133,0
ACWI.US,D,20170207,000000,52.4809,52.5568,52.387,52.4377,1232986,0
ACWI.US,D,20170208,000000,52.387,52.5925,52.3278,52.5765,2254016,0
ACWI.US,D,20170209,000000,52.6365,52.8862,52.6291,52.7924,1186113,0
ACWI.US,D,20170210,000000,52.8778,53.0816,52.8685,53.0065,1729820,0
ACWI.US,D,20170213,000000,53.197,53.3575,53.1791,53.2552,3212387,0
ACWI.US,D,20170214,000000,53.2372,53.3931,53.0487,53.365,1750996,0
ACWI.US,D,20170215,000000,53.3086,53.6719,53.274,53.6231,2584409,0
ACWI.US,D,20170216,000000,53.6587,53.6963,53.4774,53.6315,2991957,0
ACWI.US,D,20170217,000000,53.4015,53.5978,53.3838,53.5978,2629035,0
ACWI.US,D,20170221,000000,53.7357,53.8895,53.6682,53.8295,3363167,0
ACWI.US,D,20170222,000000,53.7618,53.8822,53.7086,53.8465,2932399,0
ACWI.US,D,20170223,000000,54.036,54.036,53.7524,53.8737,3756471,0
ACWI.US,D,20170224,000000,53.5114,53.7357,53.503,53.7357,2241360,0
ACWI.US,D,20170227,000000,53.6494,53.779,53.5901,53.7705,1307866,0
ACWI.US,D,20170228,000000,53.6408,53.7131,53.503,53.5978,2011596,0
ACWI.US,D,20170301,000000,53.9506,54.3608,53.9506,54.2602,3219357,0
ACWI.US,D,20170302,000000,54.0961,54.1476,53.869,53.9074,2197726,0
ACWI.US,D,20170303,000000,53.9412,54.0746,53.8295,54.0539,1872623,0
ACWI.US,D,20170306,000000,53.8822,53.9459,53.7489,53.8895,1049039,0
ACWI.US,D,20170307,000000,53.7873,53.8652,53.7,53.7618,1232330,0
ACWI.US,D,20170308,000000,53.779,53.8258,53.5376,53.5807,1707080,0
ACWI.US,D,20170309,000000,53.6137,53.6924,53.4175,53.6137,1950385,0
ACWI.US,D,20170310,000000,53.9074,54.036,53.7262,53.9074,2675186,0
ACWI.US,D,20170313,000000,54.0623,54.1309,54.0012,54.1138,1483293,0
ACWI.US,D,20170314,000000,53.8737,53.9074,53.7131,53.8023,2073939,0
ACWI.US,D,20170315,000000,54.0182,54.5513,53.9412,54.449,3529548,0
ACWI.US,D,20170316,000000,54.6546,54.6902,54.4744,54.5606,2413377,0
ACWI.US,D,20170317,000000,54.6301,54.7109,54.5091,54.5343,1857900,0
ACWI.US,D,20170320,000000,54.5954,54.6761,54.4574,54.543,1587206,0
ACWI.US,D,20170321,000000,54.7737,54.8451,53.9769,54.0182,2952911,0
ACWI.US,D,20170322,000000,53.9506,54.1476,53.8117,54.1233,2090656,0
ACWI.US,D,20170323,000000,54.0445,54.3634,54.0012,54.1476,4149224,0
ACWI.US,D,20170324,000000,54.173,54.3373,54.0248,54.1637,1750788,0
ACWI.US,D,20170327,000000,53.8295,54.2386,53.7911,54.2078,2067349,0
ACWI.US,D,20170328,000000,54.1562,54.5343,54.1309,54.449,4250784,0
ACWI.US,D,20170329,000000,54.2247,54.5268,54.2247,54.4744,2880731,0
ACWI.US,D,20170330,000000,54.4565,54.6122,54.4226,54.449,1819279,0
ACWI.US,D,20170331,000000,54.3016,54.5005,54.3016,54.3204,2392217,0
ACWI.US,D,20170403,000000,54.3634,54.4049,53.9506,54.3109,2369578,0
ACWI.US,D,20170404,000000,54.173,54.3467,54.0961,54.3289,2302680,0
ACWI.US,D,20170405,000000,54.4658,54.663,54.1233,54.1637,2916215,0
ACWI.US,D,20170406,000000,54.2171,54.3373,54.1007,54.2341,1923971,0
ACWI.US,D,20170407,000000,54.1562,54.3289,54.112,54.1814,1109686,0
ACWI.US,D,20170410,000000,54.1814,54.3016,54.0623,54.1637,2103083,0
ACWI.US,D,20170411,000000,54.2078,54.2602,53.8558,54.2341,1438534,0
ACWI.US,D,20170412,000000,54.1909,54.2002,53.9769,54.1054,1365746,0
ACWI.US,D,20170413,000000,53.9928,54.1138,53.7441,53.7441,2082345,0
ACWI.US,D,20170417,000000,53.9506,54.1637,53.8895,54.1637,2415847,0
ACWI.US,D,20170418,000000,53.8822,54.0182,53.7262,53.898,2037638,0
ACWI.US,D,20170419,000000,54.0539,54.0961,53.6924,53.7618,1137160,0
ACWI.US,D,20170420,000000,54.0623,54.2753,54.0012,54.1909,1957517,0
ACWI.US,D,20170421,000000,54.1562,54.2002,54.0182,54.1138,2369903,0
ACWI.US,D,20170424,000000,54.9032,55.0139,54.8676,54.9361,2264384,0
ACWI.US,D,20170425,000000,55.1519,55.3751,55.1436,55.3076,2598795,0
ACWI.US,D,20170426,000000,55.2458,55.4438,55.1915,55.196,1584928,0
ACWI.US,D,20170427,000000,55.29,55.3076,55.0834,55.211,2209553,0
ACWI.US,D,20170428,000000,55.2458,55.3076,55.1342,55.196,1760513,0
ACWI.US,D,20170501,000000,55.3331,55.4485,55.2504,55.3406,1476781,0
ACWI.US,D,20170502,000000,55.47,55.5133,55.3529,55.5039,3901606,0
ACWI.US,D,20170503,000000,55.3574,55.3967,55.2203,55.3406,1093373,0
ACWI.US,D,20170504,000000,55.4016,55.4785,55.2938,55.4617,817930,0
ACWI.US,D,20170505,000000,55.5564,55.8916,55.5039,55.8314,1172939,0
ACWI.US,D,20170508,000000,55.7705,55.7873,55.6372,55.7187,1011502,0
ACWI.US,D,20170509,000000,55.7367,55.8446,55.6211,55.702,1175763,0
ACWI.US,D,20170510,000000,55.6767,55.8568,55.6767,55.8314,1085479,0
ACWI.US,D,20170511,000000,55.7451,55.7705,55.4785,55.7536,3189172,0
ACWI.US,D,20170512,000000,55.7705,55.8494,55.7094,55.8239,1126693,0
ACWI.US,D,20170515,000000,56.0117,56.1674,55.9684,56.1327,1465680,0
ACWI.US,D,20170516,000000,56.31,56.3306,56.1674,56.2331,787783,0
ACWI.US,D,20170517,000000,55.8633,55.9684,55.3847,55.3847,1708700,0
ACWI.US,D,20170518,000000,55.3076,55.6297,55.1004,55.4524,2299596,0
ACWI.US,D,20170519,000000,55.7367,56.1327,55.7367,56.0286,1403424,0
ACWI.US,D,20170522,000000,56.1234,56.2784,56.1234,56.2509,1745503,0
ACWI.US,D,20170523,000000,56.3355,56.3533,56.2276,56.2784,1959377,0
ACWI.US,D,20170524,000000,56.2257,56.4133,56.2172,56.3899,1121084,0
ACWI.US,D,20170525,000000,56.4847,56.6366,56.4847,56.5608,1268677,0
ACWI.US,D,20170526,000000,56.4847,56.5343,56.4388,56.525,1454124,0
ACWI.US,D,20170530,000000,56.3804,56.4997,56.3804,56.4997,1428614,0
ACWI.US,D,20170531,000000,56.5953,56.6037,56.3193,56.4133,1316459,0
ACWI.US,D,20170601,000000,56.5608,56.8788,56.4133,56.8788,3804595,0
ACWI.US,D,20170602,000000,57.0506,57.2542,56.9436,57.196,3671627,0
ACWI.US,D,20170605,000000,57.1361,57.1624,57.0244,57.1361,1874124,0
ACWI.US,D,20170606,000000,56.9295,57.076,56.921,56.9895,1479412,0
ACWI.US,D,20170607,000000,56.9821,57.1116,56.8085,57.0244,2712013,0
ACWI.US,D,20170608,000000,57.0149,57.076,56.8788,57.0666,1927877,0
ACWI.US,D,20170609,000000,57.0338,57.1877,56.5953,56.8714,1811607,0
ACWI.US,D,20170612,000000,56.7231,56.7992,56.5767,56.7671,3561380,0
ACWI.US,D,20170613,000000,56.9981,57.1116,56.9023,57.0844,990663,0
ACWI.US,D,20170614,000000,57.2797,57.2843,56.8264,57.0074,2276631,0
ACWI.US,D,20170615,000000,56.4293,56.7071,56.3804,56.6986,2179000,0
ACWI.US,D,20170616,000000,56.8085,56.9023,56.6366,56.9023,1787343,0
ACWI.US,D,20170619,000000,57.1022,57.2974,57.076,57.2402,2066642,0
ACWI.US,D,20170620,000000,57.1802,57.1802,56.7896,56.7896,2482277,0
ACWI.US,D,20170621,000000,56.8421,56.9371,56.6855,56.8141,1285953,0
ACWI.US,D,20170622,000000,56.8328,56.9465,56.7681,56.8057,2300479,0
ACWI.US,D,20170623,000000,56.8685,56.9887,56.7408,56.9004,1263361,0
ACWI.US,D,20170626,000000,57.2421,57.2825,56.9887,57.0412,4197938,0
ACWI.US,D,20170627,000000,57.0666,57.1201,56.7802,56.7972,1948776,0
ACWI.US,D,20170628,000000,56.9728,57.3143,56.9728,57.2421,2141310,0
ACWI.US,D,20170629,000000,57.1802,57.2019,56.4312,56.7192,1946893,0
ACWI.US,D,20170630,000000,56.9549,56.9811,56.6949,56.8592,4362225,0
ACWI.US,D,20170703,000000,57.0149,57.0976,56.893,56.9276,1687949,0
ACWI.US,D,20170705,000000,56.9004,56.9549,56.6902,56.9371,4558197,0
ACWI.US,D,20170706,000000,56.7109,56.754,56.45,56.5111,2529420,0
ACWI.US,D,20170707,000000,56.5111,56.7802,56.4856,56.7286,2509966,0
ACWI.US,D,20170710,000000,56.7456,56.9276,56.6855,56.8685,877501,0
ACWI.US,D,20170711,000000,56.8508,56.9971,56.6236,56.9549,1196783,0
ACWI.US,D,20170712,000000,57.2421,57.5199,57.2421,57.4589,1714126,0
ACWI.US,D,20170713,000000,57.5105,57.6139,57.4242,57.5893,1698259,0
ACWI.US,D,20170714,000000,57.6484,58.0221,57.6484,57.9263,891395,0
ACWI.US,D,20170717,000000,57.9423,57.96,57.8315,57.8549,1379588,0
ACWI.US,D,20170718,000000,57.84,57.96,57.7433,57.96,2604675,0
ACWI.US,D,20170719,000000,58.0651,58.2567,58.0651,58.2567,1840816,0
ACWI.US,D,20170720,000000,58.3871,58.4133,58.2171,58.343,1918817,0
ACWI.US,D,20170721,000000,58.187,58.2642,58.0651,58.2642,1014605,0
ACWI.US,D,20170724,000000,58.2116,58.2567,58.0783,58.221,1820114,0
ACWI.US,D,20170725,000000,58.3598,58.465,58.3271,58.343,2170281,0
ACWI.US,D,20170726,000000,58.465,58.5738,58.3777,58.5166,5125899,0
ACWI.US,D,20170727,000000,58.6828,58.6828,58.0906,58.405,1836109,0
ACWI.US,D,20170728,000000,58.1958,58.3777,58.1608,58.343,1362927,0
ACWI.US,D,20170731,000000,58.4744,58.4744,58.283,58.3598,2966404,0
ACWI.US,D,20170801,000000,58.6396,58.6913,58.5166,58.603,2768189,0
ACWI.US,D,20170802,000000,58.8554,58.8554,58.3965,58.6396,1217261,0
ACWI.US,D,20170803,000000,58.5701,58.603,58.4744,58.5166,717682,0
ACWI.US,D,20170804,000000,58.6565,58.6913,58.465,58.6311,1314625,0
ACWI.US,D,20170807,000000,58.6217,58.6997,58.5814,58.6828,1057017,0
ACWI.US,D,20170808,000000,58.6311,58.8469,58.465,58.5166,989867,0
ACWI.US,D,20170809,000000,58.2642,58.4556,58.1563,58.4481,698678,0
ACWI.US,D,20170810,000000,58.1958,58.1958,57.5538,57.5987,2048816,0
ACWI.US,D,20170811,000000,57.5987,57.7264,57.4898,57.6062,1741569,0
ACWI.US,D,20170814,000000,57.9967,58.2053,57.9008,58.1168,1186233,0
ACWI.US,D,20170815,000000,58.1168,58.1261,57.9423,58.0399,1004089,0
ACWI.US,D,20170816,000000,58.2914,58.3598,58.2397,58.3093,1293719,0
ACWI.US,D,20170817,000000,58.1261,58.221,57.5453,57.5453,1836073,0
ACWI.US,D,20170818,000000,57.5359,57.84,57.4326,57.58,1641074,0
ACWI.US,D,20170821,000000,57.58,57.7009,57.4411,57.6484,1185510,0
ACWI.US,D,20170822,000000,57.8485,58.1608,57.8136,58.1168,1167618,0
ACWI.US,D,20170823,000000,57.9695,58.1442,57.8915,58.0221,995841,0
ACWI.US,D,20170824,000000,58.1694,58.2116,57.9423,57.9873,4662382,0
ACWI.US,D,20170825,000000,58.1777,58.3871,58.1694,58.2116,1139313,0
ACWI.US,D,20170828,000000,58.2642,58.3187,58.1084,58.1608,862199,0
ACWI.US,D,20170829,000000,57.8231,58.2003,57.7619,58.1168,1450410,0
ACWI.US,D,20170830,000000,58.1442,58.3271,58.083,58.2914,899874,0
ACWI.US,D,20170831,000000,58.4303,58.709,58.4303,58.6481,1201254,0
ACWI.US,D,20170901,000000,58.8058,58.8649,58.7259,58.7868,1930022,0
ACWI.US,D,20170905,000000,58.5861,58.6828,58.1168,58.3346,5080908,0
ACWI.US,D,20170906,000000,58.5166,58.6997,58.5073,58.603,1793585,0
ACWI.US,D,20170907,000000,58.8292,58.8695,58.7119,58.8292,1205507,0
ACWI.US,D,20170908,000000,58.7962,58.8733,58.7259,58.7701,703040,0
ACWI.US,D,20170911,000000,59.0712,59.3763,59.0712,59.306,1107219,0
ACWI.US,D,20170912,000000,59.4362,59.5491,59.3934,59.5491,1317660,0
ACWI.US,D,20170913,000000,59.4279,59.4362,59.3014,59.3934,1243390,0
ACWI.US,D,20170914,000000,59.2984,59.4362,59.2534,59.4195,412486,0
ACWI.US,D,20170915,000000,59.4711,59.5415,59.3934,59.5321,1113990,0
ACWI.US,D,20170918,000000,59.6813,59.7772,59.5585,59.6438,1447393,0
ACWI.US,D,20170919,000000,59.7413,59.8184,59.685,59.7677,1745905,0
ACWI.US,D,20170920,000000,59.8004,59.8812,59.4805,59.7921,2309229,0
ACWI.US,D,20170921,000000,59.7508,59.7508,59.5715,59.6278,1456038,0
ACWI.US,D,20170922,000000,59.6363,59.7057,59.5847,59.6363,1096426,0
ACWI.US,D,20170925,000000,59.4805,59.5585,59.1577,59.3237,5465624,0
ACWI.US,D,20170926,000000,59.3585,59.4027,59.1613,59.2628,1169390,0
ACWI.US,D,20170927,000000,59.3237,59.4552,59.1707,59.351,922542,0
ACWI.US,D,20170928,000000,59.2628,59.4711,59.2628,59.4195,4150429,0
ACWI.US,D,20170929,000000,59.5491,59.7772,59.4665,59.7508,2960438,0
ACWI.US,D,20171002,000000,59.7057,59.8645,59.7057,59.8184,4099380,0
ACWI.US,D,20171003,000000,59.9047,60.0858,59.9047,60.0541,1554300,0
ACWI.US,D,20171004,000000,60.0541,60.1675,60.0099,60.098,1326134,0
ACWI.US,D,20171005,000000,60.1226,60.3468,60.1226,60.3243,974586,0
ACWI.US,D,20171006,000000,60.0897,60.2409,60.0718,60.2108,1191007,0
ACWI.US,D,20171009,000000,60.2961,60.3055,60.098,60.1413,720734,0
ACWI.US,D,20171010,000000,60.4021,60.5054,60.3243,60.4782,1254032,0
ACWI.US,D,20171011,000000,60.513,60.6359,60.467,60.6359,1280699,0
ACWI.US,D,20171012,000000,60.5411,60.6734,60.513,60.6265,1599379,0
ACWI.US,D,20171013,000000,60.7739,60.8358,60.7401,60.7739,743452,0
ACWI.US,D,20171016,000000,60.8002,60.8779,60.7559,60.8358,3120600,0
ACWI.US,D,20171017,000000,60.7486,60.787,60.6537,60.7739,1515367,0
ACWI.US,D,20171018,000000,60.8959,60.9222,60.7822,60.8686,2319206,0
ACWI.US,D,20171019,000000,60.617,60.818,60.5054,60.818,1451543,0
ACWI.US,D,20171020,000000,60.939,61.0535,60.8358,61.0535,1514393,0
ACWI.US,D,20171023,000000,60.9915,61.0075,60.6951,60.7559,1008981,0
ACWI.US,D,20171024,000000,60.7906,60.8856,60.7401,60.7906,780248,0
ACWI.US,D,20171025,000000,60.8087,60.8311,60.2811,60.573,989828,0
ACWI.US,D,20171026,000000,60.6622,60.7486,60.557,60.557,1197060,0
ACWI.US,D,20171027,000000,60.7138,60.9644,60.5823,60.939,1105896,0
ACWI.US,D,20171030,000000,60.8273,60.9559,60.7739,60.8433,888165,0
ACWI.US,D,20171031,000000,60.9559,61.0856,60.9052,61.0349,1436730,0
ACWI.US,D,20171101,000000,61.3212,61.3914,61.109,61.1398,1719846,0
ACWI.US,D,20171102,000000,61.1305,61.2601,60.9831,61.2253,1635705,0
ACWI.US,D,20171103,000000,61.1924,61.3134,61.0619,61.288,1333329,0
ACWI.US,D,20171106,000000,61.2694,61.4825,61.2421,61.4609,880075,0
ACWI.US,D,20171107,000000,61.4094,61.5135,61.2967,61.3829,1993836,0
ACWI.US,D,20171108,000000,61.3914,61.5313,61.306,61.504,618427,0
ACWI.US,D,20171109,000000,61.1127,61.2338,60.818,61.2094,1658427,0
ACWI.US,D,20171110,000000,61.0949,61.1484,61.0028,61.1033,634975,0
ACWI.US,D,20171113,000000,60.7906,61.0742,60.7401,61.017,909708,0
ACWI.US,D,20171114,000000,60.8959,60.9306,60.6855,60.8959,1276314,0
ACWI.US,D,20171115,000000,60.513,60.7213,60.3664,60.5908,1380315,0
ACWI.US,D,20171116,000000,60.9559,61.288,60.939,61.2001,1150157,0
ACWI.US,D,20171117,000000,61.0619,61.1831,61.0442,61.1033,680877,0
ACWI.US,D,20171120,000000,61.1924,61.2787,61.122,61.2253,1024396,0
ACWI.US,D,20171121,000000,61.5482,61.7255,61.5396,61.6824,1004680,0
ACWI.US,D,20171122,000000,61.7743,61.8532,61.6504,61.7743,1527064,0
ACWI.US,D,20171124,000000,61.9471,62.0062,61.9292,61.9471,806925,0
ACWI.US,D,20171127,000000,61.9114,61.9292,61.705,61.7133,1264802,0
ACWI.US,D,20171128,000000,61.9209,62.2155,61.8259,62.207,1170166,0
ACWI.US,D,20171129,000000,62.2155,62.2549,61.8691,61.9731,1870264,0
ACWI.US,D,20171130,000000,62.2229,62.4143,62.1075,62.268,8891014,0
ACWI.US,D,20171201,000000,62.1715,62.2155,61.4645,62.1123,7791885,0
ACWI.US,D,20171204,000000,62.407,62.5356,61.9555,61.9555,2774482,0
ACWI.US,D,20171205,000000,62.0155,62.146,61.7331,61.7743,2990774,0
ACWI.US,D,20171206,000000,61.6504,61.7434,61.5594,61.6504,1347267,0
ACWI.US,D,20171207,000000,61.5914,61.9076,61.5641,61.8166,2147769,0
ACWI.US,D,20171208,000000,62.146,62.1808,61.9978,62.1715,1345003,0
ACWI.US,D,20171211,000000,62.2155,62.4143,62.2155,62.407,6684290,0
ACWI.US,D,20171212,000000,62.328,62.4857,62.2924,62.407,1993761,0
ACWI.US,D,20171213,000000,62.544,62.7064,62.4998,62.5533,2137429,0
ACWI.US,D,20171214,000000,62.5721,62.5947,62.2229,62.2323,2831549,0
ACWI.US,D,20171215,000000,62.407,62.6163,62.328,62.4857,1958922,0
ACWI.US,D,20171218,000000,62.9815,63.1718,62.9815,63.0592,2393026,0
ACWI.US,D,20171219,000000,63.1192,63.1192,62.8218,62.8574,1663554,0
ACWI.US,D,20171220,000000,63.0771,63.0771,62.7391,62.8124,2918632,0
ACWI.US,D,20171221,000000,62.9439,63.1803,62.9174,63.0226,2556493,0
ACWI.US,D,20171222,000000,63.0678,63.1098,62.9532,63.1098,1262078,0
ACWI.US,D,20171226,000000,63.1015,63.1015,62.9354,62.9963,5299863,0
ACWI.US,D,20171227,000000,63.1286,63.1784,63.0189,63.093,3811649,0
ACWI.US,D,20171228,000000,63.3559,63.3559,63.1803,63.2337,1598528,0
ACWI.US,D,20171229,000000,63.4337,63.4769,63.1381,63.1728,1260333,0
ACWI.US,D,20180102,000000,63.5397,63.7669,63.3821,63.7669,2381238,0
ACWI.US,D,20180103,000000,63.8457,64.1537,63.8363,64.0907,3671599,0
ACWI.US,D,20180104,000000,64.4699,64.6614,64.4426,64.5393,2332793,0
ACWI.US,D,20180105,000000,64.7842,64.9992,64.6575,64.9588,1820586,0
ACWI.US,D,20180108,000000,64.9494,65.0638,64.8707,65.0197,1720715,0
ACWI.US,D,20180109,000000,65.1259,65.231,64.9766,65.0996,1447258,0
ACWI.US,D,20180110,000000,64.9588,65.0687,64.8283,64.9766,1361788,0
ACWI.US,D,20180111,000000,65.0818,65.4055,65.0818,65.3972,1436481,0
ACWI.US,D,20180112,000000,65.5276,65.9405,65.5109,65.8974,1577049,0
ACWI.US,D,20180116,000000,66.2738,66.3515,65.644,65.7838,3356146,0
ACWI.US,D,20180117,000000,66.0194,66.4285,65.8534,66.2991,2871157,0
ACWI.US,D,20180118,000000,66.2738,66.3515,66.0934,66.2117,4783695,0
ACWI.US,D,20180119,000000,66.423,66.546,66.2738,66.5281,1504973,0
ACWI.US,D,20180122,000000,66.5281,67.0105,66.5281,67.0105,1279128,0
ACWI.US,D,20180123,000000,67.0367,67.2329,66.9579,67.2207,1516814,0
ACWI.US,D,20180124,000000,67.4751,67.5877,66.9927,67.2825,1935443,0
ACWI.US,D,20180125,000000,67.5014,67.537,67.081,67.2207,2949691,0
ACWI.US,D,20180126,000000,67.519,67.9472,67.4318,67.9472,1442571,0
ACWI.US,D,20180129,000000,67.5793,67.6496,67.3221,67.3605,1922272,0
ACWI.US,D,20180130,000000,66.9654,67.0453,66.6061,66.7017,2699490,0
ACWI.US,D,20180131,000000,67.0105,67.0848,66.5186,66.773,2353195,0
ACWI.US,D,20180201,000000,66.5636,66.9579,66.5186,66.729,3683261,0
ACWI.US,D,20180202,000000,66.1603,66.238,65.245,65.2743,8679394,0
ACWI.US,D,20180205,000000,64.6529,65.1775,62.5214,62.681,12582680,0
ACWI.US,D,20180206,000000,62.1365,64.1,61.8232,64.0128,14692331,0
ACWI.US,D,20180207,000000,63.5116,64.2849,63.2695,63.2695,8633077,0
ACWI.US,D,20180208,000000,63.4073,63.4073,61.1924,61.1924,7115632,0
ACWI.US,D,20180209,000000,61.7613,62.2688,60.0428,61.901,9705710,0
ACWI.US,D,20180212,000000,62.3656,63.0845,62.0446,62.7692,4045089,0
ACWI.US,D,20180213,000000,62.5308,62.9805,62.3994,62.8734,2188787,0
ACWI.US,D,20180214,000000,62.4801,63.9631,62.4801,63.9423,3339405,0
ACWI.US,D,20180215,000000,64.4078,64.6614,63.7998,64.6529,3599326,0
ACWI.US,D,20180216,000000,64.4775,65.1596,64.4775,64.7392,3108823,0
ACWI.US,D,20180220,000000,64.2231,64.6274,63.9772,64.1883,1905441,0
ACWI.US,D,20180221,000000,64.3554,64.9494,63.8993,63.9087,1530240,0
ACWI.US,D,20180222,000000,64.1094,64.575,63.9265,64.041,2188214,0
ACWI.US,D,20180223,000000,64.4257,64.8536,64.2943,64.8358,8220976,0
ACWI.US,D,20180226,000000,65.1184,65.5369,64.9232,65.5276,2243754,0
ACWI.US,D,20180227,000000,65.2743,65.4543,64.5308,64.5308,2209045,0
ACWI.US,D,20180228,000000,64.758,64.7759,63.7857,63.7857,1864819,0
ACWI.US,D,20180301,000000,63.7154,64.0447,62.5675,62.9888,7900038,0
ACWI.US,D,20180302,000000,62.5758,63.3737,62.3572,63.279,2518119,0
ACWI.US,D,20180305,000000,62.9174,63.8899,62.8396,63.7764,2014806,0
ACWI.US,D,20180306,000000,64.1977,64.2316,63.7857,64.1094,1720823,0
ACWI.US,D,20180307,000000,63.6628,64.1188,63.5116,64.0654,1650168,0
ACWI.US,D,20180308,000000,64.2503,64.3196,63.9583,64.3019,1490097,0
ACWI.US,D,20180309,000000,64.5656,65.1418,64.4952,65.1343,912187,0
ACWI.US,D,20180312,000000,65.1964,65.3727,65.0197,65.1596,2643544,0
ACWI.US,D,20180313,000000,65.4234,65.5109,64.575,64.7222,1338308,0
ACWI.US,D,20180314,000000,65.1343,65.1343,64.4699,64.5928,1153120,0
ACWI.US,D,20180315,000000,64.7222,64.9062,64.4426,64.5656,3684614,0
ACWI.US,D,20180316,000000,64.575,64.758,64.5223,64.5393,1225518,0
ACWI.US,D,20180319,000000,64.329,64.329,63.4337,63.8551,2648235,0
ACWI.US,D,20180320,000000,63.9171,64.0907,63.828,63.9423,1178317,0
ACWI.US,D,20180321,000000,63.9423,64.4604,63.8513,64.0044,1910472,0
ACWI.US,D,20180322,000000,63.3389,63.4862,62.453,62.4895,4318749,0
ACWI.US,D,20180323,000000,62.5851,62.7514,61.3848,61.4206,1888427,0
ACWI.US,D,20180326,000000,62.374,62.9268,61.7706,62.8574,3496758,0
ACWI.US,D,20180327,000000,63.1098,63.217,61.6917,61.9536,3344925,0
ACWI.US,D,20180328,000000,62.1188,62.5073,61.7105,61.9968,3534617,0
ACWI.US,D,20180329,000000,62.2944,63.1015,62.1911,62.8313,3568170,0
ACWI.US,D,20180402,000000,62.5581,62.681,61.0525,61.5679,3807495,0
ACWI.US,D,20180403,000000,61.9874,62.2868,61.5387,62.2239,4895009,0
ACWI.US,D,20180404,000000,61.2704,62.743,61.1924,62.6631,2655971,0
ACWI.US,D,20180405,000000,62.909,63.2928,62.865,63.1098,2097442,0
ACWI.US,D,20180406,000000,62.7514,63.0498,61.7255,62.0579,3228354,0
ACWI.US,D,20180409,000000,62.5487,63.1015,62.3486,62.3826,1258927,0
ACWI.US,D,20180410,000000,63.1286,63.4946,62.9354,63.3559,2531035,0
ACWI.US,D,20180411,000000,63.0771,63.4609,63.0141,63.0771,1342854,0
ACWI.US,D,20180412,000000,63.3116,63.627,63.2608,63.4243,1030524,0
ACWI.US,D,20180413,000000,63.6703,63.7312,63.0771,63.2864,1583131,0
ACWI.US,D,20180416,000000,63.4956,63.7058,63.3737,63.5905,2280787,0
ACWI.US,D,20180417,000000,63.8203,64.2316,63.7669,64.0568,987792,0
ACWI.US,D,20180418,000000,64.2943,64.4303,64.1367,64.268,1653973,0
ACWI.US,D,20180419,000000,64.1798,64.2316,63.749,63.9949,3030687,0
ACWI.US,D,20180420,000000,63.8899,63.8899,63.3164,63.4956,1589816,0
ACWI.US,D,20180423,000000,63.5492,63.6363,63.1803,63.4073,1695447,0
ACWI.US,D,20180424,000000,63.627,63.6974,62.513,62.803,2450419,0
ACWI.US,D,20180425,000000,62.7074,62.8959,62.3027,62.8124,1447564,0
ACWI.US,D,20180426,000000,63.0771,63.4862,62.9963,63.3201,2282571,0
ACWI.US,D,20180427,000000,63.4862,63.536,63.1982,63.4515,816715,0
ACWI.US,D,20180430,000000,63.5492,63.6703,63.0678,63.0845,2826104,0
ACWI.US,D,20180501,000000,62.9963,63.0405,62.5262,63.0141,2293174,0
ACWI.US,D,20180502,000000,63.1634,63.2864,62.6724,62.7514,1228477,0
ACWI.US,D,20180503,000000,62.603,62.9044,61.9835,62.7598,4217131,0
ACWI.US,D,20180504,000000,62.374,63.4515,62.3486,63.2864,1478246,0
ACWI.US,D,20180507,000000,63.3295,63.5727,63.2337,63.3915,1741099,0
ACWI.US,D,20180508,000000,63.2864,63.4337,63.1015,63.4168,1574024,0
ACWI.US,D,20180509,000000,63.4956,63.8768,63.4243,63.7857,1575016,0
ACWI.US,D,20180510,000000,64.041,64.4952,64.041,64.4352,1634484,0
ACWI.US,D,20180511,000000,64.5562,64.6839,64.4173,64.575,1316218,0
ACWI.US,D,20180514,000000,64.7392,64.9316,64.5928,64.6708,1153015,0
ACWI.US,D,20180515,000000,64.206,64.241,63.9087,64.1094,2189807,0
ACWI.US,D,20180516,000000,64.206,64.4952,64.1798,64.3985,913027,0
ACWI.US,D,20180517,000000,64.2765,64.5356,64.146,64.3196,951996,0
ACWI.US,D,20180518,000000,64.1611,64.209,64.0128,64.1,1259707,0
ACWI.US,D,20180521,000000,64.4352,64.6087,64.3805,64.513,1270657,0
ACWI.US,D,20180522,000000,64.6444,64.7665,64.3722,64.4426,1146431,0
ACWI.US,D,20180523,000000,63.9171,64.3113,63.8203,64.3113,1711080,0
ACWI.US,D,20180524,000000,64.1274,64.2231,63.6533,64.0737,1841310,0
ACWI.US,D,20180525,000000,63.8804,64.008,63.7857,63.8899,1151527,0
ACWI.US,D,20180529,000000,63.3201,63.4243,62.632,62.9174,2867259,0
ACWI.US,D,20180530,000000,63.2515,63.7857,63.1887,63.7407,2376849,0
ACWI.US,D,20180531,000000,63.5905,63.627,63.2422,63.3821,2656811,0
ACWI.US,D,20180601,000000,63.8119,64.0568,63.7312,64.041,3329020,0
ACWI.US,D,20180604,000000,64.3468,64.4868,64.2719,64.4173,2628752,0
ACWI.US,D,20180605,000000,64.3805,64.4303,64.146,64.3468,4302062,0
ACWI.US,D,20180606,000000,64.5656,64.9588,64.4257,64.9588,4436135,0
ACWI.US,D,20180607,000000,65.0114,65.0282,64.4905,64.6708,1721701,0
ACWI.US,D,20180608,000000,64.5393,64.8536,64.4604,64.8012,1162978,0
ACWI.US,D,20180611,000000,64.9155,65.1503,64.8885,65.0114,1762954,0
ACWI.US,D,20180612,000000,64.9673,65.0638,64.7759,64.9232,1220219,0
ACWI.US,D,20180613,000000,64.94,65.0638,64.636,64.7936,3286191,0
ACWI.US,D,20180614,000000,64.8791,64.9813,64.6885,64.7759,2438628,0
ACWI.US,D,20180615,000000,64.4604,64.5835,64.2099,64.5223,1618363,0
ACWI.US,D,20180618,000000,64.0044,64.2587,63.8718,64.241,3928724,0
ACWI.US,D,20180619,000000,63.4609,63.8316,63.338,63.798,4036205,0
ACWI.US,D,20180620,000000,64.0287,64.1075,63.8316,63.948,1894690,0
ACWI.US,D,20180621,000000,63.798,63.8167,63.3549,63.4694,2627294,0
ACWI.US,D,20180622,000000,63.9837,64.0475,63.735,63.8073,1281569,0
ACWI.US,D,20180625,000000,63.4694,63.4694,62.603,62.9025,4788472,0
ACWI.US,D,20180626,000000,63.1062,63.2047,62.8095,62.9918,1737332,0
ACWI.US,D,20180627,000000,63.0892,63.3549,62.3628,62.3797,3258566,0
ACWI.US,D,20180628,000000,62.4143,62.8376,62.2033,62.7083,3150537,0
ACWI.US,D,20180629,000000,63.1521,63.4216,63.0094,63.0094,2209840,0
ACWI.US,D,20180702,000000,62.3167,62.8508,62.3167,62.8236,4034236,0
ACWI.US,D,20180703,000000,63.1953,63.1953,62.7083,62.7702,1550422,0
ACWI.US,D,20180705,000000,63.1521,63.2403,62.8763,63.2224,2530916,0
ACWI.US,D,20180706,000000,63.2854,63.7893,63.2224,63.6824,7162964,0
ACWI.US,D,20180709,000000,64.0719,64.3468,64.0334,64.3028,3260628,0
ACWI.US,D,20180710,000000,64.3206,64.4717,64.268,64.4371,2213388,0
ACWI.US,D,20180711,000000,63.841,64.0766,63.5585,63.673,2533305,0
ACWI.US,D,20180712,000000,64.0719,64.2858,63.9181,64.2765,1756143,0
ACWI.US,D,20180713,000000,64.241,64.3918,64.1075,64.3742,1405873,0
ACWI.US,D,20180716,000000,64.3658,64.3742,64.1648,64.2858,876211,0
ACWI.US,D,20180717,000000,64.0719,64.5787,64.0634,64.5346,1301952,0
ACWI.US,D,20180718,000000,64.4717,64.6041,64.3394,64.5693,1219613,0
ACWI.US,D,20180719,000000,64.2231,64.4445,64.1075,64.268,3046090,0
ACWI.US,D,20180720,000000,64.3658,64.5918,64.33,64.4887,1940107,0
ACWI.US,D,20180723,000000,64.3742,64.5159,64.2765,64.4887,2227310,0
ACWI.US,D,20180724,000000,64.8949,65.1005,64.6659,64.816,2522436,0
ACWI.US,D,20180725,000000,64.9307,65.5089,64.773,65.4543,2536007,0
ACWI.US,D,20180726,000000,65.1259,65.3446,65.1259,65.1793,1103120,0
ACWI.US,D,20180727,000000,65.3399,65.383,64.7908,64.9852,3272759,0
ACWI.US,D,20180730,000000,65.1194,65.1194,64.6801,64.773,1923031,0
ACWI.US,D,20180731,000000,64.9852,65.1343,64.816,64.9391,2213865,0
ACWI.US,D,20180801,000000,64.9139,65.0368,64.6492,64.7984,2777545,0
ACWI.US,D,20180802,000000,64.241,64.7984,64.1788,64.7637,2794164,0
ACWI.US,D,20180803,000000,64.7637,65.0197,64.7157,65.003,1030164,0
ACWI.US,D,20180806,000000,64.7908,65.0818,64.7232,64.9945,1169330,0
ACWI.US,D,20180807,000000,65.383,65.4723,65.2675,65.2939,1865666,0
ACWI.US,D,20180808,000000,65.2769,65.3784,65.1427,65.3032,2152248,0
ACWI.US,D,20180809,000000,65.3305,65.4104,65.1259,65.1343,741658,0
ACWI.US,D,20180810,000000,64.4276,64.5159,64.1827,64.3658,2450200,0
ACWI.US,D,20180813,000000,64.2503,64.4181,63.8954,63.9837,1642655,0
ACWI.US,D,20180814,000000,64.1873,64.3516,64.0287,64.2765,1541211,0
ACWI.US,D,20180815,000000,63.6476,63.6561,63.1025,63.5126,3261230,0
ACWI.US,D,20180816,000000,63.9048,64.239,63.8954,63.9921,1805250,0
ACWI.US,D,20180817,000000,63.948,64.4445,63.8363,64.2858,1591367,0
ACWI.US,D,20180820,000000,64.4445,64.5787,64.3918,64.5253,1354578,0
ACWI.US,D,20180821,000000,64.773,65.032,64.773,64.8255,1677878,0
ACWI.US,D,20180822,000000,64.8781,65.0545,64.8331,64.9232,1684943,0
ACWI.US,D,20180823,000000,64.816,64.9532,64.5825,64.6136,2390909,0
ACWI.US,D,20180824,000000,64.8688,65.1699,64.8688,65.11,1563145,0
ACWI.US,D,20180827,000000,65.4723,65.813,65.4637,65.7377,4312127,0
ACWI.US,D,20180828,000000,65.9414,65.9507,65.7115,65.7744,5410409,0
ACWI.US,D,20180829,000000,65.7829,66.1799,65.7294,66.1639,2091793,0
ACWI.US,D,20180830,000000,65.7744,65.8494,65.4449,65.597,2042305,0
ACWI.US,D,20180831,000000,65.3916,65.6412,65.1793,65.3916,3378845,0
ACWI.US,D,20180904,000000,65.0282,65.0911,64.7814,65.0282,2581288,0
ACWI.US,D,20180905,000000,64.7543,64.8125,64.4181,64.6755,1567747,0
ACWI.US,D,20180906,000000,64.6492,64.7447,64.1873,64.4445,2031590,0
ACWI.US,D,20180907,000000,64.1357,64.424,64.0193,64.1788,2021443,0
ACWI.US,D,20180910,000000,64.4802,64.5346,64.268,64.2858,2029226,0
ACWI.US,D,20180911,000000,64.056,64.5075,63.948,64.4802,1714039,0
ACWI.US,D,20180912,000000,64.4632,64.7543,64.3206,64.6041,1994784,0
ACWI.US,D,20180913,000000,65.0452,65.1841,64.8865,65.0452,2305742,0
ACWI.US,D,20180914,000000,65.1259,65.2582,64.9232,65.1005,3422727,0
ACWI.US,D,20180917,000000,65.1194,65.1699,64.8425,64.8865,2027136,0
ACWI.US,D,20180918,000000,65.11,65.4543,65.0818,65.3493,2336315,0
ACWI.US,D,20180919,000000,65.383,65.6224,65.383,65.5163,1799749,0
ACWI.US,D,20180920,000000,65.9507,66.2522,65.9067,66.1367,2062526,0
ACWI.US,D,20180921,000000,66.2689,66.3478,66.1545,66.1725,1462567,0
ACWI.US,D,20180924,000000,65.9959,66.0485,65.8081,65.8627,1051740,0
ACWI.US,D,20180925,000000,66.1461,66.1461,65.9507,65.9959,1163793,0
ACWI.US,D,20180926,000000,66.0485,66.4033,65.8711,65.9507,2828510,0
ACWI.US,D,20180927,000000,65.9414,66.2869,65.9331,65.9507,2443282,0
ACWI.US,D,20180928,000000,65.703,65.9875,65.6495,65.7923,5353452,0
ACWI.US,D,20181001,000000,66.12,66.2249,65.8494,65.9782,1869487,0
ACWI.US,D,20181002,000000,65.6674,65.8898,65.597,65.7567,1599189,0
ACWI.US,D,20181003,000000,66.0054,66.0485,65.597,65.7115,1219574,0
ACWI.US,D,20181004,000000,65.4104,65.4187,64.6397,65.0114,2675000,0
ACWI.US,D,20181005,000000,64.9391,65.0452,64.2587,64.6322,2909274,0
ACWI.US,D,20181008,000000,64.2858,64.5647,63.965,64.5253,3029788,0
ACWI.US,D,20181009,000000,64.1695,64.5871,64.056,64.4004,1723343,0
ACWI.US,D,20181010,000000,64.1788,64.1788,62.451,62.5298,9953559,0
ACWI.US,D,20181011,000000,62.3261,62.6537,61.0525,61.4768,16898043,0
ACWI.US,D,20181012,000000,62.451,62.451,61.4327,62.2192,6421487,0
ACWI.US,D,20181015,000000,62.0249,62.345,61.8053,61.8842,4201251,0
ACWI.US,D,20181016,000000,62.4877,63.2499,62.3975,63.1343,9804074,0
ACWI.US,D,20181017,000000,63.0357,63.1295,62.4594,62.9653,5018602,0
ACWI.US,D,20181018,000000,62.603,62.7524,61.6721,61.9555,4275079,0
ACWI.US,D,20181019,000000,62.2286,62.6453,61.9366,62.0784,3790455,0
ACWI.US,D,20181022,000000,62.2558,62.3355,61.7518,61.9199,2280041,0
ACWI.US,D,20181023,000000,60.864,61.7255,60.4482,61.4411,4766246,0
ACWI.US,D,20181024,000000,61.3003,61.3436,59.5443,59.7405,5638827,0
ACWI.US,D,20181025,000000,60.0502,60.9184,59.8738,60.59,4825723,0
ACWI.US,D,20181026,000000,59.6786,60.3778,59.0311,59.7762,10238717,0
ACWI.US,D,20181029,000000,60.3873,60.6697,58.678,59.3848,7377834,0
ACWI.US,D,20181030,000000,59.3763,60.2848,59.3322,60.237,5774016,0
ACWI.US,D,20181031,000000,60.8828,61.3003,60.7589,60.9005,3835262,0
ACWI.US,D,20181101,000000,61.2637,61.7884,60.9973,61.7518,5079479,0
ACWI.US,D,20181102,000000,62.1854,62.2914,61.1494,61.6374,4679836,0
ACWI.US,D,20181105,000000,61.6287,61.9282,61.4853,61.8232,2340222,0
ACWI.US,D,20181106,000000,61.7603,62.1227,61.7331,62.0869,2601149,0
ACWI.US,D,20181107,000000,62.6286,63.231,62.497,63.2224,2146816,0
ACWI.US,D,20181108,000000,62.9474,63.0639,62.5298,62.7083,1882978,0
ACWI.US,D,20181109,000000,62.3261,62.345,61.7959,62.1759,3302569,0
ACWI.US,D,20181112,000000,61.8842,61.9199,60.9184,61.0339,3485636,0
ACWI.US,D,20181113,000000,61.1494,61.7255,60.9541,61.122,4273162,0
ACWI.US,D,20181114,000000,61.4947,61.6721,60.5542,60.9005,3783253,0
ACWI.US,D,20181115,000000,60.6443,61.6287,60.3599,61.4853,6823322,0
ACWI.US,D,20181116,000000,61.1494,61.779,61.061,61.6459,4730846,0
ACWI.US,D,20181119,000000,61.4675,61.4947,60.5289,60.7146,13317911,0
ACWI.US,D,20181120,000000,59.8569,60.1394,59.3848,59.6072,6712139,0
ACWI.US,D,20181121,000000,60.1751,60.5064,60.069,60.1562,3419421,0
ACWI.US,D,20181123,000000,59.687,59.9902,59.5987,59.7584,1371760,0
ACWI.US,D,20181126,000000,60.3778,60.6443,60.2886,60.635,4591759,0
ACWI.US,D,20181127,000000,60.3599,60.7053,60.1966,60.7053,3973944,0
ACWI.US,D,20181128,000000,60.9184,61.9366,60.6622,61.9366,4170764,0
ACWI.US,D,20181129,000000,61.6532,62.0071,61.4148,61.6804,3328076,0
ACWI.US,D,20181130,000000,61.5744,61.9282,61.4675,61.8663,3510148,0
ACWI.US,D,20181203,000000,62.8856,62.9306,62.3721,62.6631,4332410,0
ACWI.US,D,20181204,000000,62.497,62.5665,60.8377,60.9099,4641810,0
ACWI.US,D,20181206,000000,59.8004,60.6443,59.1539,60.6443,10784650,0
ACWI.US,D,20181207,000000,60.5383,60.9184,59.3134,59.4834,10197936,0
ACWI.US,D,20181210,000000,59.3228,59.563,58.3937,59.305,8915743,0
ACWI.US,D,20181211,000000,59.9714,60.1132,59.075,59.3848,14576623,0
ACWI.US,D,20181212,000000,60.1562,60.6302,59.9987,60.0146,6355758,0
ACWI.US,D,20181213,000000,60.2108,60.3692,59.7669,59.9621,6232164,0
ACWI.US,D,20181214,000000,59.3585,59.5801,58.909,58.9972,6588347,0
ACWI.US,D,20181217,000000,58.8546,59.0311,57.7638,58.0999,10431124,0
ACWI.US,D,20181218,000000,58.4059,58.6293,57.8051,58.0736,9908927,0
ACWI.US,D,20181219,000000,58.2257,58.9963,56.9841,57.2713,6924360,0
ACWI.US,D,20181220,000000,57.2787,57.547,56.3393,56.7691,16105218,0
ACWI.US,D,20181221,000000,56.7241,57.2787,55.5705,55.6972,15618400,0
ACWI.US,D,20181224,000000,55.5705,55.7676,54.6676,54.7043,7915927,0
ACWI.US,D,20181226,000000,55.0335,56.7286,54.5513,56.7241,17327428,0
ACWI.US,D,20181227,000000,56.0717,57.0018,55.3829,56.9934,14818597,0
ACWI.US,D,20181228,000000,57.3331,57.6851,56.8845,57.1276,14972567,0
ACWI.US,D,20181231,000000,57.3867,57.6174,57.0553,57.4035,9954071,0
ACWI.US,D,20190102,000000,56.6169,57.5292,56.5138,57.3867,7423970,0
ACWI.US,D,20190103,000000,57.0366,57.0815,56.2857,56.4105,5713390,0
ACWI.US,D,20190104,000000,57.1896,58.3608,57.1229,58.2087,7029141,0
ACWI.US,D,20190107,000000,58.2538,58.8537,58.0915,58.5683,4058225,0
ACWI.US,D,20190108,000000,59.0057,59.1389,58.5683,58.9972,5069687,0
ACWI.US,D,20190109,000000,59.3462,59.7397,59.1652,59.5425,3868975,0
ACWI.US,D,20190110,000000,59.2458,59.824,59.1173,59.8193,3477011,0
ACWI.US,D,20190111,000000,59.4167,59.6411,59.2994,59.6054,17663880,0
ACWI.US,D,20190114,000000,59.1839,59.4655,59.0676,59.2646,4993331,0
ACWI.US,D,20190115,000000,59.4345,59.8738,59.4345,59.8004,4910489,0
ACWI.US,D,20190116,000000,59.9451,60.1779,59.8908,59.9724,4636794,0
ACWI.US,D,20190117,000000,59.7659,60.5711,59.7124,60.4115,3991173,0
ACWI.US,D,20190118,000000,60.8573,61.1661,60.6771,61.0462,5839229,0
ACWI.US,D,20190122,000000,60.5438,60.6247,59.8908,60.2399,8425355,0
ACWI.US,D,20190123,000000,60.5711,60.6613,59.9085,60.3927,4526104,0
ACWI.US,D,20190124,000000,60.3927,60.6057,60.2267,60.4999,5052985,0
ACWI.US,D,20190125,000000,61.0369,61.288,60.9738,61.1709,5899528,0
ACWI.US,D,20190128,000000,60.6865,60.7505,60.3394,60.7505,10928797,0
ACWI.US,D,20190129,000000,60.9119,61.0001,60.6341,60.7589,4408233,0
ACWI.US,D,20190130,000000,61.0733,61.8335,60.9024,61.6184,4678612,0
ACWI.US,D,20190131,000000,61.6532,62.1103,61.5556,62.0203,6179193,0
ACWI.US,D,20190201,000000,62.0109,62.146,61.8062,61.9488,5358627,0
ACWI.US,D,20190204,000000,61.9311,62.3057,61.7706,62.3057,2618634,0
ACWI.US,D,20190205,000000,62.5055,62.7279,62.4539,62.6734,4968235,0
ACWI.US,D,20190206,000000,62.603,62.6462,62.3572,62.4323,5049328,0
ACWI.US,D,20190207,000000,62.0916,62.1365,61.4572,61.78,3428012,0
ACWI.US,D,20190208,000000,61.5022,61.7613,61.2235,61.7613,4460883,0
ACWI.US,D,20190211,000000,61.8429,61.8945,61.5735,61.6804,2596564,0
ACWI.US,D,20190212,000000,62.1365,62.5121,62.1365,62.4407,2393785,0
ACWI.US,D,20190213,000000,62.5937,62.7721,62.468,62.4774,2632908,0
ACWI.US,D,20190214,000000,62.3057,62.6921,62.146,62.4407,6300802,0
ACWI.US,D,20190215,000000,62.8695,63.0854,62.7982,63.0854,2774990,0
ACWI.US,D,20190219,000000,62.9251,63.4243,62.8978,63.2987,1049472,0
ACWI.US,D,20190220,000000,63.3361,63.6496,63.308,63.4694,2000950,0
ACWI.US,D,20190221,000000,63.4168,63.4168,63.0949,63.3174,2277564,0
ACWI.US,D,20190222,000000,63.5229,63.7651,63.4609,63.7022,1640092,0
ACWI.US,D,20190225,000000,64.0859,64.192,63.8542,63.8635,2190361,0
ACWI.US,D,20190226,000000,63.7838,64.0954,63.7745,63.9087,2222280,0
ACWI.US,D,20190227,000000,63.7838,63.9001,63.5136,63.7745,2187043,0
ACWI.US,D,20190228,000000,63.6758,63.7556,63.4881,63.551,7838090,0
ACWI.US,D,20190301,000000,63.9611,64.0437,63.6308,63.8908,4679386,0
ACWI.US,D,20190304,000000,64.1423,64.1544,63.2283,63.7022,4110755,0
ACWI.US,D,20190305,000000,63.7556,63.8718,63.5688,63.7115,2862996,0
ACWI.US,D,20190306,000000,63.7838,63.7838,63.3708,63.398,3280917,0
ACWI.US,D,20190307,000000,63.2648,63.2648,62.5937,62.7373,4103338,0
ACWI.US,D,20190308,000000,62.2446,62.6123,62.1818,62.5758,3380798,0
ACWI.US,D,20190311,000000,62.7721,63.4422,62.7721,63.4073,1828192,0
ACWI.US,D,20190312,000000,63.5229,63.7208,63.4975,63.6496,7567473,0
ACWI.US,D,20190313,000000,63.8354,64.1675,63.8015,64.0156,3734463,0
ACWI.US,D,20190314,000000,63.9893,64.0701,63.8542,63.9518,1748324,0
ACWI.US,D,20190315,000000,64.2484,64.5891,64.2221,64.4726,3442431,0
ACWI.US,D,20190318,000000,64.5619,64.8293,64.5263,64.8293,1555773,0
ACWI.US,D,20190319,000000,65.0622,65.2057,64.6781,64.8828,5563648,0
ACWI.US,D,20190320,000000,64.7392,65.1596,64.3742,64.7222,4542098,0
ACWI.US,D,20190321,000000,64.4896,65.2103,64.4548,65.1784,2429017,0
ACWI.US,D,20190322,000000,64.6342,64.7261,63.8194,63.827,4710567,0
ACWI.US,D,20190325,000000,63.7745,64.025,63.5416,63.8194,4480191,0
ACWI.US,D,20190326,000000,64.2306,64.4765,63.9799,64.2577,2272443,0
ACWI.US,D,20190327,000000,64.2577,64.3658,63.6037,63.9611,2691234,0
ACWI.US,D,20190328,000000,64.011,64.2042,63.796,64.1518,2099158,0
ACWI.US,D,20190329,000000,64.5168,64.5619,64.2128,64.5533,3583088,0
ACWI.US,D,20190401,000000,65.0986,65.3746,65.0264,65.3408,2867137,0
ACWI.US,D,20190402,000000,65.3408,65.3662,65.1081,65.3126,2112118,0
ACWI.US,D,20190403,000000,65.6805,65.886,65.4759,65.6168,3549213,0
ACWI.US,D,20190404,000000,65.5811,65.7332,65.4929,65.7163,2225281,0
ACWI.US,D,20190405,000000,65.8234,65.9846,65.7518,65.9669,1189209,0
ACWI.US,D,20190408,000000,65.9048,66.0466,65.7425,66.0466,1125097,0
ACWI.US,D,20190409,000000,65.8588,65.8588,65.612,65.6976,1307938,0
ACWI.US,D,20190410,000000,65.8045,65.9752,65.7246,65.9752,1758129,0
ACWI.US,D,20190411,000000,65.9218,65.9386,65.6805,65.7697,1405598,0
ACWI.US,D,20190412,000000,66.2166,66.3329,66.119,66.2335,1632259,0
ACWI.US,D,20190415,000000,66.2888,66.2888,66.0108,66.208,1701987,0
ACWI.US,D,20190416,000000,66.4324,66.4482,66.2014,66.2793,1829684,0
ACWI.US,D,20190417,000000,66.5909,66.6095,66.1921,66.3056,2533199,0
ACWI.US,D,20190418,000000,66.2972,66.3863,66.0746,66.3245,3021807,0
ACWI.US,D,20190422,000000,66.0653,66.315,66.0653,66.315,1437934,0
ACWI.US,D,20190423,000000,66.3056,66.7177,66.2335,66.6725,766553,0
ACWI.US,D,20190424,000000,66.5112,66.5299,66.2559,66.3056,3381438,0
ACWI.US,D,20190425,000000,66.2335,66.3592,65.9752,66.2888,3251144,0
ACWI.US,D,20190426,000000,66.3245,66.5582,66.1725,66.5393,1673226,0
ACWI.US,D,20190429,000000,66.574,66.8162,66.5506,66.699,1689871,0
ACWI.US,D,20190430,000000,66.6379,66.8069,66.3452,66.7627,1641643,0
ACWI.US,D,20190501,000000,66.8331,66.9861,66.2793,66.3056,3084621,0
ACWI.US,D,20190502,000000,66.2888,66.4567,65.886,66.1536,2633510,0
ACWI.US,D,20190503,000000,66.5112,66.8791,66.5074,66.8519,1820218,0
ACWI.US,D,20190506,000000,65.5266,66.3959,65.5014,66.2972,2750224,0
ACWI.US,D,20190507,000000,65.7332,65.7875,64.82,65.169,3337143,0
ACWI.US,D,20190508,000000,65.1259,65.5192,65.0264,65.1343,4282407,0
ACWI.US,D,20190509,000000,64.4642,64.9373,64.0954,64.8021,3129199,0
ACWI.US,D,20190510,000000,64.7222,65.3126,64.0701,65.2057,2636271,0
ACWI.US,D,20190513,000000,63.8954,64.0344,63.3427,63.5688,2887320,0
ACWI.US,D,20190514,000000,63.8542,64.4181,63.827,64.1592,2837431,0
ACWI.US,D,20190515,000000,63.7651,64.5805,63.6758,64.4181,2229876,0
ACWI.US,D,20190516,000000,64.5891,65.2517,64.5891,64.9008,1200413,0
ACWI.US,D,20190517,000000,64.3825,64.9195,64.3658,64.4098,2261716,0
ACWI.US,D,20190520,000000,64.0785,64.329,63.8908,64.0156,1069048,0
ACWI.US,D,20190521,000000,64.4548,64.6781,64.361,64.5974,830217,0
ACWI.US,D,20190522,000000,64.3658,64.5805,64.2849,64.3385,1787043,0
ACWI.US,D,20190523,000000,63.7745,63.7745,63.3436,63.612,2661312,0
ACWI.US,D,20190524,000000,64.0437,64.1518,63.7696,63.9611,995042,0
ACWI.US,D,20190528,000000,64.025,64.2128,63.4168,63.4168,10294404,0
ACWI.US,D,20190529,000000,63.1211,63.2327,62.7541,63.0498,8666157,0
ACWI.US,D,20190530,000000,63.2018,63.4168,63.0761,63.3268,5320290,0
ACWI.US,D,20190531,000000,62.6379,62.9381,62.5055,62.71,2841368,0
ACWI.US,D,20190603,000000,62.7898,64.2221,62.5298,62.8264,7366956,0
ACWI.US,D,20190604,000000,63.2283,63.8448,63.0949,63.8448,5208825,0
ACWI.US,D,20190605,000000,64.1235,64.1329,63.6937,64.0701,2807843,0
ACWI.US,D,20190606,000000,64.1518,64.5168,63.9977,64.4098,2491263,0
ACWI.US,D,20190607,000000,64.6781,65.3032,64.6781,65.0892,2226380,0
ACWI.US,D,20190610,000000,65.3746,65.7069,65.3595,65.3662,2938768,0
ACWI.US,D,20190611,000000,65.8588,65.9752,65.3859,65.5548,2242709,0
ACWI.US,D,20190612,000000,65.3314,65.4422,65.1596,65.1784,953497,0
ACWI.US,D,20190613,000000,65.4207,65.5099,65.2019,65.4018,1180498,0
ACWI.US,D,20190614,000000,65.1784,65.2057,65.0002,65.1176,2392641,0
ACWI.US,D,20190617,000000,65.1886,65.3154,65.0986,65.1793,1200898,0
ACWI.US,D,20190618,000000,65.6327,66.1677,65.6327,66.0222,8248531,0
ACWI.US,D,20190619,000000,66.1132,66.3751,65.9228,66.239,6057707,0
ACWI.US,D,20190620,000000,67.0189,67.109,66.574,66.9918,1921030,0
ACWI.US,D,20190621,000000,66.7748,67.046,66.7374,66.8105,1896470,0
ACWI.US,D,20190624,000000,66.8924,66.942,66.7374,66.7374,1397121,0
ACWI.US,D,20190625,000000,66.7467,66.7748,66.1584,66.2034,4123745,0
ACWI.US,D,20190626,000000,66.4305,66.544,66.2156,66.2483,2760047,0
ACWI.US,D,20190627,000000,66.4211,66.5656,66.3564,66.5019,1944003,0
ACWI.US,D,20190628,000000,66.6922,66.8463,66.5919,66.7833,2928263,0
ACWI.US,D,20190701,000000,67.4994,67.6261,67.078,67.309,3113394,0
ACWI.US,D,20190702,000000,67.309,67.4722,67.1822,67.4722,4201989,0
ACWI.US,D,20190703,000000,67.6431,67.8964,67.5708,67.8964,952979,0
ACWI.US,D,20190705,000000,67.5087,67.6561,67.155,67.5803,2236404,0
ACWI.US,D,20190708,000000,67.2546,67.3539,67.1644,67.2264,3025908,0
ACWI.US,D,20190709,000000,66.8744,67.2591,66.8651,67.1916,1821747,0
ACWI.US,D,20190710,000000,67.5182,67.735,67.3503,67.5361,4118842,0
ACWI.US,D,20190711,000000,67.6891,67.7077,67.3952,67.6168,3189737,0
ACWI.US,D,20190712,000000,67.6797,67.8158,67.5708,67.8158,874404,0
ACWI.US,D,20190715,000000,67.9433,67.9433,67.7745,67.8712,2188411,0
ACWI.US,D,20190716,000000,67.8252,67.8871,67.5708,67.6168,2143987,0
ACWI.US,D,20190717,000000,67.6346,67.7033,67.3184,67.3184,1476654,0
ACWI.US,D,20190718,000000,67.1916,67.6346,67.095,67.6346,1388569,0
ACWI.US,D,20190719,000000,67.7435,67.7792,67.2452,67.2452,2622009,0
ACWI.US,D,20190722,000000,67.4001,67.4817,67.2639,67.4085,1815281,0
ACWI.US,D,20190723,000000,67.7162,67.8064,67.5087,67.7792,1715475,0
ACWI.US,D,20190724,000000,67.6168,68.0053,67.6168,67.9979,1402029,0
ACWI.US,D,20190725,000000,67.9058,67.9058,67.4085,67.4901,2294620,0
ACWI.US,D,20190726,000000,67.7531,67.9058,67.7033,67.8252,1715488,0
ACWI.US,D,20190729,000000,67.8787,67.8964,67.6478,67.7792,1310748,0
ACWI.US,D,20190730,000000,67.3362,67.4994,67.219,67.4545,1771503,0
ACWI.US,D,20190731,000000,67.4722,67.5182,66.2568,66.8275,4389859,0
ACWI.US,D,20190801,000000,66.8022,67.4722,66.0495,66.2849,5089548,0
ACWI.US,D,20190802,000000,66.0222,66.041,65.3614,65.6957,3990502,0
ACWI.US,D,20190805,000000,64.6181,64.6181,63.3436,63.7566,6695279,0
ACWI.US,D,20190806,000000,64.2924,64.5376,63.8701,64.482,15392658,0
ACWI.US,D,20190807,000000,63.9114,64.8077,63.5575,64.7092,4856015,0
ACWI.US,D,20190808,000000,65.0075,65.7322,64.9165,65.6599,4479638,0
ACWI.US,D,20190809,000000,65.4788,65.5876,64.9363,65.216,3091345,0
ACWI.US,D,20190812,000000,64.8801,64.9982,64.3554,64.482,3036110,0
ACWI.US,D,20190813,000000,64.3554,65.6599,64.3103,65.4244,3086604,0
ACWI.US,D,20190814,000000,64.3009,64.3918,63.458,63.5575,4576783,0
ACWI.US,D,20190815,000000,63.7208,63.8467,63.2601,63.6758,3893944,0
ACWI.US,D,20190816,000000,64.0391,64.6181,64.0391,64.5459,2464941,0
ACWI.US,D,20190819,000000,65.1982,65.2827,65.0256,65.0892,1952692,0
ACWI.US,D,20190820,000000,65.034,65.1512,64.744,64.744,1756002,0
ACWI.US,D,20190821,000000,65.3437,65.4337,65.1699,65.2788,1224987,0
ACWI.US,D,20190822,000000,65.3614,65.4788,64.8349,65.1793,2120375,0
ACWI.US,D,20190823,000000,64.8717,65.3248,63.6486,63.8203,4372912,0
ACWI.US,D,20190826,000000,64.3825,64.4558,64.0391,64.4098,3302515,0
ACWI.US,D,20190827,000000,64.7261,64.8442,64.1479,64.237,3282562,0
ACWI.US,D,20190828,000000,64.0823,64.5825,63.9472,64.4999,11762480,0
ACWI.US,D,20190829,000000,65.1259,65.353,64.8894,65.2254,4373814,0
ACWI.US,D,20190830,000000,65.6599,65.6618,65.1176,65.353,3430868,0
ACWI.US,D,20190903,000000,64.9165,65.1127,64.7261,64.9982,2813166,0
ACWI.US,D,20190904,000000,65.6599,65.8683,65.5323,65.8683,1203801,0
ACWI.US,D,20190905,000000,66.4388,66.7748,66.4388,66.5826,1585306,0
ACWI.US,D,20190906,000000,66.7374,66.8275,66.6012,66.6745,1470893,0
ACWI.US,D,20190909,000000,66.9194,66.9194,66.574,66.7562,3615229,0
ACWI.US,D,20190910,000000,66.5919,66.7927,66.3845,66.7655,2764690,0
ACWI.US,D,20190911,000000,66.91,67.2825,66.8275,67.2825,1582159,0
ACWI.US,D,20190912,000000,67.4638,67.735,67.2639,67.5708,1912055,0
ACWI.US,D,20190913,000000,67.7792,67.8787,67.5849,67.6431,2394886,0
ACWI.US,D,20190916,000000,67.3268,67.4591,67.2452,67.3634,1788395,0
ACWI.US,D,20190917,000000,67.219,67.5268,67.1644,67.4722,1163353,0
ACWI.US,D,20190918,000000,67.3906,67.4901,66.91,67.4357,1160066,0
ACWI.US,D,20190919,000000,67.6261,67.8064,67.4357,67.5087,1224407,0
ACWI.US,D,20190920,000000,67.6261,67.7162,67.109,67.2546,1793964,0
ACWI.US,D,20190923,000000,67.0556,67.3184,66.9918,67.1644,1024824,0
ACWI.US,D,20190924,000000,67.3821,67.4451,66.5694,66.7655,4481731,0
ACWI.US,D,20190925,000000,66.5582,67.0283,66.2849,66.9467,7361184,0
ACWI.US,D,20190926,000000,67.0641,67.0641,66.6435,66.8744,6715322,0
ACWI.US,D,20190927,000000,67.0189,67.0331,66.2306,66.5019,2200668,0
ACWI.US,D,20190930,000000,66.6576,66.9279,66.6247,66.8191,1642174,0
ACWI.US,D,20191001,000000,66.8837,66.9279,66.0222,66.0495,2537027,0
ACWI.US,D,20191002,000000,65.5605,65.5699,64.6726,64.9439,2779182,0
ACWI.US,D,20191003,000000,64.9532,65.4881,64.4371,65.4881,8675587,0
ACWI.US,D,20191004,000000,65.5792,66.2034,65.5605,66.1752,3237536,0
ACWI.US,D,20191007,000000,65.9959,66.3217,65.887,65.9133,2503799,0
ACWI.US,D,20191008,000000,65.551,65.6421,65.0423,65.0423,2856379,0
ACWI.US,D,20191009,000000,65.5792,65.8234,65.415,65.6065,1695812,0
ACWI.US,D,20191010,000000,65.6327,66.2568,65.614,66.1226,3269748,0
ACWI.US,D,20191011,000000,66.9373,67.4545,66.91,67.0189,4987622,0
ACWI.US,D,20191014,000000,66.8191,66.9918,66.7881,66.8368,1326537,0
ACWI.US,D,20191015,000000,67.0913,67.6797,67.0735,67.5087,3142721,0
ACWI.US,D,20191016,000000,67.4179,67.6261,67.3362,67.5268,3292599,0
ACWI.US,D,20191017,000000,67.8346,67.9153,67.5615,67.6891,2156866,0
ACWI.US,D,20191018,000000,67.6168,67.7162,67.2546,67.4638,1666431,0
ACWI.US,D,20191021,000000,67.8787,67.9519,67.7697,67.9519,949856,0
ACWI.US,D,20191022,000000,68.0148,68.1329,67.735,67.735,1858158,0
ACWI.US,D,20191023,000000,67.7256,67.9799,67.6703,67.9799,2354299,0
ACWI.US,D,20191024,000000,68.2334,68.2691,67.9379,68.1329,1429573,0
ACWI.US,D,20191025,000000,67.9799,68.4323,67.9706,68.3237,1399660,0
ACWI.US,D,20191028,000000,68.5779,68.7721,68.5685,68.7318,1261120,0
ACWI.US,D,20191029,000000,68.5403,68.7814,68.469,68.6501,1482950,0
ACWI.US,D,20191030,000000,68.5874,68.895,68.3075,68.8135,2634245,0
ACWI.US,D,20191031,000000,68.7318,68.791,68.3143,68.6501,4220348,0
ACWI.US,D,20191101,000000,69.0491,69.3466,69.0303,69.3466,2191897,0
ACWI.US,D,20191104,000000,69.7642,69.8139,69.5823,69.6469,1562333,0
ACWI.US,D,20191105,000000,69.7549,69.7915,69.524,69.6647,4277069,0
ACWI.US,D,20191106,000000,69.6281,69.706,69.4198,69.6281,1532606,0
ACWI.US,D,20191107,000000,69.9548,70.1038,69.7915,69.9181,1337493,0
ACWI.US,D,20191108,000000,69.7099,69.9181,69.5099,69.9181,2037729,0
ACWI.US,D,20191111,000000,69.4836,69.7549,69.4019,69.7549,1117181,0
ACWI.US,D,20191112,000000,69.7362,69.9352,69.5916,69.7099,2053629,0
ACWI.US,D,20191113,000000,69.3747,69.707,69.2753,69.6469,1033489,0
ACWI.US,D,20191114,000000,69.4553,69.6553,69.356,69.6553,1747533,0
ACWI.US,D,20191115,000000,69.937,70.1181,69.8327,70.1181,2249184,0
ACWI.US,D,20191118,000000,70.0814,70.2175,69.9594,70.181,1423309,0
ACWI.US,D,20191119,000000,70.3545,70.4438,69.9933,70.1002,3108303,0
ACWI.US,D,20191120,000000,69.9096,70.0543,69.5014,69.8008,1950478,0
ACWI.US,D,20191121,000000,69.828,69.828,69.5286,69.7735,1054323,0
ACWI.US,D,20191122,000000,69.9002,69.9415,69.6469,69.8374,999370,0
ACWI.US,D,20191125,000000,70.1181,70.3977,70.1088,70.3724,1578404,0
ACWI.US,D,20191126,000000,70.3265,70.5065,70.2541,70.4249,1514674,0
ACWI.US,D,20191127,000000,70.5516,70.7196,70.4971,70.7065,681726,0
ACWI.US,D,20191129,000000,70.4062,70.471,70.2541,70.2541,5354436,0
ACWI.US,D,20191202,000000,70.3452,70.3452,69.6422,69.8008,3608373,0
ACWI.US,D,20191203,000000,69.1757,69.446,68.8763,69.446,3589370,0
ACWI.US,D,20191204,000000,69.7455,69.9996,69.7013,69.9275,2519554,0
ACWI.US,D,20191205,000000,70.0363,70.0626,69.7362,69.9996,2192675,0
ACWI.US,D,20191206,000000,70.5065,70.6418,70.4531,70.5516,1858948,0
ACWI.US,D,20191209,000000,70.471,70.6277,70.3265,70.3265,2428155,0
ACWI.US,D,20191210,000000,70.3265,70.4851,70.1537,70.2804,2297730,0
ACWI.US,D,20191211,000000,70.4342,70.7243,70.3967,70.6164,1378692,0
ACWI.US,D,20191212,000000,70.6418,71.4049,70.6164,71.2415,3632547,0
ACWI.US,D,20191213,000000,71.3954,71.7858,71.1776,71.4677,3571214,0
ACWI.US,D,20191216,000000,71.9463,72.0936,71.9022,71.9379,1733010,0
ACWI.US,D,20191217,000000,72.0298,72.0487,71.9116,71.9295,1823820,0
ACWI.US,D,20191218,000000,72.012,72.058,71.9201,71.9745,2713333,0
ACWI.US,D,20191219,000000,71.9379,72.1397,71.874,72.1397,3107292,0
ACWI.US,D,20191220,000000,72.3969,72.4568,72.2682,72.2682,2261099,0
ACWI.US,D,20191223,000000,72.4597,72.4973,72.3969,72.4335,1512042,0
ACWI.US,D,20191224,000000,72.4973,72.5066,72.3377,72.4523,1414332,0
ACWI.US,D,20191226,000000,72.5525,72.8464,72.5432,72.8464,834419,0
ACWI.US,D,20191227,000000,73.2311,73.2311,72.7638,72.8924,1361091,0
ACWI.US,D,20191230,000000,72.9656,72.9656,72.3593,72.4523,1962810,0
ACWI.US,D,20191231,000000,72.35,72.6718,72.2869,72.6165,2233749,0
ACWI.US,D,20200102,000000,73.0942,73.3946,72.9834,73.3683,2555551,0
ACWI.US,D,20200103,000000,72.5066,73.019,72.4222,72.7357,1840814,0
ACWI.US,D,20200106,000000,72.3236,72.9187,72.3048,72.9,2507874,0
ACWI.US,D,20200107,000000,72.8088,72.8961,72.654,72.7178,2524445,0
ACWI.US,D,20200108,000000,72.7264,73.327,72.6831,73.0754,3200765,0
ACWI.US,D,20200109,000000,73.4039,73.4874,73.2444,73.4874,1849450,0
ACWI.US,D,20200110,000000,73.5598,73.6424,73.204,73.3223,3624661,0
ACWI.US,D,20200113,000000,73.478,73.8723,73.3588,73.8723,2601088,0
ACWI.US,D,20200114,000000,73.707,73.9549,73.6338,73.8075,2033191,0
ACWI.US,D,20200115,000000,73.707,73.9688,73.6517,73.7622,1766452,0
ACWI.US,D,20200116,000000,74.0834,74.3123,74.046,74.303,1529894,0
ACWI.US,D,20200117,000000,74.5331,74.5771,74.3433,74.505,2087123,0
ACWI.US,D,20200121,000000,74.1191,74.3209,74.0365,74.1003,2798746,0
ACWI.US,D,20200122,000000,74.3668,74.4833,74.1378,74.1566,2298009,0
ACWI.US,D,20200123,000000,73.9267,74.1839,73.6244,74.1649,3252695,0
ACWI.US,D,20200124,000000,74.3388,74.3481,73.3316,73.5503,2815900,0
ACWI.US,D,20200127,000000,72.1397,72.5066,71.9745,72.1857,2059596,0
ACWI.US,D,20200128,000000,72.4597,73.0284,72.3874,72.8642,1995177,0
ACWI.US,D,20200129,000000,73.1477,73.2491,72.8181,72.8548,1146728,0
ACWI.US,D,20200130,000000,72.2963,72.9422,72.058,72.8548,4491313,0
ACWI.US,D,20200131,000000,72.4879,72.4973,71.3794,71.5727,5989790,0
ACWI.US,D,20200203,000000,71.8928,72.4241,71.874,72.058,3863022,0
ACWI.US,D,20200204,000000,73.0848,73.4547,73.0379,73.2942,2487594,0
ACWI.US,D,20200205,000000,74.0554,74.0647,73.6338,73.9904,2618380,0
ACWI.US,D,20200206,000000,74.2196,74.2572,73.9998,74.1378,3372642,0
ACWI.US,D,20200207,000000,73.8169,73.8949,73.5043,73.6517,2250613,0
ACWI.US,D,20200210,000000,73.4414,74.0365,73.4414,74.0187,1999973,0
ACWI.US,D,20200211,000000,74.4222,74.6701,74.2572,74.395,3234740,0
ACWI.US,D,20200212,000000,74.7517,74.9074,74.6605,74.8886,2244590,0
ACWI.US,D,20200213,000000,74.3761,74.7695,74.303,74.5508,3285330,0
ACWI.US,D,20200214,000000,74.6859,74.6907,74.3528,74.624,1127156,0
ACWI.US,D,20200218,000000,74.2851,74.4092,74.0647,74.3294,2226712,0
ACWI.US,D,20200219,000000,74.5865,74.7836,74.5461,74.6428,2423818,0
ACWI.US,D,20200220,000000,74.4043,74.6053,73.6601,74.2102,2640301,0
ACWI.US,D,20200221,000000,73.9998,73.9998,73.4686,73.6338,2716995,0
ACWI.US,D,20200224,000000,71.0219,71.6732,70.9448,71.1046,9126340,0
ACWI.US,D,20200225,000000,71.4348,71.5991,69.2817,69.2817,8619259,0
ACWI.US,D,20200226,000000,69.8769,70.5733,69.2254,69.3448,7656416,0
ACWI.US,D,20200227,000000,68.1537,68.9336,66.743,66.9175,10974910,0
ACWI.US,D,20200228,000000,64.9146,66.3123,64.2971,66.2108,8155058,0
ACWI.US,D,20200302,000000,66.6566,68.4568,65.9649,68.4016,8599932,0
ACWI.US,D,20200303,000000,68.5854,69.5746,66.5769,66.7711,7621465,0
ACWI.US,D,20200304,000000,68.2823,69.5099,67.7868,69.5099,4240110,0
ACWI.US,D,20200305,000000,67.7961,68.5301,66.9992,67.3849,3503356,0
ACWI.US,D,20200306,000000,65.6525,66.5234,65.1221,66.1837,5005154,0
ACWI.US,D,20200309,000000,61.658,63.1286,60.9794,61.1991,16951695,0
ACWI.US,D,20200310,000000,63.4168,64.0128,61.2168,64.0128,6712377,0
ACWI.US,D,20200311,000000,62.2352,62.4173,60.1366,60.7044,7683270,0
ACWI.US,D,20200312,000000,56.1797,57.7264,54.5204,54.7409,11308769,0
ACWI.US,D,20200313,000000,57.992,59.412,54.8403,58.6621,11003723,0
ACWI.US,D,20200316,000000,49.2964,55.29,49.2964,52.0819,7605354,0
ACWI.US,D,20200317,000000,53.2278,55.3811,51.8633,55.3348,9364665,0
ACWI.US,D,20200318,000000,51.4035,53.1443,49.6352,52.0087,10073367,0
ACWI.US,D,20200319,000000,51.488,53.4653,50.524,52.3392,10011797,0
ACWI.US,D,20200320,000000,53.2372,53.8275,50.6713,50.6807,7077207,0
ACWI.US,D,20200323,000000,50.5615,50.872,48.8487,49.7826,8901821,0
ACWI.US,D,20200324,000000,52.8159,54.1617,52.3936,53.8324,5572113,0
ACWI.US,D,20200325,000000,54.4462,56.9295,53.6305,55.3076,15965783,0
ACWI.US,D,20200326,000000,55.885,58.4236,55.7939,58.221,14435868,0
ACWI.US,D,20200327,000000,56.0689,57.5996,55.7479,56.5166,6152944,0
ACWI.US,D,20200330,000000,56.6263,57.8315,56.1701,57.7629,6645094,0
ACWI.US,D,20200331,000000,57.3706,58.084,56.7099,57.3331,10529654,0
ACWI.US,D,20200401,000000,55.0882,55.8219,54.3363,54.7033,4428306,0
ACWI.US,D,20200402,000000,54.6029,56.0868,54.5109,55.8033,4432899,0
ACWI.US,D,20200403,000000,55.5189,55.8662,54.3917,54.9691,3470726,0
ACWI.US,D,20200406,000000,56.9201,58.6246,56.7822,58.359,4995894,0
ACWI.US,D,20200407,000000,60.3657,60.4661,58.4143,58.4236,4306837,0
ACWI.US,D,20200408,000000,58.955,60.0541,58.405,59.8344,6590917,0
ACWI.US,D,20200409,000000,60.6312,61.3276,60.2201,60.7044,6252934,0
ACWI.US,D,20200413,000000,60.4661,60.6312,59.4814,60.2201,6036036,0
ACWI.US,D,20200414,000000,61.3192,61.9696,61.1991,61.7678,3462273,0
ACWI.US,D,20200415,000000,60.2379,60.6405,59.8982,60.2286,5048627,0
ACWI.US,D,20200416,000000,60.5308,60.6855,59.8625,60.4838,3209495,0
ACWI.US,D,20200417,000000,61.9321,62.1975,61.3013,62.134,6170068,0
ACWI.US,D,20200420,000000,61.2168,62.0794,61.0891,61.2262,5461444,0
ACWI.US,D,20200421,000000,60.1103,60.4125,59.2562,59.3492,6556465,0
ACWI.US,D,20200422,000000,60.5486,60.9794,60.3384,60.7411,4708279,0
ACWI.US,D,20200423,000000,61.0067,61.7311,60.5758,60.6762,4058290,0
ACWI.US,D,20200424,000000,61.0442,61.4468,60.5026,61.3013,4441672,0
ACWI.US,D,20200427,000000,61.8681,62.4454,61.7228,62.299,11850509,0
ACWI.US,D,20200428,000000,63.1973,63.3061,62.207,62.3074,3245963,0
ACWI.US,D,20200429,000000,63.4993,64.2006,63.3341,63.9565,5930401,0
ACWI.US,D,20200430,000000,63.4628,63.5219,62.6462,62.9682,22754930,0
ACWI.US,D,20200501,000000,61.9048,62.0052,61.0891,61.3107,3784272,0
ACWI.US,D,20200504,000000,60.9888,61.5932,60.6903,61.5116,2201440,0
ACWI.US,D,20200505,000000,62.1433,62.5552,61.886,61.9414,2792515,0
ACWI.US,D,20200506,000000,62.4547,62.4735,61.6119,61.6119,2857199,0
ACWI.US,D,20200507,000000,62.3901,62.7888,62.2577,62.4266,3522096,0
ACWI.US,D,20200508,000000,63.1699,63.536,62.9775,63.4628,3853403,0
ACWI.US,D,20200511,000000,63.0047,63.7463,62.9588,63.5267,10266364,0
ACWI.US,D,20200512,000000,63.7931,63.8655,62.4547,62.4547,4217616,0
ACWI.US,D,20200513,000000,62.5552,62.7213,61.1821,61.6306,14831831,0
ACWI.US,D,20200514,000000,60.8142,62.0146,60.2652,62.0146,4199387,0
ACWI.US,D,20200515,000000,61.4741,62.07,61.306,62.07,2856216,0
ACWI.US,D,20200518,000000,63.5078,64.4435,63.5078,64.1779,3091639,0
ACWI.US,D,20200519,000000,63.9565,64.2971,63.49,63.5267,3455646,0
ACWI.US,D,20200520,000000,64.4342,64.8368,64.3516,64.5909,6008245,0
ACWI.US,D,20200521,000000,64.3975,64.636,63.7696,64.0222,7519799,0
ACWI.US,D,20200522,000000,63.7651,63.948,63.4807,63.948,4429107,0
ACWI.US,D,20200526,000000,65.5333,65.6252,65.03,65.1476,6645631,0
ACWI.US,D,20200527,000000,65.7266,65.9649,64.7543,65.9649,6844650,0
ACWI.US,D,20200528,000000,66.2944,66.7758,65.8731,66.0194,4588700,0
ACWI.US,D,20200529,000000,65.8731,66.3037,65.2855,66.1742,8067958,0
ACWI.US,D,20200601,000000,66.3949,67.0367,66.2663,67.0181,2777434,0
ACWI.US,D,20200602,000000,67.3118,67.7511,67.1644,67.7511,4586804,0
ACWI.US,D,20200603,000000,68.3835,69.0612,68.2869,68.8596,4939522,0
ACWI.US,D,20200604,000000,68.5301,68.9157,68.1442,68.4841,4808865,0
ACWI.US,D,20200605,000000,69.7942,70.5075,69.7942,70.0514,4665178,0
ACWI.US,D,20200608,000000,70.3358,70.9026,70.0421,70.8661,1905154,0
ACWI.US,D,20200609,000000,70.0241,70.4822,69.8862,70.2438,5713927,0
ACWI.US,D,20200610,000000,70.3819,70.6549,69.8225,70.0514,3922071,0
ACWI.US,D,20200611,000000,68.3011,68.4109,66.0108,66.1114,3726758,0
ACWI.US,D,20200612,000000,67.7678,68.0063,65.9829,67.0641,4621185,0
ACWI.US,D,20200615,000000,65.7098,67.7511,65.4881,67.521,3354725,0
ACWI.US,D,20200616,000000,69.248,69.248,67.6403,68.639,3172696,0
ACWI.US,D,20200617,000000,68.9712,69.0452,68.426,68.6014,3382106,0
ACWI.US,D,20200618,000000,68.2503,68.6707,68.1123,68.5188,956979,0
ACWI.US,D,20200619,000000,69.3305,69.3305,67.9828,68.1302,1641243,0
ACWI.US,D,20200622,000000,68.3339,68.8698,68.0561,68.8144,2113785,0
ACWI.US,D,20200623,000000,69.4509,69.6272,69.0632,69.1372,1757138,0
ACWI.US,D,20200624,000000,68.6014,68.7402,67.1232,67.5117,2345881,0
ACWI.US,D,20200625,000000,67.4188,68.2597,67.003,68.2325,1708852,0
ACWI.US,D,20200626,000000,68.0467,68.0561,66.8002,66.911,1806739,0
ACWI.US,D,20200629,000000,67.1691,67.6768,66.6886,67.6768,1955180,0
ACWI.US,D,20200630,000000,67.4564,68.4539,67.4009,68.1208,3210685,0
ACWI.US,D,20200701,000000,68.3339,68.8463,68.2776,68.6294,2311002,0
ACWI.US,D,20200702,000000,69.5446,69.8815,69.1326,69.2668,1812262,0
ACWI.US,D,20200706,000000,70.4213,70.6334,70.2288,70.5977,2723796,0
ACWI.US,D,20200707,000000,70.0994,70.5225,69.7285,69.7754,2651591,0
ACWI.US,D,20200708,000000,69.9782,70.5132,69.7474,70.4955,2012657,0
ACWI.US,D,20200709,000000,70.6803,70.6991,69.3682,70.0616,8232702,0
ACWI.US,D,20200710,000000,70.0994,70.6614,69.766,70.6247,5329428,0
ACWI.US,D,20200713,000000,71.1336,71.6235,69.9051,70.0064,4066232,0
ACWI.US,D,20200714,000000,69.7933,70.9768,69.5896,70.8744,3205696,0
ACWI.US,D,20200715,000000,71.7154,71.8674,71.1055,71.5777,4496222,0
ACWI.US,D,20200716,000000,70.9674,71.2255,70.8472,71.143,5277515,0
ACWI.US,D,20200717,000000,71.4104,71.5033,71.004,71.3926,4503977,0
ACWI.US,D,20200720,000000,71.4573,72.1405,71.2724,72.0205,2800278,0
ACWI.US,D,20200721,000000,72.593,72.6765,72.1124,72.2419,2998113,0
ACWI.US,D,20200722,000000,72.1594,72.593,72.0891,72.473,2481140,0
ACWI.US,D,20200723,000000,72.3809,72.6304,71.4573,71.7249,1833495,0
ACWI.US,D,20200724,000000,71.2076,71.5126,70.9628,71.2997,1221508,0
ACWI.US,D,20200727,000000,71.6789,72.1217,71.5409,72.0936,1405214,0
ACWI.US,D,20200728,000000,71.8262,72.0891,71.5409,71.6047,1737603,0
ACWI.US,D,20200729,000000,71.9192,72.6118,71.9004,72.4549,986394,0
ACWI.US,D,20200730,000000,71.4658,72.0487,70.9674,71.9829,2091985,0
ACWI.US,D,20200731,000000,72.0936,72.103,70.9203,71.7717,4425279,0
ACWI.US,D,20200803,000000,72.2514,72.6304,72.1405,72.5292,6330065,0
ACWI.US,D,20200804,000000,72.3434,72.9167,72.3434,72.9074,2022384,0
ACWI.US,D,20200805,000000,73.3871,73.5822,73.2574,73.4059,2870871,0
ACWI.US,D,20200806,000000,73.1946,73.7024,73.0604,73.6648,5369178,0
ACWI.US,D,20200807,000000,73.1757,73.4198,72.8802,73.3326,5184870,0
ACWI.US,D,20200810,000000,73.4527,73.5729,73.0097,73.5164,1205203,0
ACWI.US,D,20200811,000000,74.0721,74.1556,73.1122,73.2574,3347100,0
ACWI.US,D,20200812,000000,74.0534,74.5987,74.0534,74.4146,1151146,0
ACWI.US,D,20200813,000000,74.3398,74.5443,74.0119,74.2572,2939238,0
ACWI.US,D,20200814,000000,74.0262,74.2102,73.8871,74.09,1056306,0
ACWI.US,D,20200817,000000,74.442,74.6457,74.396,74.6267,4311700,0
ACWI.US,D,20200818,000000,74.7741,74.913,74.3398,74.7083,1007132,0
ACWI.US,D,20200819,000000,74.7836,74.8944,74.2336,74.303,2007055,0
ACWI.US,D,20200820,000000,73.6367,74.4879,73.6282,74.3771,2691748,0
ACWI.US,D,20200821,000000,74.0815,74.5527,74.0262,74.4972,8741738,0
ACWI.US,D,20200824,000000,75.2829,75.3289,74.9675,75.2914,5067816,0
ACWI.US,D,20200825,000000,75.4303,75.588,75.1486,75.588,1515247,0
ACWI.US,D,20200826,000000,75.6056,76.2252,75.5787,76.2064,5030301,0
ACWI.US,D,20200827,000000,76.3266,76.38,75.6386,75.9765,2449504,0
ACWI.US,D,20200828,000000,76.3266,76.5854,76.105,76.5574,2969928,0
ACWI.US,D,20200831,000000,76.289,76.4701,75.999,76.0957,2460719,0
ACWI.US,D,20200901,000000,76.3359,76.7789,76.1595,76.7516,3719078,0
ACWI.US,D,20200902,000000,77.2041,77.7306,76.7836,77.6292,1934722,0
ACWI.US,D,20200903,000000,77.2041,77.2417,74.8108,75.2641,3816296,0
ACWI.US,D,20200904,000000,75.4678,75.7541,73.3044,74.8944,3697670,0
ACWI.US,D,20200908,000000,73.5916,74.0347,73.1206,73.1382,2690018,0
ACWI.US,D,20200909,000000,74.2016,74.9956,74.0026,74.5705,3325304,0
ACWI.US,D,20200910,000000,74.9581,75.1253,73.3233,73.4715,2394919,0
ACWI.US,D,20200911,000000,74.0815,74.2936,73.204,73.739,3544079,0
ACWI.US,D,20200914,000000,74.4972,74.9441,74.3678,74.6457,2258376,0
ACWI.US,D,20200915,000000,75.3748,75.4856,74.9404,75.1441,2363089,0
ACWI.US,D,20200916,000000,75.4584,75.7127,74.8944,74.9404,2067295,0
ACWI.US,D,20200917,000000,73.9333,74.7459,73.8966,74.5349,1529671,0
ACWI.US,D,20200918,000000,74.6457,74.6457,73.3871,73.8319,2405408,0
ACWI.US,D,20200921,000000,72.4916,72.8155,71.6789,72.8155,2335100,0
ACWI.US,D,20200922,000000,72.8895,73.2622,72.3339,73.1571,2645464,0
ACWI.US,D,20200923,000000,73.3419,73.3513,71.7201,71.7999,10957525,0
ACWI.US,D,20200924,000000,71.3832,72.473,71.0968,71.8347,3958834,0
ACWI.US,D,20200925,000000,71.4939,72.7225,71.263,72.6211,5735384,0
ACWI.US,D,20200928,000000,73.6367,73.8591,73.4152,73.7754,3076568,0
ACWI.US,D,20200929,000000,73.6741,73.8684,73.3233,73.5164,2368267,0
ACWI.US,D,20200930,000000,73.5822,74.4053,73.4902,73.8506,12499903,0
ACWI.US,D,20201001,000000,74.4146,74.5349,73.9886,74.4053,3722832,0
ACWI.US,D,20201002,000000,73.3326,74.2102,73.2415,73.8413,2852482,0
ACWI.US,D,20201005,000000,74.2851,75.0783,74.2851,75.0603,3325042,0
ACWI.US,D,20201006,000000,75.1535,75.4763,74.0815,74.2572,4281136,0
ACWI.US,D,20201007,000000,74.8944,75.449,74.8662,75.2735,4258781,0
ACWI.US,D,20201008,000000,75.7268,75.9013,75.5503,75.8826,4643378,0
ACWI.US,D,20201009,000000,76.2703,76.5903,76.15,76.5292,1763097,0
ACWI.US,D,20201012,000000,76.9367,77.6481,76.8718,77.4275,1669385,0
ACWI.US,D,20201013,000000,77.1684,77.1861,76.6964,76.9085,4465916,0
ACWI.US,D,20201014,000000,77.0661,77.2511,76.3998,76.5386,2337863,0
ACWI.US,D,20201015,000000,75.403,76.2252,75.3559,76.1407,7657477,0
ACWI.US,D,20201016,000000,76.4373,76.7978,76.1877,76.1877,3336872,0
ACWI.US,D,20201019,000000,76.5386,76.6774,75.2811,75.4396,2095597,0
ACWI.US,D,20201020,000000,75.8469,76.4044,75.6799,75.8,3314601,0
ACWI.US,D,20201021,000000,75.7719,76.2252,75.6056,75.6151,1859317,0
ACWI.US,D,20201022,000000,75.6892,75.9765,75.1712,75.8562,3711831,0
ACWI.US,D,20201023,000000,76.169,76.1877,75.6705,76.1784,1525350,0
ACWI.US,D,20201026,000000,75.3195,75.541,74.1829,74.8944,5406626,0
ACWI.US,D,20201027,000000,74.9223,74.9863,74.5621,74.6457,3694844,0
ACWI.US,D,20201028,000000,73.2321,73.3419,72.1867,72.2608,6807520,0
ACWI.US,D,20201029,000000,72.3622,73.3871,71.9922,72.8342,8549796,0
ACWI.US,D,20201030,000000,72.4363,72.654,71.4658,72.2043,12540919,0
ACWI.US,D,20201102,000000,72.945,73.2762,72.4089,73.0003,6636961,0
ACWI.US,D,20201103,000000,73.8778,74.699,73.7485,74.3398,3575617,0
ACWI.US,D,20201104,000000,75.1712,76.6316,74.9863,75.9108,8254329,0
ACWI.US,D,20201105,000000,77.298,77.7212,77.0746,77.4537,3314146,0
ACWI.US,D,20201106,000000,77.5278,77.8312,77.0933,77.5551,2860501,0
ACWI.US,D,20201109,000000,80.7988,80.8353,78.6232,78.6833,10170054,0
ACWI.US,D,20201110,000000,78.7021,78.9413,78.0271,78.6185,16118399,0
ACWI.US,D,20201111,000000,79.052,79.3569,78.914,79.2737,4815105,0
ACWI.US,D,20201112,000000,78.979,79.1722,78.1097,78.4147,5207899,0
ACWI.US,D,20201113,000000,79.0051,79.5881,78.8316,79.4678,1831715,0
ACWI.US,D,20201116,000000,80.2356,80.4469,79.9258,80.4469,3710165,0
ACWI.US,D,20201117,000000,79.9765,80.4656,79.7504,80.2543,2266445,0
ACWI.US,D,20201118,000000,80.3829,80.5219,79.5797,79.5797,4054680,0
ACWI.US,D,20201119,000000,79.4773,80.0422,79.2191,79.9858,1923993,0
ACWI.US,D,20201120,000000,80.0329,80.1201,79.7917,79.7917,5471179,0
ACWI.US,D,20201123,000000,80.3099,80.4843,79.6997,80.0873,5394472,0
ACWI.US,D,20201124,000000,80.8269,81.3854,80.5443,81.2792,3634860,0
ACWI.US,D,20201125,000000,81.0766,81.3355,80.8175,81.1967,1519449,0
ACWI.US,D,20201127,000000,81.5571,81.7419,81.4651,81.6961,1899708,0
ACWI.US,D,20201130,000000,81.4558,81.4558,80.4843,80.6973,11424044,0
ACWI.US,D,20201201,000000,81.6866,82.1107,81.5757,81.8434,4436731,0
ACWI.US,D,20201202,000000,81.5288,82.0096,81.4089,82.0096,2994545,0
ACWI.US,D,20201203,000000,82.1568,82.4713,81.9635,82.1473,2128860,0
ACWI.US,D,20201204,000000,82.5086,82.8785,82.4524,82.8692,2145403,0
ACWI.US,D,20201207,000000,82.6571,82.8317,82.4345,82.6748,990852,0
ACWI.US,D,20201208,000000,82.4167,83.0362,82.4167,82.9611,952820,0
ACWI.US,D,20201209,000000,83.2568,83.2568,82.0273,82.3793,1421339,0
ACWI.US,D,20201210,000000,81.9814,82.7208,81.9071,82.6008,3217260,0
ACWI.US,D,20201211,000000,82.1568,82.4157,81.8057,82.3887,1567072,0
ACWI.US,D,20201214,000000,82.9103,83.0316,82.1456,82.1456,1414455,0
ACWI.US,D,20201215,000000,82.7236,83.1902,82.491,83.1902,1651685,0
ACWI.US,D,20201216,000000,83.3103,83.5618,83.0916,83.3938,2806800,0
ACWI.US,D,20201217,000000,83.9344,83.9991,83.7759,83.9898,3238923,0
ACWI.US,D,20201218,000000,84.0084,84.0084,83.2914,83.6078,3242789,0
ACWI.US,D,20201221,000000,82.2393,83.2727,81.8939,83.0775,6039200,0
ACWI.US,D,20201222,000000,83.0682,83.1151,82.6496,82.9377,2821356,0
ACWI.US,D,20201223,000000,83.4127,83.6266,83.282,83.3282,5178798,0
ACWI.US,D,20201224,000000,83.4034,83.4678,83.1713,83.4313,627369,0
ACWI.US,D,20201228,000000,84.1203,84.1203,83.8688,83.9804,2185531,0
ACWI.US,D,20201229,000000,84.5305,84.6363,84.0084,84.1484,2662815,0
ACWI.US,D,20201230,000000,84.5586,84.735,84.4111,84.4282,1016277,0
ACWI.US,D,20201231,000000,84.3999,84.5773,84.1108,84.4844,4780533,0
ACWI.US,D,20210104,000000,85.303,85.331,83.2914,84.0179,5375769,0
ACWI.US,D,20210105,000000,84.1108,85.0325,84.0649,84.8841,1939127,0
ACWI.US,D,20210106,000000,84.5868,86.0667,84.4844,85.3592,10388482,0
ACWI.US,D,20210107,000000,85.7572,86.4019,85.6848,86.2526,5162651,0
ACWI.US,D,20210108,000000,86.8862,87.0636,86.141,87.0166,3924368,0
ACWI.US,D,20210111,000000,86.0208,86.6345,85.9692,86.2526,3563372,0
ACWI.US,D,20210112,000000,86.2994,86.644,85.9599,86.5605,10183192,0
ACWI.US,D,20210113,000000,86.4949,86.8767,86.2994,86.6158,2333046,0
ACWI.US,D,20210114,000000,86.9801,87.1938,86.6721,86.7462,4781501,0
ACWI.US,D,20210115,000000,86.1034,86.3088,85.4239,85.8341,7459708,0
ACWI.US,D,20210119,000000,86.6252,86.7275,86.3088,86.6345,4417876,0
ACWI.US,D,20210120,000000,87.2494,87.8172,87.1283,87.7149,2614528,0
ACWI.US,D,20210121,000000,87.8453,87.8877,87.4728,87.7338,5345716,0
ACWI.US,D,20210122,000000,87.0917,87.5516,87.0823,87.3244,4325769,0
ACWI.US,D,20210125,000000,87.5008,87.6634,86.4112,87.6125,5527616,0
ACWI.US,D,20210126,000000,87.7431,87.8078,87.2775,87.3431,1206075,0
ACWI.US,D,20210127,000000,86.2058,86.2714,84.8748,85.1911,5500079,0
ACWI.US,D,20210128,000000,85.5543,86.6768,85.4426,85.9091,6335697,0
ACWI.US,D,20210129,000000,85.1545,85.4426,83.7852,84.2235,5378865,0
ACWI.US,D,20210201,000000,85.2005,85.7881,84.7622,85.6577,5564761,0
ACWI.US,D,20210202,000000,86.4112,86.9754,86.3831,86.7462,2612205,0
ACWI.US,D,20210203,000000,86.9519,87.2221,86.6158,86.8957,2493167,0
ACWI.US,D,20210204,000000,87.0447,87.5374,86.9144,87.4915,2419370,0
ACWI.US,D,20210205,000000,87.957,88.1251,87.6585,87.9945,3760624,0
ACWI.US,D,20210208,000000,88.4234,88.6563,88.246,88.6563,4674206,0
ACWI.US,D,20210209,000000,88.5625,89.0157,88.5071,88.8327,4873026,0
ACWI.US,D,20210210,000000,89.3818,89.3818,88.3202,88.8515,1822815,0
ACWI.US,D,20210211,000000,89.2702,89.3864,88.7586,89.2888,4026727,0
ACWI.US,D,20210212,000000,89.0185,89.7366,89.0185,89.7178,3470352,0
ACWI.US,D,20210216,000000,90.2115,90.2715,89.6427,89.8849,2495967,0
ACWI.US,D,20210217,000000,89.41,89.7178,88.9903,89.7084,3932911,0
ACWI.US,D,20210218,000000,88.8233,89.2326,88.3954,89.0832,2888367,0
ACWI.US,D,20210219,000000,89.5217,89.6803,89.1208,89.2419,2719360,0
ACWI.US,D,20210222,000000,88.3859,88.9068,88.2836,88.3202,1562242,0
ACWI.US,D,20210223,000000,87.8172,88.6751,86.7557,88.3859,9183099,0
ACWI.US,D,20210224,000000,87.8453,88.9858,87.5751,88.889,5873448,0
ACWI.US,D,20210225,000000,88.7679,89.0562,86.6533,86.9237,3810318,0
ACWI.US,D,20210226,000000,86.9978,87.073,85.7694,86.1504,7167919,0
ACWI.US,D,20210301,000000,87.3893,88.4047,87.3808,88.1345,2225418,0
ACWI.US,D,20210302,000000,88.1804,88.1992,87.5562,87.5658,2590995,0
ACWI.US,D,20210303,000000,87.4915,87.7338,86.6065,86.6065,4401590,0
ACWI.US,D,20210304,000000,86.5699,87.073,84.6008,85.3686,7305963,0
ACWI.US,D,20210305,000000,86.2058,86.7933,84.5115,86.5699,4856745,0
ACWI.US,D,20210308,000000,86.3924,86.9978,85.8068,85.8068,5402495,0
ACWI.US,D,20210309,000000,86.8495,87.7338,86.8072,87.2682,4993675,0
ACWI.US,D,20210310,000000,87.8087,87.957,87.3057,87.6585,3062202,0
ACWI.US,D,20210311,000000,88.4318,89.0655,88.2414,88.796,1546648,0
ACWI.US,D,20210312,000000,88.1532,88.6751,87.957,88.6281,2879674,0
ACWI.US,D,20210315,000000,88.6,89.1208,88.1607,89.102,930837,0
ACWI.US,D,20210316,000000,89.2326,89.4287,88.8609,89.0926,2601244,0
ACWI.US,D,20210317,000000,88.6563,89.6144,88.3954,89.3535,2030974,0
ACWI.US,D,20210318,000000,88.7586,89.2512,88.0209,88.1532,1731785,0
ACWI.US,D,20210319,000000,88.1156,88.5539,87.5938,88.2179,5783598,0
ACWI.US,D,20210322,000000,88.2414,88.9303,88.2273,88.6657,6910586,0
ACWI.US,D,20210323,000000,88.2179,88.4978,87.5374,87.6585,3736476,0
ACWI.US,D,20210324,000000,87.7054,87.9851,86.9331,86.9331,6030531,0
ACWI.US,D,20210325,000000,86.6816,87.5281,86.3277,87.3244,4636438,0
ACWI.US,D,20210326,000000,87.7244,88.8702,87.5844,88.7772,3184000,0
ACWI.US,D,20210329,000000,88.4141,88.7352,87.9945,88.5718,8807259,0
ACWI.US,D,20210330,000000,88.2649,88.5211,88.0227,88.4318,3202544,0
ACWI.US,D,20210331,000000,88.3484,89.0278,88.3484,88.6094,2431908,0
ACWI.US,D,20210401,000000,89.2608,89.773,89.2512,89.7637,3023482,0
ACWI.US,D,20210405,000000,90.2761,90.8863,90.2115,90.7605,3056643,0
ACWI.US,D,20210406,000000,90.4714,90.8675,90.3963,90.6573,2214010,0
ACWI.US,D,20210407,000000,90.4338,90.6488,90.2856,90.509,4614936,0
ACWI.US,D,20210408,000000,91.0214,91.1425,90.783,91.0673,2083030,0
ACWI.US,D,20210409,000000,90.9463,91.4776,90.8909,91.4776,1757084,0
ACWI.US,D,20210412,000000,91.179,91.2607,90.9745,91.2261,3074991,0
ACWI.US,D,20210413,000000,91.3011,91.7469,91.2447,91.6549,1331954,0
ACWI.US,D,20210414,000000,91.7384,91.9882,91.4221,91.5985,3192500,0
ACWI.US,D,20210415,000000,92.1478,92.4836,92.0923,92.4649,2046769,0
ACWI.US,D,20210416,000000,92.7165,92.8657,92.4273,92.8281,3150858,0
ACWI.US,D,20210419,000000,92.5765,92.707,92.0735,92.4461,2420478,0
ACWI.US,D,20210420,000000,91.9429,92.0359,91.1144,91.4587,2679561,0
ACWI.US,D,20210421,000000,91.2167,92.3438,91.166,92.2687,7457680,0
ACWI.US,D,20210422,000000,92.3617,92.5016,91.4587,91.7103,2598023,0
ACWI.US,D,20210423,000000,91.9524,92.9867,91.9524,92.707,1332721,0
ACWI.US,D,20210426,000000,92.7756,93.0138,92.7259,92.9023,2491992,0
ACWI.US,D,20210427,000000,92.8657,92.9304,92.6226,92.8657,3881007,0
ACWI.US,D,20210428,000000,92.8835,93.2927,92.7445,93.0138,2038421,0
ACWI.US,D,20210429,000000,93.5639,93.5827,92.5391,93.2373,5005272,0
ACWI.US,D,20210430,000000,92.5579,92.7999,92.1288,92.371,2296855,0
ACWI.US,D,20210503,000000,92.9679,92.9961,92.6046,92.7352,1800157,0
ACWI.US,D,20210504,000000,92.1384,92.1899,91.0768,91.8586,2578332,0
ACWI.US,D,20210505,000000,92.4273,92.5485,91.9703,92.1946,1761927,0
ACWI.US,D,20210506,000000,92.3156,92.9023,91.8398,92.8563,3826737,0
ACWI.US,D,20210507,000000,93.089,93.8455,93.0328,93.6858,3749103,0
ACWI.US,D,20210510,000000,93.7234,93.7705,92.7165,92.7718,2684499,0
ACWI.US,D,20210511,000000,91.3471,92.1288,91.0579,92.0079,2771504,0
ACWI.US,D,20210512,000000,91.2071,91.515,89.8943,90.1092,4917597,0
ACWI.US,D,20210513,000000,90.3409,91.1837,90.2668,90.8346,6296927,0
ACWI.US,D,20210514,000000,91.6267,92.4368,91.6173,92.2687,17514487,0
ACWI.US,D,20210517,000000,91.8868,92.1288,91.6549,92.1288,2048649,0
ACWI.US,D,20210518,000000,92.4273,92.5906,91.8679,91.8774,1299800,0
ACWI.US,D,20210519,000000,90.7698,91.5056,90.4198,91.4494,4886595,0
ACWI.US,D,20210520,000000,91.7939,92.7165,91.7563,92.5016,1662268,0
ACWI.US,D,20210521,000000,92.7904,92.9398,92.1899,92.3992,2551528,0
ACWI.US,D,20210524,000000,92.7624,93.3799,92.7445,93.1266,1894397,0
ACWI.US,D,20210525,000000,93.5921,93.6015,93.0186,93.1266,2401863,0
ACWI.US,D,20210526,000000,93.228,93.4419,93.1124,93.3518,1725291,0
ACWI.US,D,20210527,000000,93.5639,93.6858,93.4043,93.4513,2924755,0
ACWI.US,D,20210528,000000,93.7705,93.9863,93.6765,93.7234,2086613,0
ACWI.US,D,20210601,000000,94.587,94.5963,93.8924,94.0332,3721765,0
ACWI.US,D,20210602,000000,94.0518,94.3148,93.958,94.1363,1161559,0
ACWI.US,D,20210603,000000,93.6202,93.9017,93.2373,93.639,1587102,0
ACWI.US,D,20210604,000000,94.1834,94.5682,94.1645,94.5118,1204389,0
ACWI.US,D,20210607,000000,94.5492,94.5682,94.3054,94.5399,2447789,0
ACWI.US,D,20210608,000000,94.6902,94.6996,94.1176,94.4931,1560579,0
ACWI.US,D,20210609,000000,94.5399,94.6152,94.2209,94.2491,1484292,0
ACWI.US,D,20210610,000000,94.5682,94.8683,94.3241,94.7184,2213768,0
ACWI.US,D,20210611,000000,94.8588,94.8968,94.5586,94.8968,3545092,0
ACWI.US,D,20210614,000000,94.9063,95.1411,94.7555,95.1411,1080998,0
ACWI.US,D,20210615,000000,95.0748,95.1128,94.746,94.9526,4102675,0
ACWI.US,D,20210616,000000,95.0001,95.0001,93.8643,94.343,3732667,0
ACWI.US,D,20210617,000000,94.1363,94.4086,93.6765,94.1645,3439255,0
ACWI.US,D,20210618,000000,93.258,93.395,92.8835,92.9211,3738408,0
ACWI.US,D,20210621,000000,93.2862,94.0895,93.0431,94.0145,2510483,0
ACWI.US,D,20210622,000000,93.8924,94.5399,93.7048,94.3993,1727294,0
ACWI.US,D,20210623,000000,94.3993,94.6338,94.1551,94.2209,2446579,0
ACWI.US,D,20210624,000000,94.8219,94.9526,94.7555,94.8874,3055923,0
ACWI.US,D,20210625,000000,95.2066,95.3287,95.0654,95.2718,3462306,0
ACWI.US,D,20210628,000000,95.2255,95.2908,94.9432,95.2433,4070071,0
ACWI.US,D,20210629,000000,95.3192,95.3192,95.0938,95.2812,1926428,0
ACWI.US,D,20210630,000000,94.8968,95.0748,94.8124,94.9063,2414175,0
ACWI.US,D,20210701,000000,94.9906,95.3003,94.8683,95.3003,3622960,0
ACWI.US,D,20210702,000000,95.4416,95.7978,95.2718,95.7415,2292862,0
ACWI.US,D,20210706,000000,95.7233,95.7233,94.7839,95.3381,1668327,0
ACWI.US,D,20210707,000000,95.648,95.7138,95.038,95.5447,4804889,0
ACWI.US,D,20210708,000000,94.0709,94.6713,93.8455,94.4931,4297643,0
ACWI.US,D,20210709,000000,95.0654,95.7978,95.0095,95.7415,3877525,0
ACWI.US,D,20210712,000000,95.7233,96.0887,95.648,96.0227,3749819,0
ACWI.US,D,20210713,000000,95.8819,96.1634,95.6386,95.6945,3405133,0
ACWI.US,D,20210714,000000,96.2015,96.2293,95.6562,95.8256,3034401,0
ACWI.US,D,20210715,000000,95.5068,95.7233,95.0285,95.4226,10192591,0
ACWI.US,D,20210716,000000,95.6196,95.6386,94.6058,94.6996,2338509,0
ACWI.US,D,20210719,000000,93.4232,93.5169,92.6817,93.2673,5665413,0
ACWI.US,D,20210720,000000,93.2391,94.587,93.0994,94.2961,2145878,0
ACWI.US,D,20210721,000000,94.6432,95.3003,94.5682,95.2908,2609670,0
ACWI.US,D,20210722,000000,95.3941,95.5447,95.1033,95.45,1416483,0
ACWI.US,D,20210723,000000,95.8075,96.1546,95.5532,96.0514,2452712,0
ACWI.US,D,20210726,000000,95.7042,95.9949,95.6754,95.9949,4569942,0
ACWI.US,D,20210727,000000,95.4974,95.4974,94.6526,95.3466,2703669,0
ACWI.US,D,20210728,000000,95.5911,96.0418,95.3098,95.7883,3455850,0
ACWI.US,D,20210729,000000,96.2762,96.5101,96.2389,96.3135,3780428,0
ACWI.US,D,20210730,000000,95.6945,96.1164,95.5532,95.7691,3947820,0
ACWI.US,D,20210802,000000,96.323,96.389,95.7415,95.817,3867348,0
ACWI.US,D,20210803,000000,96.0418,96.5486,95.5722,96.5023,2586854,0
ACWI.US,D,20210804,000000,96.4358,96.6239,96.2015,96.3048,2586092,0
ACWI.US,D,20210805,000000,96.5293,96.7646,96.4733,96.7174,2178396,0
ACWI.US,D,20210806,000000,96.6701,96.7924,96.4637,96.5582,3582404,0
ACWI.US,D,20210809,000000,96.6614,96.7462,96.4078,96.6055,859027,0
ACWI.US,D,20210810,000000,96.727,96.859,96.5582,96.727,1253784,0
ACWI.US,D,20210811,000000,97.0652,97.1018,96.7558,97.0267,4492377,0
ACWI.US,D,20210812,000000,96.8859,97.0932,96.6421,97.0738,2775091,0
ACWI.US,D,20210813,000000,97.205,97.3275,97.046,97.3178,1970780,0
ACWI.US,D,20210816,000000,96.859,97.1868,96.4261,97.1868,2586685,0
ACWI.US,D,20210817,000000,96.3794,96.5293,95.7138,96.2857,4071599,0
ACWI.US,D,20210818,000000,96.2952,96.5486,95.5626,95.6292,3406628,0
ACWI.US,D,20210819,000000,94.6245,95.4416,94.5776,95.1222,4255791,0
ACWI.US,D,20210820,000000,95.038,95.7787,94.9251,95.685,2558772,0
ACWI.US,D,20210823,000000,96.2198,96.8397,96.2198,96.6518,3334309,0
ACWI.US,D,20210824,000000,96.9804,97.234,96.8859,97.0932,3457838,0
ACWI.US,D,20210825,000000,97.046,97.3082,96.9708,97.2146,11565897,0
ACWI.US,D,20210826,000000,96.99,97.1018,96.5582,96.5959,3836241,0
ACWI.US,D,20210827,000000,96.7646,97.581,96.7646,97.5245,2684215,0
ACWI.US,D,20210830,000000,97.6843,97.9667,97.5148,97.7875,1979480,0
ACWI.US,D,20210831,000000,98.0114,98.0114,97.7505,97.8537,6298840,0
ACWI.US,D,20210901,000000,98.1993,98.5671,98.1906,98.2568,3178880,0
ACWI.US,D,20210902,000000,98.6231,98.7263,98.3508,98.5288,1286598,0
ACWI.US,D,20210903,000000,98.4639,98.8669,98.4157,98.7549,1385617,0
ACWI.US,D,20210907,000000,98.7912,98.8001,98.5091,98.6035,4059162,0
ACWI.US,D,20210908,000000,98.3025,98.396,97.7592,98.0796,2705993,0
ACWI.US,D,20210909,000000,97.9764,98.3872,97.6843,97.8147,2491450,0
ACWI.US,D,20210910,000000,98.3606,98.3872,97.2437,97.2437,1813005,0
ACWI.US,D,20210913,000000,97.9374,97.9667,97.1587,97.5995,2655216,0
ACWI.US,D,20210914,000000,97.8147,97.8732,96.8955,97.017,1898693,0
ACWI.US,D,20210915,000000,97.046,97.7027,96.8397,97.5995,3701825,0
ACWI.US,D,20210916,000000,97.3564,97.5528,96.8108,97.3467,2064677,0
ACWI.US,D,20210917,000000,97.1018,97.2533,96.2857,96.3794,3732015,0
ACWI.US,D,20210920,000000,94.5776,95.0559,93.6202,94.6808,3658784,0
ACWI.US,D,20210921,000000,95.4132,95.6386,94.7745,94.9063,3103970,0
ACWI.US,D,20210922,000000,95.4785,96.3698,95.4132,95.7787,4919356,0
ACWI.US,D,20210923,000000,96.2762,97.1396,96.2762,96.8301,2007158,0
ACWI.US,D,20210924,000000,96.1919,96.6614,96.1919,96.5582,1507225,0
ACWI.US,D,20210927,000000,96.3421,96.6614,96.1356,96.4551,6674689,0
ACWI.US,D,20210928,000000,95.5722,95.6754,94.3241,94.5492,6650639,0
ACWI.US,D,20210929,000000,94.7839,95.0189,94.3241,94.3899,3110456,0
ACWI.US,D,20210930,000000,94.7365,94.962,93.7141,93.7141,3129870,0
ACWI.US,D,20211001,000000,94.1551,94.7936,93.272,94.5025,3306738,0
ACWI.US,D,20211004,000000,94.2022,94.2961,92.8647,93.3425,6765672,0
ACWI.US,D,20211005,000000,93.6202,94.587,93.4795,94.1457,3613184,0
ACWI.US,D,20211006,000000,93.1463,94.2585,92.7953,94.2209,7007821,0
ACWI.US,D,20211007,000000,94.9811,95.7138,94.962,95.253,5700021,0
ACWI.US,D,20211008,000000,95.4879,95.5068,95.0001,95.1496,2888873,0
ACWI.US,D,20211011,000000,95.1496,95.648,94.587,94.587,2103324,0
ACWI.US,D,20211012,000000,94.7839,94.9347,94.343,94.4649,2616580,0
ACWI.US,D,20211013,000000,94.8779,95.3003,94.4086,95.178,3396459,0
ACWI.US,D,20211014,000000,96.0046,96.4733,95.8448,96.4078,3227869,0
ACWI.US,D,20211015,000000,96.9332,97.2437,96.802,97.1964,2158599,0
ACWI.US,D,20211018,000000,96.6893,97.2985,96.5582,97.2533,4737101,0
ACWI.US,D,20211019,000000,97.6843,98.0796,97.619,98.0796,2921559,0
ACWI.US,D,20211020,000000,98.1634,98.4452,98.1156,98.3705,1348406,0
ACWI.US,D,20211021,000000,98.0505,98.396,97.9851,98.3872,1233712,0
ACWI.US,D,20211022,000000,98.4256,98.7549,97.9667,98.396,3509286,0
ACWI.US,D,20211025,000000,98.4904,98.8197,98.1537,98.7362,1613605,0
ACWI.US,D,20211026,000000,99.1107,99.27,98.5937,98.6781,6443440,0
ACWI.US,D,20211027,000000,98.6969,98.8492,98.1439,98.1906,4578494,0
ACWI.US,D,20211028,000000,98.3606,99.0458,98.3606,99.0458,2355370,0
ACWI.US,D,20211029,000000,98.3025,98.859,98.2666,98.7716,3101128,0
ACWI.US,D,20211101,000000,99.0822,99.2988,98.8001,99.27,1812453,0
ACWI.US,D,20211102,000000,99.1669,99.4019,99.0645,99.3265,2330195,0
ACWI.US,D,20211103,000000,99.1858,100.049,99.092,99.9649,1808745,0
ACWI.US,D,20211104,000000,99.9947,100.238,99.8142,100.181,2681775,0
ACWI.US,D,20211105,000000,100.576,100.697,100.039,100.378,1848202,0
ACWI.US,D,20211108,000000,100.697,100.725,100.453,100.566,2683191,0
ACWI.US,D,20211109,000000,100.717,100.717,100.029,100.312,3027253,0
ACWI.US,D,20211110,000000,100.029,100.331,99.1392,99.4019,2798132,0
ACWI.US,D,20211111,000000,99.843,99.9748,99.7112,99.73,3500379,0
ACWI.US,D,20211112,000000,99.9847,100.463,99.8232,100.424,3558788,0
ACWI.US,D,20211115,000000,100.63,100.639,100.209,100.369,2756627,0
ACWI.US,D,20211116,000000,100.312,100.791,100.293,100.576,2767735,0
ACWI.US,D,20211117,000000,100.463,100.463,100.143,100.293,3665169,0
ACWI.US,D,20211118,000000,100.321,100.424,99.73,100.321,1845443,0
ACWI.US,D,20211119,000000,100.2,100.406,99.9263,99.9649,2100271,0
ACWI.US,D,20211122,000000,100.143,100.509,99.3265,99.3642,6265625,0
ACWI.US,D,20211123,000000,99.2423,99.6358,98.6703,99.3364,2858842,0
ACWI.US,D,20211124,000000,98.6781,99.4108,98.5091,99.3741,2601193,0
ACWI.US,D,20211126,000000,97.7027,97.9374,96.7646,96.9525,4365725,0
ACWI.US,D,20211129,000000,98.0114,98.248,97.3178,97.8244,4435314,0
ACWI.US,D,20211130,000000,97.4213,97.8634,96.1356,96.4927,7923316,0
ACWI.US,D,20211201,000000,97.6843,98.2383,95.4226,95.4226,6381124,0
ACWI.US,D,20211202,000000,95.7596,97.1492,95.685,96.802,9292241,0
ACWI.US,D,20211203,000000,97.1114,97.3178,95.178,95.9758,7543665,0
ACWI.US,D,20211206,000000,96.4261,97.2533,95.9012,96.9428,6670226,0
ACWI.US,D,20211207,000000,98.1906,99.0822,98.1906,99.0458,6448053,0
ACWI.US,D,20211208,000000,99.1392,99.4019,98.8296,99.3265,4623726,0
ACWI.US,D,20211209,000000,98.923,99.1205,98.5091,98.5386,6544969,0
ACWI.US,D,20211210,000000,99.0066,99.1759,98.454,99.0724,4225784,0
ACWI.US,D,20211213,000000,98.8994,98.8994,98.0855,98.0855,3836574,0
ACWI.US,D,20211214,000000,97.4885,97.9715,96.9949,97.5538,5898998,0
ACWI.US,D,20211215,000000,97.4885,98.8532,96.9949,98.7657,3882424,0
ACWI.US,D,20211216,000000,99.3364,99.4217,97.9053,98.2928,5159674,0
ACWI.US,D,20211217,000000,97.5538,98.1312,96.9863,97.3265,4578313,0
ACWI.US,D,20211220,000000,96.1987,96.4647,95.6774,96.4069,4227640,0
ACWI.US,D,20211221,000000,97.1086,98.0562,96.805,97.9813,3888962,0
ACWI.US,D,20211222,000000,97.8858,98.9377,97.8673,98.8994,5590036,0
ACWI.US,D,20211223,000000,99.1186,99.8182,99.0694,99.5347,3899797,0
ACWI.US,D,20211227,000000,99.7151,100.623,99.6765,100.623,2863854,0
ACWI.US,D,20211228,000000,100.729,100.899,100.425,100.519,7512748,0
ACWI.US,D,20211229,000000,100.51,100.691,100.179,100.529,8295627,0
ACWI.US,D,20211230,000000,100.569,100.833,100.341,100.406,2275078,0
ACWI.US,D,20211231,000000,100.406,100.648,100.189,100.246,5834907,0
ACWI.US,D,20220103,000000,100.569,100.795,100.027,100.776,13704558,0
ACWI.US,D,20220104,000000,101.146,101.193,100.351,100.691,9513928,0
ACWI.US,D,20220105,000000,100.747,100.87,99.0036,99.0518,7213109,0
ACWI.US,D,20220106,000000,98.862,99.4584,98.3646,98.8433,7290162,0
ACWI.US,D,20220107,000000,98.975,99.2423,98.341,98.8247,4842792,0
ACWI.US,D,20220110,000000,98.1312,98.5396,96.9573,98.5396,13554106,0
ACWI.US,D,20220111,000000,98.6437,99.7151,98.1604,99.7151,8235491,0
ACWI.US,D,20220112,000000,100.255,100.529,99.7914,100.321,4833704,0
ACWI.US,D,20220113,000000,100.492,100.568,98.8345,98.975,5613846,0
ACWI.US,D,20220114,000000,98.4639,99.0419,98.0952,99.0036,6691297,0
ACWI.US,D,20220118,000000,97.8576,97.9617,97.0903,97.2889,8912300,0
ACWI.US,D,20220119,000000,97.7154,98.0007,96.6633,96.7008,6499540,0
ACWI.US,D,20220120,000000,97.2696,98.1604,95.8908,95.9432,11199654,0
ACWI.US,D,20220121,000000,95.6493,96.0188,94.2372,94.3129,9265902,0
ACWI.US,D,20220124,000000,92.7494,94.1992,90.5981,94.1614,12586098,0
ACWI.US,D,20220125,000000,92.9009,94.1804,91.8491,93.2136,18985215,0
ACWI.US,D,20220126,000000,94.4741,94.929,92.0717,92.7494,5729220,0
ACWI.US,D,20220127,000000,93.4505,94.0382,91.9532,92.2754,6530373,0
ACWI.US,D,20220128,000000,92.2754,93.7823,91.3942,93.7538,11338894,0
ACWI.US,D,20220131,000000,93.8203,95.7625,93.7065,95.6869,4080289,0
ACWI.US,D,20220201,000000,95.8954,96.5023,95.2226,96.4261,4005996,0
ACWI.US,D,20220202,000000,97.0229,97.2417,96.3603,97.0421,2599288,0
ACWI.US,D,20220203,000000,95.8199,96.2704,95.0237,95.1848,22414918,0
ACWI.US,D,20220204,000000,95.109,96.256,94.692,95.6114,6202388,0
ACWI.US,D,20220207,000000,95.6493,96.1136,95.237,95.4218,4156109,0
ACWI.US,D,20220208,000000,95.2892,96.3221,95.09,96.1614,2870782,0
ACWI.US,D,20220209,000000,97.1558,97.6774,97.1366,97.6774,6010766,0
ACWI.US,D,20220210,000000,96.511,97.8673,95.8668,96.2656,3677584,0
ACWI.US,D,20220211,000000,96.256,96.6729,94.1992,94.4361,4044522,0
ACWI.US,D,20220214,000000,94.3129,94.5404,93.3654,94.0855,5668679,0
ACWI.US,D,20220215,000000,95.1659,95.7721,95.09,95.7348,2743889,0
ACWI.US,D,20220216,000000,95.3176,96.1614,95.0711,95.9528,2823972,0
ACWI.US,D,20220217,000000,95.2797,95.3365,93.9766,94.095,3925808,0
ACWI.US,D,20220218,000000,94.1234,94.3129,93.0146,93.3937,4510333,0
ACWI.US,D,20220222,000000,92.7303,93.3986,91.6121,92.3135,7144740,0
ACWI.US,D,20220223,000000,93.1379,93.1379,90.8398,91.0057,3829564,0
ACWI.US,D,20220224,000000,88.2195,91.4605,87.9826,91.3846,5858977,0
ACWI.US,D,20220225,000000,91.7921,93.4316,91.489,93.4126,5824568,0
ACWI.US,D,20220228,000000,91.887,93.2327,91.7258,92.7589,5688440,0
ACWI.US,D,20220301,000000,92.4934,92.7777,90.6928,91.1856,4940324,0
ACWI.US,D,20220302,000000,91.7164,92.7968,91.3657,92.4934,6233477,0
ACWI.US,D,20220303,000000,92.7399,92.8156,91.233,91.5552,5774952,0
ACWI.US,D,20220304,000000,90.257,90.4228,89.4134,90.2001,3823060,0
ACWI.US,D,20220307,000000,89.8494,89.9064,87.3665,87.3948,5449783,0
ACWI.US,D,20220308,000000,87.7265,89.1955,86.7411,87.2908,5627534,0
ACWI.US,D,20220309,000000,89.1861,90.2758,88.7975,89.9347,4053803,0
ACWI.US,D,20220310,000000,88.8449,89.3852,88.3332,89.224,5517320,0
ACWI.US,D,20220311,000000,89.7641,89.8765,87.9019,87.992,3133045,0
ACWI.US,D,20220314,000000,88.3047,88.8733,87.1959,87.4234,1927887,0
ACWI.US,D,20220315,000000,87.7265,88.9871,87.4045,88.788,5300162,0
ACWI.US,D,20220316,000000,90.1433,91.7921,89.423,91.7921,3129699,0
ACWI.US,D,20220317,000000,91.3468,92.7303,91.1762,92.7303,3674822,0
ACWI.US,D,20220318,000000,92.0574,93.8487,92.0574,93.7538,3246243,0
ACWI.US,D,20220321,000000,93.5737,93.8771,92.7539,93.4222,4330806,0
ACWI.US,D,20220322,000000,93.9244,94.7347,93.9244,94.5498,2452002,0
ACWI.US,D,20220323,000000,93.9529,94.3604,93.4601,93.4885,2801709,0
ACWI.US,D,20220324,000000,93.8676,94.6068,93.6117,94.5689,5243609,0
ACWI.US,D,20220325,000000,94.5026,94.8437,93.9719,94.7489,4054066,0
ACWI.US,D,20220328,000000,94.6164,95.1611,94.0903,95.1184,4058478,0
ACWI.US,D,20220329,000000,96.4358,96.6913,95.8246,96.644,4476816,0
ACWI.US,D,20220330,000000,96.4069,96.6064,95.706,96.104,3278145,0
ACWI.US,D,20220331,000000,95.8199,95.9902,94.5593,94.5593,6238729,0
ACWI.US,D,20220401,000000,95.2321,95.2702,94.4466,95.1753,3641235,0
ACWI.US,D,20220404,000000,95.365,96.0944,95.2038,96.0944,5464955,0
ACWI.US,D,20220405,000000,95.6869,96.0475,94.4645,94.7204,4589517,0
ACWI.US,D,20220406,000000,93.8013,94.1187,93.0337,93.6306,3450172,0
ACWI.US,D,20220407,000000,93.4885,94.2372,92.9199,93.8297,4541298,0
ACWI.US,D,20220408,000000,93.6969,94.2467,93.3464,93.7443,2398176,0
ACWI.US,D,20220411,000000,93.1568,93.1947,92.2376,92.4082,3969074,0
ACWI.US,D,20220412,000000,92.9199,93.3179,91.65,91.8964,3128309,0
ACWI.US,D,20220413,000000,91.9342,93.1284,91.8964,93.0052,2584907,0
ACWI.US,D,20220414,000000,93.0905,93.1947,92.0196,92.029,2360808,0
ACWI.US,D,20220418,000000,91.8491,92.2943,91.489,91.8775,1767213,0
ACWI.US,D,20220419,000000,91.5837,92.9814,91.5647,92.8536,5907637,0
ACWI.US,D,20220420,000000,93.3937,93.4126,92.664,92.9388,2001099,0
ACWI.US,D,20220421,000000,93.678,93.8865,91.3279,91.4984,8645182,0
ACWI.US,D,20220422,000000,91.3562,91.3846,89.3472,89.442,2468919,0
ACWI.US,D,20220425,000000,88.7217,89.6221,87.9019,89.5842,3817608,0
ACWI.US,D,20220426,000000,88.9966,89.006,87.0822,87.1107,3531220,0
ACWI.US,D,20220427,000000,87.3759,88.3283,86.9211,87.4423,5766667,0
ACWI.US,D,20220428,000000,88.2857,89.603,87.3713,89.2713,4554892,0
ACWI.US,D,20220429,000000,89.0723,89.5461,86.8548,86.9306,3553837,0
ACWI.US,D,20220502,000000,86.8927,87.4896,85.585,87.2149,5209023,0
ACWI.US,D,20220503,000000,87.4991,88.101,87.1865,87.7456,3899028,0
ACWI.US,D,20220504,000000,87.6318,89.9963,86.9306,89.8116,4364162,0
ACWI.US,D,20220505,000000,88.7596,88.7596,85.907,86.7505,4418593,0
ACWI.US,D,20220506,000000,86.1155,86.6273,85.0069,85.888,4843629,0
ACWI.US,D,20220509,000000,84.5803,84.7698,82.884,83.1683,6103719,0
ACWI.US,D,20220510,000000,84.495,84.7368,82.6187,83.4621,6349944,0
ACWI.US,D,20220511,000000,83.5474,84.5803,82.2776,82.4197,6657628,0
ACWI.US,D,20220512,000000,81.7941,82.9976,81.0455,82.306,5418883,0
ACWI.US,D,20220513,000000,83.2914,84.6466,83.1874,84.4761,2903604,0
ACWI.US,D,20220516,000000,84.1254,84.8551,83.6753,84.2012,2187749,0
ACWI.US,D,20220517,000000,85.6132,85.9261,84.9026,85.907,2646106,0
ACWI.US,D,20220518,000000,85.0732,85.1491,82.7797,83.0356,3690581,0
ACWI.US,D,20220519,000000,82.6091,83.86,82.4102,83.1113,6265299,0
ACWI.US,D,20220520,000000,84.0023,84.078,81.6898,83.3482,2393593,0
ACWI.US,D,20220523,000000,83.9737,84.8362,83.5664,84.694,2052774,0
ACWI.US,D,20220524,000000,83.7938,84.2108,82.8461,83.9928,1861992,0
ACWI.US,D,20220525,000000,83.5474,84.931,83.5189,84.5709,2168065,0
ACWI.US,D,20220526,000000,84.7034,86.2861,84.7034,85.9639,1749377,0
ACWI.US,D,20220527,000000,86.5989,87.7265,86.523,87.717,1694815,0
ACWI.US,D,20220531,000000,87.7076,88.0677,87.0159,87.3191,4676249,0
ACWI.US,D,20220601,000000,87.9257,88.0299,86.1913,86.6747,3289877,0
ACWI.US,D,20220602,000000,86.8927,88.428,86.523,88.4184,2694548,0
ACWI.US,D,20220603,000000,87.3665,87.6414,86.779,86.9496,2222365,0
ACWI.US,D,20220606,000000,88.0394,88.2195,87.0728,87.2622,3211478,0
ACWI.US,D,20220607,000000,86.5496,88.0015,86.4284,87.9257,3754194,0
ACWI.US,D,20220608,000000,87.5939,87.8924,86.9401,87.1011,3508415,0
ACWI.US,D,20220609,000000,86.6497,86.9959,85.0734,85.0734,3743128,0
ACWI.US,D,20220610,000000,83.629,83.8873,82.7584,82.8637,3737097,0
ACWI.US,D,20220613,000000,80.6829,81.0655,79.5063,79.7932,4408761,0
ACWI.US,D,20220614,000000,80.0134,80.3768,78.8845,79.5542,6452491,0
ACWI.US,D,20220615,000000,80.2906,81.625,79.3055,80.769,3826991,0
ACWI.US,D,20220616,000000,78.7985,79.0185,77.9185,78.4064,3819547,0
ACWI.US,D,20220617,000000,78.5307,79.0903,77.7273,78.3681,5099419,0
ACWI.US,D,20220621,000000,79.7168,80.4247,79.6306,80.1185,5051935,0
ACWI.US,D,20220622,000000,79.1715,80.482,78.9706,79.6594,3816685,0
ACWI.US,D,20220623,000000,79.9845,80.2621,79.1715,80.1185,3858788,0
ACWI.US,D,20220624,000000,80.9316,82.5863,80.9316,82.5576,3507611,0
ACWI.US,D,20220627,000000,82.7777,82.8398,82.1463,82.3186,4321511,0
ACWI.US,D,20220628,000000,82.8159,83.256,81.0702,81.1037,3347578,0
ACWI.US,D,20220629,000000,81.1803,81.3284,80.5967,80.8837,3753115,0
ACWI.US,D,20220630,000000,79.8315,80.7546,79.1811,80.2428,5707615,0
ACWI.US,D,20220701,000000,79.8698,80.8741,79.3245,80.8073,3377626,0
ACWI.US,D,20220705,000000,79.3437,80.415,78.8176,80.3959,5341097,0
ACWI.US,D,20220706,000000,80.3385,80.9126,79.7942,80.5108,3690628,0
ACWI.US,D,20220707,000000,81.0176,81.9265,81.0176,81.7925,3343007,0
ACWI.US,D,20220708,000000,81.429,82.1607,81.1324,81.7351,2851235,0
ACWI.US,D,20220711,000000,80.9985,81.0847,80.4342,80.5776,4555539,0
ACWI.US,D,20220712,000000,80.3768,80.8551,79.7455,80.0802,3123141,0
ACWI.US,D,20220713,000000,78.9132,80.3004,78.856,79.755,3095558,0
ACWI.US,D,20220714,000000,78.4447,79.2959,77.9281,79.2097,2360837,0
ACWI.US,D,20220715,000000,80.0612,80.5586,79.535,80.5586,4949128,0
ACWI.US,D,20220718,000000,81.3811,81.606,80.1089,80.3385,3017601,0
ACWI.US,D,20220719,000000,81.2186,82.4619,81.2186,82.3759,2293444,0
ACWI.US,D,20220720,000000,82.3281,82.9402,82.0555,82.6341,1920996,0
ACWI.US,D,20220721,000000,82.4907,83.5047,82.2132,83.4759,3714923,0
ACWI.US,D,20220722,000000,83.562,83.8968,82.3663,82.7681,1811490,0
ACWI.US,D,20220725,000000,83.0934,83.1794,82.6341,83.0264,7674899,0
ACWI.US,D,20220726,000000,82.6055,82.6916,81.8929,82.022,3471348,0
ACWI.US,D,20220727,000000,82.7584,84.2986,82.7011,84.0306,2701597,0
ACWI.US,D,20220728,000000,84.1073,84.949,83.3994,84.8342,2715535,0
ACWI.US,D,20220729,000000,84.9108,85.982,84.7673,85.9151,1697481,0
ACWI.US,D,20220801,000000,85.3506,86.1446,85.1738,85.6376,3774824,0
ACWI.US,D,20220802,000000,85.2073,85.9437,84.7768,84.9681,3983859,0
ACWI.US,D,20220803,000000,85.3603,86.2212,85.2073,86.0586,2607412,0
ACWI.US,D,20220804,000000,86.0681,86.3646,85.8384,86.1924,3020898,0
ACWI.US,D,20220805,000000,85.2263,86.0728,85.1595,85.9246,1561286,0
ACWI.US,D,20220808,000000,86.3073,86.8524,85.7898,85.9629,2697602,0
ACWI.US,D,20220809,000000,85.8959,85.982,85.3698,85.5516,3823453,0
ACWI.US,D,20220810,000000,87.1203,87.436,86.795,87.3403,12942423,0
ACWI.US,D,20220811,000000,87.9333,88.4021,87.2638,87.4169,2897486,0
ACWI.US,D,20220812,000000,87.7708,88.6267,87.522,88.6221,1240282,0
ACWI.US,D,20220815,000000,88.0481,88.6985,88.0143,88.6029,7448058,0
ACWI.US,D,20220816,000000,88.2586,89.0141,88.2059,88.6699,7417509,0
ACWI.US,D,20220817,000000,87.9046,88.5743,87.6081,88.029,3003732,0
ACWI.US,D,20220818,000000,88.0386,88.1725,87.6942,88.0003,2789933,0
ACWI.US,D,20220819,000000,87.369,87.4169,86.6277,86.8238,3766653,0
ACWI.US,D,20220822,000000,85.8862,85.8862,85.0494,85.1881,3726433,0
ACWI.US,D,20220823,000000,85.1212,85.7859,85.0589,85.1786,2595556,0
ACWI.US,D,20220824,000000,84.9681,85.7046,84.8917,85.3986,2177672,0
ACWI.US,D,20220825,000000,85.7428,86.6611,85.6185,86.6611,3974294,0
ACWI.US,D,20220826,000000,86.7664,86.795,84.0594,84.0784,4393087,0
ACWI.US,D,20220829,000000,83.5333,84.1551,83.3611,83.562,7395057,0
ACWI.US,D,20220830,000000,83.916,83.9541,82.3281,82.7011,5958584,0
ACWI.US,D,20220831,000000,83.1507,83.3133,82.1654,82.1654,2698169,0
ACWI.US,D,20220901,000000,81.5055,82.0028,80.8023,81.9647,3826231,0
ACWI.US,D,20220902,000000,82.6724,82.9499,80.9126,81.2567,5578469,0
ACWI.US,D,20220906,000000,81.3907,81.5629,80.4868,80.8073,17155530,0
ACWI.US,D,20220907,000000,80.5681,82.1367,80.5394,82.0123,4239033,0
ACWI.US,D,20220908,000000,81.4959,82.4619,81.1898,82.395,4430161,0
ACWI.US,D,20220909,000000,83.2463,84.0545,83.2081,83.916,6428423,0
ACWI.US,D,20220912,000000,84.4899,85.1212,84.4802,84.9491,5814208,0
ACWI.US,D,20220913,000000,83.1985,83.3707,81.3763,81.5916,4524989,0
ACWI.US,D,20220914,000000,81.8786,82.2086,81.2951,81.9168,2280361,0
ACWI.US,D,20220915,000000,81.4577,82.0984,80.8168,81.0655,6491835,0
ACWI.US,D,20220916,000000,80.2046,80.5203,79.7647,80.3385,4356804,0
ACWI.US,D,20220919,000000,79.6211,80.8742,79.6068,80.8646,5831879,0
ACWI.US,D,20220920,000000,80.1377,80.2716,79.3437,79.8698,2928945,0
ACWI.US,D,20220921,000000,80.0898,80.7019,78.5403,78.5594,4918363,0
ACWI.US,D,20220922,000000,78.6073,78.6836,77.7654,77.9759,2852188,0
ACWI.US,D,20220923,000000,76.9045,76.9141,75.4889,76.3403,9550537,0
ACWI.US,D,20220926,000000,75.8715,76.589,75.1446,75.4315,7386695,0
ACWI.US,D,20220927,000000,76.0915,76.522,74.7142,75.1829,4394592,0
ACWI.US,D,20220928,000000,75.2499,76.9715,74.9629,76.7229,7508804,0
ACWI.US,D,20220929,000000,75.6993,75.8332,74.6376,75.2786,5552802,0
ACWI.US,D,20220930,000000,75.0012,75.886,74.3889,74.4463,4843718,0
ACWI.US,D,20221003,000000,75.2402,76.5699,74.8529,76.2159,2765813,0
ACWI.US,D,20221004,000000,77.6698,78.8271,77.6698,78.8176,3748781,0
ACWI.US,D,20221005,000000,77.7942,78.9037,77.3159,78.4638,2143625,0
ACWI.US,D,20221006,000000,78.0334,78.5594,77.4403,77.555,3089781,0
ACWI.US,D,20221007,000000,76.8377,76.8567,75.2737,75.5845,7484050,0
ACWI.US,D,20221010,000000,75.7664,75.7664,74.5229,74.982,2976031,0
ACWI.US,D,20221011,000000,74.5803,75.4411,73.9872,74.3508,14369547,0
ACWI.US,D,20221012,000000,74.3986,74.6664,74.0159,74.1498,2889852,0
ACWI.US,D,20221013,000000,72.562,76.1011,72.4184,75.8237,9810833,0
ACWI.US,D,20221014,000000,76.3307,76.5699,74.1307,74.2167,4356108,0
ACWI.US,D,20221017,000000,75.6324,76.3738,75.6324,76.1393,5697636,0
ACWI.US,D,20221018,000000,77.6124,77.689,76.1681,76.8567,4135509,0
ACWI.US,D,20221019,000000,76.2445,76.7324,75.5559,76.0724,2973288,0
ACWI.US,D,20221020,000000,76.1297,77.0719,75.5463,75.7089,6482787,0
ACWI.US,D,20221021,000000,75.4984,77.4019,75.1543,77.3159,4970606,0
ACWI.US,D,20221024,000000,77.1437,77.775,76.5411,77.5455,2470000,0
ACWI.US,D,20221025,000000,77.7273,78.9994,77.689,78.9132,5586869,0
ACWI.US,D,20221026,000000,78.5211,79.8124,78.4925,78.9228,7029434,0
ACWI.US,D,20221027,000000,78.961,79.4202,78.3345,78.4447,3494261,0
ACWI.US,D,20221028,000000,78.2916,79.7932,78.2102,79.6977,5841734,0
ACWI.US,D,20221031,000000,79.0567,79.468,78.9277,79.1715,7045747,0
ACWI.US,D,20221101,000000,80.3289,80.3385,78.9994,79.2481,3055803,0
ACWI.US,D,20221102,000000,79.2385,80.195,77.5646,77.622,11167147,0
ACWI.US,D,20221103,000000,76.7515,77.4498,76.3738,76.9429,8101391,0
ACWI.US,D,20221104,000000,78.6933,79.0758,77.5455,78.7507,6972705,0
ACWI.US,D,20221107,000000,79.0758,79.4298,78.5977,79.2481,8093024,0
ACWI.US,D,20221108,000000,79.535,80.4102,79.0712,79.8029,5234883,0
ACWI.US,D,20221109,000000,79.3437,79.6211,78.2534,78.3299,9116943,0
ACWI.US,D,20221110,000000,81.2951,82.5959,80.8263,82.529,6499824,0
ACWI.US,D,20221111,000000,83.0071,83.9112,82.7107,83.782,8966875,0
ACWI.US,D,20221114,000000,83.3421,83.9112,82.9786,83.0264,5571847,0
ACWI.US,D,20221115,000000,84.4516,84.6238,83.0838,83.8297,5684352,0
ACWI.US,D,20221116,000000,83.5525,83.6768,83.055,83.1985,4707183,0
ACWI.US,D,20221117,000000,81.8691,83.0694,81.8594,82.9976,4972461,0
ACWI.US,D,20221118,000000,83.5142,83.6003,82.6868,83.1602,4833565,0
ACWI.US,D,20221121,000000,82.6437,82.8828,82.2993,82.7011,5487144,0
ACWI.US,D,20221122,000000,83.0838,83.7724,82.8351,83.7343,4379858,0
ACWI.US,D,20221123,000000,83.7054,84.4946,83.7054,84.3846,1742419,0
ACWI.US,D,20221125,000000,84.356,84.552,84.2508,84.4516,1740296,0
ACWI.US,D,20221128,000000,83.8873,84.222,83.0934,83.2273,10991469,0
ACWI.US,D,20221129,000000,83.5142,83.8107,83.0885,83.3994,3640637,0
ACWI.US,D,20221130,000000,83.8297,85.7716,83.2846,85.7716,7210851,0
ACWI.US,D,20221201,000000,86.1733,86.4411,85.4272,85.8959,5574687,0
ACWI.US,D,20221202,000000,84.9298,86.0394,84.9012,85.8194,4272176,0
ACWI.US,D,20221205,000000,85.3221,85.5037,84.0881,84.356,16913796,0
ACWI.US,D,20221206,000000,84.4134,84.509,83.0599,83.4568,4601421,0
ACWI.US,D,20221207,000000,83.2655,83.7343,83.1029,83.3037,4787438,0
ACWI.US,D,20221208,000000,83.6671,84.136,83.3707,83.9446,2321974,0
ACWI.US,D,20221209,000000,83.9446,84.3607,83.5142,83.5428,8251556,0
ACWI.US,D,20221212,000000,83.6959,84.2986,83.4281,84.2891,7496619,0
ACWI.US,D,20221213,000000,86.6761,86.6761,84.6326,85.0663,9543900,0
ACWI.US,D,20221214,000000,85.1145,85.7893,84.1023,84.7385,6282695,0
ACWI.US,D,20221215,000000,83.736,83.8904,82.3336,82.6565,3732848,0
ACWI.US,D,20221216,000000,82.0782,82.4348,81.4902,81.8565,4856249,0
ACWI.US,D,20221219,000000,82.0397,82.0686,81.0661,81.3552,5208287,0
ACWI.US,D,20221220,000000,81.3552,81.8902,81.0661,81.5384,9941945,0
ACWI.US,D,20221221,000000,82.0493,82.8396,81.9144,82.6084,3941472,0
ACWI.US,D,20221222,000000,82.0782,82.1119,80.5743,81.6155,5731697,0
ACWI.US,D,20221223,000000,81.4612,81.9962,81.1335,81.9914,4670750,0
ACWI.US,D,20221227,000000,82.0782,82.2709,81.63,81.9625,4255797,0
ACWI.US,D,20221228,000000,81.9818,82.3047,80.9023,80.9023,3604695,0
ACWI.US,D,20221229,000000,81.7022,82.4927,81.5576,82.3095,5227692,0
ACWI.US,D,20221230,000000,81.7601,81.9914,81.2877,81.8179,4359212,0
ACWI.US,D,20230103,000000,82.4251,82.9168,81.3504,81.8371,13768705,0
ACWI.US,D,20230104,000000,82.7239,83.1674,82.0397,82.8782,5909508,0
ACWI.US,D,20230105,000000,82.3384,82.43,81.8565,82.03,8577440,0
ACWI.US,D,20230106,000000,82.7047,84.1023,82.059,83.9289,5450742,0
ACWI.US,D,20230109,000000,84.4976,85.1434,84.0735,84.112,6907716,0
ACWI.US,D,20230110,000000,84.0445,84.6037,83.7843,84.5844,4524439,0
ACWI.US,D,20230111,000000,84.8929,85.4905,84.7338,85.4712,13683930,0
ACWI.US,D,20230112,000000,85.905,86.3001,84.9313,86.0688,5426486,0
ACWI.US,D,20230113,000000,85.5291,86.5412,85.5194,86.4543,8578842,0
ACWI.US,D,20230117,000000,86.4543,86.8206,86.2423,86.3965,3937119,0
ACWI.US,D,20230118,000000,86.9267,87.052,85.4133,85.4518,3555183,0
ACWI.US,D,20230119,000000,85.1145,85.4809,84.7097,85.1145,4004467,0
ACWI.US,D,20230120,000000,85.259,86.4447,85.0084,86.4351,5207702,0
ACWI.US,D,20230123,000000,86.4351,87.5051,86.3195,87.1966,7952755,0
ACWI.US,D,20230124,000000,86.811,87.2544,86.5412,87.0809,5329633,0
ACWI.US,D,20230125,000000,86.3965,87.3605,86.0158,87.2833,6698845,0
ACWI.US,D,20230126,000000,87.8231,88.0642,87.1387,88.0255,5701998,0
ACWI.US,D,20230127,000000,87.6689,88.493,87.64,88.0738,5761184,0
ACWI.US,D,20230130,000000,87.5051,87.8906,86.9749,87.0134,7817094,0
ACWI.US,D,20230131,000000,86.9074,87.9677,86.8398,87.9581,8685330,0
ACWI.US,D,20230201,000000,87.7364,89.3654,87.1677,88.8545,3950151,0
ACWI.US,D,20230202,000000,89.5967,89.8716,88.8931,89.5775,3616372,0
ACWI.US,D,20230203,000000,88.4883,89.4425,88.3195,88.546,3110010,0
ACWI.US,D,20230206,000000,87.9388,87.9966,87.399,87.8135,4418811,0
ACWI.US,D,20230207,000000,87.6303,88.9365,87.3412,88.7486,3158750,0
ACWI.US,D,20230208,000000,88.5557,88.6713,87.8617,87.987,2639516,0
ACWI.US,D,20230209,000000,88.951,89.0184,87.3363,87.6014,3138941,0
ACWI.US,D,20230210,000000,87.3026,87.6112,87.0327,87.5243,2066372,0
ACWI.US,D,20230213,000000,87.6592,88.5076,87.5629,88.4497,6578408,0
ACWI.US,D,20230214,000000,88.1124,88.9606,87.6834,88.498,3709495,0
ACWI.US,D,20230215,000000,87.7461,88.5557,87.6785,88.5557,1720125,0
ACWI.US,D,20230216,000000,87.5725,88.4787,87.4955,87.6592,2358993,0
ACWI.US,D,20230217,000000,87.158,87.4859,86.8014,87.4376,4712027,0
ACWI.US,D,20230221,000000,86.6376,86.8784,85.8809,85.9434,6969743,0
ACWI.US,D,20230222,000000,85.9628,86.2037,85.4326,85.7122,3772939,0
ACWI.US,D,20230223,000000,86.2905,86.4158,85.2784,86.1266,2429736,0
ACWI.US,D,20230224,000000,84.7868,85.1048,84.4976,84.9795,2552207,0
ACWI.US,D,20230227,000000,85.7411,86.0205,85.3169,85.4809,2852839,0
ACWI.US,D,20230228,000000,85.3748,85.6062,85.0374,85.0374,5195043,0
ACWI.US,D,20230301,000000,85.3363,85.6062,84.9507,85.2206,3431477,0
ACWI.US,D,20230302,000000,84.7676,85.8615,84.6615,85.6832,5817233,0
ACWI.US,D,20230303,000000,86.1941,87.0472,85.9531,86.9749,3765270,0
ACWI.US,D,20230306,000000,87.023,87.4665,86.8302,86.9171,4477075,0
ACWI.US,D,20230307,000000,86.7821,86.8592,85.4037,85.5483,1548489,0
ACWI.US,D,20230308,000000,85.6448,85.9531,85.3267,85.7314,1867377,0
ACWI.US,D,20230309,000000,85.7893,86.117,84.1988,84.353,3065539,0
ACWI.US,D,20230310,000000,84.2373,84.6326,83.0132,83.2445,5690345,0
ACWI.US,D,20230313,000000,82.4251,83.9048,82.2275,83.0325,5674737,0
ACWI.US,D,20230314,000000,83.9193,84.4591,83.365,84.1795,2148767,0
ACWI.US,D,20230315,000000,82.3962,83.0228,81.8806,83.0132,3399889,0
ACWI.US,D,20230316,000000,82.589,84.3916,82.4155,84.3626,4744313,0
ACWI.US,D,20230317,000000,84.0156,84.1699,83.1192,83.4469,2559088,0
ACWI.US,D,20230320,000000,83.6398,84.4204,83.6012,84.2566,2233248,0
ACWI.US,D,20230321,000000,85.1724,85.4809,84.7965,85.3748,2904871,0
ACWI.US,D,20230322,000000,85.4518,86.3484,84.4301,84.4591,3222433,0
ACWI.US,D,20230323,000000,85.1627,85.9434,84.1892,84.6807,2940338,0
ACWI.US,D,20230324,000000,84.2084,84.9266,83.8036,84.8832,6103630,0
ACWI.US,D,20230327,000000,85.288,85.4616,84.8832,85.182,1629237,0
ACWI.US,D,20230328,000000,85.2013,85.3459,84.8832,85.259,6706262,0
ACWI.US,D,20230329,000000,86.0688,86.3627,85.8567,86.3001,5388180,0
ACWI.US,D,20230330,000000,87.0617,87.1387,86.6761,87.0038,2047777,0
ACWI.US,D,20230331,000000,87.293,87.9099,87.187,87.8713,3301459,0
ACWI.US,D,20230403,000000,87.8424,88.416,87.7653,88.3823,7999771,0
ACWI.US,D,20230404,000000,88.4401,88.5702,87.7412,88.0738,2226924,0
ACWI.US,D,20230405,000000,87.8327,87.9195,87.3026,87.6207,1741522,0
ACWI.US,D,20230406,000000,87.4472,88.0642,87.2544,87.9677,1823860,0
ACWI.US,D,20230410,000000,87.4665,88.0255,87.3026,88.0255,1359606,0
ACWI.US,D,20230411,000000,88.1895,88.4401,88.0497,88.1991,2083178,0
ACWI.US,D,20230412,000000,88.7291,88.816,87.9533,88.0546,2479685,0
ACWI.US,D,20230413,000000,88.469,89.3075,88.469,89.2305,2557886,0
ACWI.US,D,20230414,000000,89.0859,89.5003,88.5172,88.9702,1136639,0
ACWI.US,D,20230417,000000,88.8931,89.1341,88.6039,89.1341,3314771,0
ACWI.US,D,20230418,000000,89.5293,89.5678,89.028,89.2979,1695880,0
ACWI.US,D,20230419,000000,88.816,89.2691,88.7774,89.1148,4558872,0
ACWI.US,D,20230420,000000,88.6232,89.1196,88.498,88.787,1930155,0
ACWI.US,D,20230421,000000,88.7291,88.9269,88.3677,88.8449,3176496,0
ACWI.US,D,20230424,000000,88.7774,88.9798,88.546,88.8834,2185262,0
ACWI.US,D,20230425,000000,88.3533,88.4208,87.4376,87.4568,4137670,0
ACWI.US,D,20230426,000000,87.8327,87.9003,87.1387,87.2352,8021324,0
ACWI.US,D,20230427,000000,87.8039,88.7774,87.7074,88.7291,5306949,0
ACWI.US,D,20230428,000000,88.4305,89.2498,88.3919,89.2498,1587779,0
ACWI.US,D,20230501,000000,89.2209,89.4955,89.0907,89.1341,957585,0
ACWI.US,D,20230502,000000,88.8064,88.8064,87.5629,88.1316,1362774,0
ACWI.US,D,20230503,000000,88.2569,88.816,87.7749,87.8135,4112387,0
ACWI.US,D,20230504,000000,87.7364,87.8231,87.2352,87.4955,2893715,0
ACWI.US,D,20230505,000000,88.1605,89.163,88.1267,88.9798,3755466,0
ACWI.US,D,20230508,000000,89.1533,89.1533,88.763,89.0184,1936399,0
ACWI.US,D,20230509,000000,88.498,88.8256,88.4401,88.6425,1571530,0
ACWI.US,D,20230510,000000,89.028,89.1341,88.1412,88.8641,6636453,0
ACWI.US,D,20230511,000000,88.5269,88.6713,88.1316,88.6425,3628416,0
ACWI.US,D,20230512,000000,88.7582,88.7967,87.963,88.3919,1312617,0
ACWI.US,D,20230515,000000,88.6232,89.0473,88.3919,88.9992,3012541,0
ACWI.US,D,20230516,000000,88.6521,88.816,88.2762,88.2858,3682956,0
ACWI.US,D,20230517,000000,88.5749,89.2063,88.2473,89.1148,2851980,0
ACWI.US,D,20230518,000000,89.0088,89.6354,88.8545,89.5581,4396347,0
ACWI.US,D,20230519,000000,89.7799,89.9245,89.3944,89.616,1981051,0
ACWI.US,D,20230522,000000,89.7413,90.0113,89.5293,89.751,1899902,0
ACWI.US,D,20230523,000000,89.2883,89.404,88.5942,88.6232,3956716,0
ACWI.US,D,20230524,000000,88.122,88.122,87.6255,87.8039,1988900,0
ACWI.US,D,20230525,000000,88.2858,88.4111,87.7845,88.1605,1906970,0
ACWI.US,D,20230526,000000,88.4305,89.4425,88.4305,89.3173,2299478,0
ACWI.US,D,20230530,000000,89.5196,89.5631,88.681,88.951,4215606,0
ACWI.US,D,20230531,000000,88.3727,88.5606,87.8809,88.3147,2359708,0
ACWI.US,D,20230601,000000,88.4593,89.5535,88.3341,89.3654,5593705,0
ACWI.US,D,20230602,000000,90.2619,90.8595,90.1173,90.6956,5611338,0
ACWI.US,D,20230605,000000,90.7245,90.8787,90.3297,90.4546,4456052,0
ACWI.US,D,20230606,000000,90.4353,90.9656,90.3391,90.8883,5637338,0
ACWI.US,D,20230607,000000,90.8912,91.125,90.3215,90.4043,9122167,0
ACWI.US,D,20230608,000000,90.5115,91.1542,90.4043,91.0568,3851503,0
ACWI.US,D,20230609,000000,91.232,91.5631,90.9984,91.1833,3338227,0
ACWI.US,D,20230612,000000,91.4171,91.8553,91.2515,91.8455,3169736,0
ACWI.US,D,20230613,000000,92.4103,92.7073,92.235,92.5564,4487874,0
ACWI.US,D,20230614,000000,92.79,93.1455,92.089,92.7803,1385733,0
ACWI.US,D,20230615,000000,92.7413,94.0268,92.6635,93.8321,2357560,0
ACWI.US,D,20230616,000000,94.2702,94.2702,93.4815,93.5594,2354060,0
ACWI.US,D,20230620,000000,92.8777,92.9946,92.3617,92.7025,4939290,0
ACWI.US,D,20230621,000000,92.4395,92.7413,92.2009,92.3811,2843075,0
ACWI.US,D,20230622,000000,92.0403,92.4103,91.9234,92.4005,1653102,0
ACWI.US,D,20230623,000000,91.3392,91.7384,91.3003,91.4463,2049118,0
ACWI.US,D,20230626,000000,91.6508,91.7823,91.271,91.2905,1873705,0
ACWI.US,D,20230627,000000,91.6021,92.3324,91.4171,92.2545,3065272,0
ACWI.US,D,20230628,000000,92.0208,92.4298,91.8845,92.2448,1353037,0
ACWI.US,D,20230629,000000,92.0403,92.4005,91.9527,92.4005,1989487,0
ACWI.US,D,20230630,000000,93.1504,93.5691,93.0822,93.4231,2308312,0
ACWI.US,D,20230703,000000,93.501,93.6958,93.4522,93.6471,1549564,0
ACWI.US,D,20230705,000000,93.1699,93.3354,93.0189,93.1893,3248706,0
ACWI.US,D,20230706,000000,92.1378,92.1766,91.5144,92.0403,2184424,0
ACWI.US,D,20230707,000000,92.0014,92.9167,91.9624,92.2253,974582,0
ACWI.US,D,20230710,000000,92.089,92.4771,92.089,92.459,1095142,0
ACWI.US,D,20230711,000000,92.7609,93.2575,92.5223,93.1893,744772,0
ACWI.US,D,20230712,000000,94.2312,94.4942,94.0852,94.3093,3415773,0
ACWI.US,D,20230713,000000,94.9811,95.5166,94.9227,95.3803,2051342,0
ACWI.US,D,20230714,000000,95.4679,95.5264,95.0103,95.1174,4003487,0
ACWI.US,D,20230717,000000,94.9811,95.5215,94.9031,95.3609,4200874,0
ACWI.US,D,20230718,000000,95.2829,95.984,95.1856,95.8964,3519769,0
ACWI.US,D,20230719,000000,96.0133,96.2567,95.8574,96.0133,6365477,0
ACWI.US,D,20230720,000000,95.8088,95.9451,95.2245,95.3706,6352250,0
ACWI.US,D,20230721,000000,95.6822,95.7406,95.3706,95.4193,2166183,0
ACWI.US,D,20230724,000000,95.5264,95.9158,95.3901,95.7601,3565990,0
ACWI.US,D,20230725,000000,95.8088,96.2762,95.799,96.0717,4823948,0
ACWI.US,D,20230726,000000,95.7211,96.4611,95.7211,96.1983,3605938,0
ACWI.US,D,20230727,000000,96.9189,96.9189,95.4144,95.5946,3117693,0
ACWI.US,D,20230728,000000,96.393,96.7875,96.2664,96.5975,4315796,0
ACWI.US,D,20230731,000000,96.6949,96.8994,96.5489,96.7825,3031416,0
ACWI.US,D,20230801,000000,96.2372,96.4125,95.9451,96.1106,3295682,0
ACWI.US,D,20230802,000000,95.1954,95.2635,94.3774,94.5234,5945018,0
ACWI.US,D,20230803,000000,94.017,94.6402,93.9488,94.2993,5524033,0
ACWI.US,D,20230804,000000,94.6598,95.2245,93.9926,94.1047,3010058,0
ACWI.US,D,20230807,000000,94.5332,94.7717,94.2021,94.7376,1645844,0
ACWI.US,D,20230808,000000,93.9294,94.2896,93.4619,94.1924,2744463,0
ACWI.US,D,20230809,000000,94.3481,94.3569,93.6177,93.793,1666001,0
ACWI.US,D,20230810,000000,94.4649,95.1368,93.7443,93.9391,3829520,0
ACWI.US,D,20230811,000000,93.4035,93.8563,93.2819,93.5886,937436,0
ACWI.US,D,20230814,000000,93.1211,93.7736,92.9946,93.7736,3913659,0
ACWI.US,D,20230815,000000,93.3451,93.3647,92.4883,92.6246,4953690,0
ACWI.US,D,20230816,000000,92.4005,92.7706,91.8942,91.9137,1999015,0
ACWI.US,D,20230817,000000,92.2642,92.3422,91.2029,91.31,2734424,0
ACWI.US,D,20230818,000000,90.6089,91.4756,90.5797,91.271,2507139,0
ACWI.US,D,20230821,000000,91.5242,91.8942,91.052,91.7482,1685874,0
ACWI.US,D,20230822,000000,92.1766,92.1766,91.4463,91.5437,1592630,0
ACWI.US,D,20230823,000000,91.8748,92.7609,91.8358,92.6246,3289399,0
ACWI.US,D,20230824,000000,92.7219,92.8777,91.4268,91.4463,1989565,0
ACWI.US,D,20230825,000000,91.7871,92.2837,91.0385,92.0014,2085548,0
ACWI.US,D,20230828,000000,92.5272,92.8339,92.4005,92.7122,2060947,0
ACWI.US,D,20230829,000000,92.6148,94.0754,92.605,94.0268,2784516,0
ACWI.US,D,20230830,000000,94.0949,94.426,93.9002,94.2605,1753625,0
ACWI.US,D,20230831,000000,94.2605,94.4455,93.9099,93.9684,3964936,0
ACWI.US,D,20230901,000000,94.6889,94.835,93.9684,94.2312,2400789,0
ACWI.US,D,20230905,000000,94.056,94.0949,93.6859,93.6859,2151542,0
ACWI.US,D,20230906,000000,93.5496,93.6275,92.7413,93.1407,1408297,0
ACWI.US,D,20230907,000000,92.5758,92.9069,92.4055,92.79,1795850,0
ACWI.US,D,20230908,000000,92.8194,93.1407,92.6928,92.8291,1140321,0
ACWI.US,D,20230911,000000,93.5594,93.6471,93.2672,93.6275,1043155,0
ACWI.US,D,20230912,000000,93.2575,93.6471,93.1407,93.1796,1102606,0
ACWI.US,D,20230913,000000,93.1893,93.4425,92.9654,93.2088,2937248,0
ACWI.US,D,20230914,000000,93.8223,94.1925,93.5594,94.0657,1372334,0
ACWI.US,D,20230915,000000,93.9391,93.9782,93.2088,93.3063,4349496,0
ACWI.US,D,20230918,000000,93.092,93.4035,92.9702,93.2088,632621,0
ACWI.US,D,20230919,000000,93.0627,93.2039,92.5676,93.0043,1762834,0
ACWI.US,D,20230920,000000,93.3063,93.501,92.3617,92.4005,1151469,0
ACWI.US,D,20230921,000000,91.5924,91.68,90.8037,90.8718,2683990,0
ACWI.US,D,20230922,000000,91.2515,91.4999,90.7646,90.8134,1562324,0
ACWI.US,D,20230925,000000,90.3752,90.94,90.3168,90.9302,1691444,0
ACWI.US,D,20230926,000000,90.2681,90.4434,89.489,89.6059,4999307,0
ACWI.US,D,20230927,000000,89.9564,90.0344,88.9243,89.6449,2632173,0
ACWI.US,D,20230928,000000,89.5767,90.5017,89.4111,90.1999,2689607,0
ACWI.US,D,20230929,000000,90.9984,90.9984,89.7422,89.9467,2542690,0
ACWI.US,D,20231002,000000,89.7324,89.8688,89.0899,89.5474,1795838,0
ACWI.US,D,20231003,000000,88.9633,89.2358,88.0672,88.3498,2021891,0
ACWI.US,D,20231004,000000,88.418,88.8658,87.9797,88.7294,1900778,0
ACWI.US,D,20231005,000000,88.8561,89.0996,88.3108,88.9535,9115432,0
ACWI.US,D,20231006,000000,88.6029,90.3265,88.2572,90.0538,5176067,0
ACWI.US,D,20231009,000000,89.4404,90.4823,89.3722,90.3752,3265345,0
ACWI.US,D,20231010,000000,90.7939,91.5924,90.6868,91.1348,4936833,0
ACWI.US,D,20231011,000000,91.5242,91.6411,90.9594,91.5534,1656287,0
ACWI.US,D,20231012,000000,91.6508,91.6508,90.4043,90.8524,2908077,0
ACWI.US,D,20231013,000000,91.0081,91.232,89.9954,90.3362,5236755,0
ACWI.US,D,20231016,000000,90.6479,91.3197,90.5894,91.1639,4384604,0
ACWI.US,D,20231017,000000,90.4629,91.6167,90.4434,91.2029,5570316,0
ACWI.US,D,20231018,000000,90.7062,90.8134,89.6838,89.898,6119802,0
ACWI.US,D,20231019,000000,89.8298,90.2583,88.9389,89.0899,2873930,0
ACWI.US,D,20231020,000000,88.8853,88.9924,88.0187,88.0284,3365275,0
ACWI.US,D,20231023,000000,87.6292,88.6435,87.3126,87.9603,3096389,0
ACWI.US,D,20231024,000000,88.3302,88.8074,88.0771,88.6029,1620865,0
ACWI.US,D,20231025,000000,88.2328,88.2328,87.3614,87.4734,2640478,0
ACWI.US,D,20231026,000000,87.1714,87.3662,86.3632,86.5775,2440578,0
ACWI.US,D,20231027,000000,87.0742,87.1179,86.0176,86.2659,2731725,0
ACWI.US,D,20231030,000000,87.0059,87.4538,86.704,87.2689,2592885,0
ACWI.US,D,20231031,000000,87.415,87.6944,86.9573,87.6583,3306797,0
ACWI.US,D,20231101,000000,87.8628,88.6565,87.7264,88.5347,7011846,0
ACWI.US,D,20231102,000000,89.6546,90.3313,89.5669,90.2875,2646981,0
ACWI.US,D,20231103,000000,90.9497,91.6021,90.9497,91.3295,3228796,0
ACWI.US,D,20231106,000000,91.5242,91.6021,91.0568,91.4073,2694077,0
ACWI.US,D,20231107,000000,91.1639,91.5047,90.8912,91.3587,3326934,0
ACWI.US,D,20231108,000000,91.3976,91.5875,90.9205,91.3392,2101746,0
ACWI.US,D,20231109,000000,91.6703,91.7482,90.7257,90.7939,12902386,0
ACWI.US,D,20231110,000000,91.0276,91.8845,90.6479,91.8358,2057688,0
ACWI.US,D,20231113,000000,91.495,92.0695,91.3928,91.8553,3092096,0
ACWI.US,D,20231114,000000,93.2478,94.0852,93.0627,93.8613,3998074,0
ACWI.US,D,20231115,000000,94.1631,94.4748,93.9197,94.056,4296409,0
ACWI.US,D,20231116,000000,93.8418,94.1338,93.5886,93.9879,2179798,0
ACWI.US,D,20231117,000000,94.2702,94.4893,94.0754,94.4065,4246293,0
ACWI.US,D,20231120,000000,94.3481,95.2489,94.3481,95.0687,3185763,0
ACWI.US,D,20231121,000000,94.9713,94.9713,94.6598,94.8156,3442655,0
ACWI.US,D,20231122,000000,95.0493,95.2635,94.762,95.0784,3363800,0
ACWI.US,D,20231124,000000,95.1564,95.3267,95.0882,95.3121,795373,0
ACWI.US,D,20231127,000000,95.1467,95.2148,94.9713,95.059,8232563,0
ACWI.US,D,20231128,000000,95.0298,95.4582,94.8643,95.2148,6559685,0
ACWI.US,D,20231129,000000,95.575,95.7455,95.1368,95.2051,4196904,0
ACWI.US,D,20231130,000000,95.322,95.5409,95.02,95.4484,4053117,0
ACWI.US,D,20231201,000000,95.2635,96.2567,95.2098,96.1594,5442318,0
ACWI.US,D,20231204,000000,95.3609,95.726,95.171,95.5653,3702589,0
ACWI.US,D,20231205,000000,95.2342,95.5994,95.0979,95.3803,2438756,0
ACWI.US,D,20231206,000000,96.0133,96.0133,95.1368,95.1954,3297558,0
ACWI.US,D,20231207,000000,95.5653,95.9256,95.3511,95.8088,3001932,0
ACWI.US,D,20231208,000000,95.5556,96.2275,95.5556,96.1203,2526040,0
ACWI.US,D,20231211,000000,95.9451,96.5196,95.8867,96.4611,4786831,0
ACWI.US,D,20231212,000000,96.3541,96.8019,96.1009,96.7728,3446599,0
ACWI.US,D,20231213,000000,96.8604,98.1555,96.5732,98.1069,7156694,0
ACWI.US,D,20231214,000000,98.6713,99.0212,98.2432,98.7401,3746901,0
ACWI.US,D,20231215,000000,98.5937,98.7401,98.2432,98.3214,2833528,0
ACWI.US,D,20231218,000000,98.6811,98.8954,98.5062,98.7588,2557397,0
ACWI.US,D,20231219,000000,99.0704,99.4891,99.0026,99.4703,9040994,0
ACWI.US,D,20231220,000000,99.3156,99.6249,98.0667,98.0864,8420125,0
ACWI.US,D,20231221,000000,98.8925,99.3543,98.5632,99.3156,4342248,0
ACWI.US,D,20231222,000000,99.4336,99.7468,99.0842,99.4623,3580774,0
ACWI.US,D,20231226,000000,99.6784,100.112,99.5803,99.9441,3073490,0
ACWI.US,D,20231227,000000,99.9937,100.293,99.8757,100.23,3973393,0
ACWI.US,D,20231228,000000,100.396,100.544,100.175,100.23,3976549,0
ACWI.US,D,20231229,000000,100.24,100.411,99.7577,100.042,3399168,0
ACWI.US,D,20240102,000000,99.2958,99.5119,98.8826,99.1878,4137275,0
ACWI.US,D,20240103,000000,98.5681,98.8335,98.2388,98.401,3730093,0
ACWI.US,D,20240104,000000,98.283,98.9122,98.224,98.2928,2723192,0
ACWI.US,D,20240105,000000,98.2732,99.0154,98.1601,98.3813,3584913,0
ACWI.US,D,20240108,000000,98.4108,99.5704,98.3813,99.5605,7646374,0
ACWI.US,D,20240109,000000,98.7745,99.3107,98.7008,99.1088,4113436,0
ACWI.US,D,20240110,000000,99.2066,99.7131,99.1186,99.5704,8014598,0
ACWI.US,D,20240111,000000,99.7478,99.9054,98.7008,99.5218,6018106,0
ACWI.US,D,20240112,000000,99.9937,100.235,99.5466,99.728,3393677,0
ACWI.US,D,20240116,000000,99.0792,99.2661,98.5239,98.8532,5328956,0
ACWI.US,D,20240117,000000,97.8996,98.1355,97.5752,98.0963,14065920,0
ACWI.US,D,20240118,000000,98.4501,99.0104,98.1945,98.9514,5424237,0
ACWI.US,D,20240119,000000,99.0989,99.9639,98.8532,99.9441,3954809,0
ACWI.US,D,20240122,000000,100.141,100.416,99.954,100.102,17782709,0
ACWI.US,D,20240123,000000,100.092,100.333,99.8658,100.308,12616573,0
ACWI.US,D,20240124,000000,101.203,101.316,100.583,100.642,5896897,0
ACWI.US,D,20240125,000000,101.016,101.055,100.564,101.045,4300714,0
ACWI.US,D,20240126,000000,101.153,101.379,100.957,101.134,4689510,0
ACWI.US,D,20240129,000000,101.153,101.851,101.021,101.802,5250286,0
ACWI.US,D,20240130,000000,101.547,101.743,101.409,101.635,2395074,0
ACWI.US,D,20240131,000000,101.35,101.557,100.298,100.318,7162534,0
ACWI.US,D,20240201,000000,100.652,101.566,100.504,101.566,12048148,0
ACWI.US,D,20240202,000000,101.37,102.22,101.222,101.979,6042332,0
ACWI.US,D,20240205,000000,101.714,101.861,101.075,101.586,3314637,0
ACWI.US,D,20240206,000000,101.871,102.175,101.733,102.175,5121167,0
ACWI.US,D,20240207,000000,102.353,102.785,102.293,102.697,2388950,0
ACWI.US,D,20240208,000000,102.657,102.737,102.441,102.677,4410298,0
ACWI.US,D,20240209,000000,102.805,103.282,102.727,103.227,3727107,0
ACWI.US,D,20240212,000000,103.169,103.768,103.169,103.355,3124713,0
ACWI.US,D,20240213,000000,101.93,102.166,101.149,101.714,3445710,0
ACWI.US,D,20240214,000000,102.392,102.903,102.077,102.835,2738059,0
ACWI.US,D,20240215,000000,103.061,103.68,103.031,103.66,3280582,0
ACWI.US,D,20240216,000000,103.68,103.965,103.179,103.405,2751333,0
ACWI.US,D,20240220,000000,103.375,103.463,102.702,103.109,3385990,0
ACWI.US,D,20240221,000000,102.873,103.159,102.519,103.139,4148413,0
ACWI.US,D,20240222,000000,104.279,105.061,104.23,104.913,4608095,0
ACWI.US,D,20240223,000000,105.134,105.292,104.781,104.958,1900160,0
ACWI.US,D,20240226,000000,104.948,105.046,104.594,104.673,2036849,0
ACWI.US,D,20240227,000000,104.722,104.903,104.545,104.879,5664413,0
ACWI.US,D,20240228,000000,104.407,104.584,104.284,104.437,4688711,0
ACWI.US,D,20240229,000000,104.918,105.036,104.299,104.84,4962399,0
ACWI.US,D,20240301,000000,105.105,105.922,104.928,105.852,3665929,0
ACWI.US,D,20240304,000000,105.704,105.995,105.616,105.695,3609486,0
ACWI.US,D,20240305,000000,105.38,105.548,104.437,104.84,3981196,0
ACWI.US,D,20240306,000000,105.813,106.073,105.41,105.656,2558839,0
ACWI.US,D,20240307,000000,106.304,106.904,106.157,106.756,2225780,0
ACWI.US,D,20240308,000000,106.973,107.366,106.068,106.236,3116027,0
ACWI.US,D,20240311,000000,105.872,106.128,105.523,106.02,1516452,0
ACWI.US,D,20240312,000000,106.472,107.15,105.94,107.091,2233661,0
ACWI.US,D,20240313,000000,107.032,107.209,106.718,106.953,2118816,0
ACWI.US,D,20240314,000000,107.101,107.101,105.97,106.53,4006861,0
ACWI.US,D,20240315,000000,106.138,106.364,105.724,105.99,2279731,0
ACWI.US,D,20240318,000000,106.698,106.816,106.354,106.422,1946241,0
ACWI.US,D,20240319,000000,106.236,106.879,106.01,106.796,3924591,0
ACWI.US,D,20240320,000000,106.836,107.917,106.727,107.877,3005152,0
ACWI.US,D,20240321,000000,108.389,108.497,108.074,108.113,4302466,0
ACWI.US,D,20240322,000000,108.035,108.103,107.779,107.858,1741579,0
ACWI.US,D,20240325,000000,107.587,107.867,107.573,107.641,886674,0
ACWI.US,D,20240326,000000,107.946,108.025,107.474,107.494,1973804,0
ACWI.US,D,20240327,000000,107.995,108.281,107.641,108.281,1290361,0
ACWI.US,D,20240328,000000,108.231,108.472,108.192,108.261,1003282,0
ACWI.US,D,20240401,000000,108.369,108.507,107.769,108.005,1889307,0
ACWI.US,D,20240402,000000,107.199,107.405,107.022,107.366,1868148,0
ACWI.US,D,20240403,000000,107.189,107.892,107.17,107.622,2516343,0
ACWI.US,D,20240404,000000,108.575,108.575,106.472,106.54,2628851,0
ACWI.US,D,20240405,000000,106.708,107.71,106.56,107.376,4419757,0
ACWI.US,D,20240408,000000,107.681,107.828,107.465,107.602,1968349,0
ACWI.US,D,20240409,000000,108.064,108.103,106.924,107.759,2017803,0
ACWI.US,D,20240410,000000,106.442,106.953,106.108,106.53,7448005,0
ACWI.US,D,20240411,000000,106.855,107.386,106.068,107.16,1731489,0
ACWI.US,D,20240412,000000,106.256,106.57,105.214,105.508,3376845,0
ACWI.US,D,20240415,000000,106.422,106.452,104.279,104.486,5195926,0
ACWI.US,D,20240416,000000,104.112,104.486,103.636,103.935,2555773,0
ACWI.US,D,20240417,000000,104.476,104.506,103.208,103.552,2329377,0
ACWI.US,D,20240418,000000,103.729,104.24,103.203,103.405,1135876,0
ACWI.US,D,20240419,000000,103.297,103.601,102.519,102.785,3544145,0
ACWI.US,D,20240422,000000,103.267,104.255,102.996,103.807,2484870,0
ACWI.US,D,20240423,000000,104.142,105.083,104.103,104.968,2987513,0
ACWI.US,D,20240424,000000,105.233,105.312,104.466,104.908,2229756,0
ACWI.US,D,20240425,000000,103.591,104.742,103.326,104.584,2666426,0
ACWI.US,D,20240426,000000,105.214,105.784,105.105,105.558,2422436,0
ACWI.US,D,20240429,000000,105.912,106.098,105.543,106.02,1830829,0
ACWI.US,D,20240430,000000,105.626,105.832,104.412,104.417,2401750,0
ACWI.US,D,20240501,000000,104.417,105.636,104.004,104.142,2246286,0
ACWI.US,D,20240502,000000,105.144,105.596,104.289,105.44,2136065,0
ACWI.US,D,20240503,000000,106.55,106.816,106.02,106.59,3416943,0
ACWI.US,D,20240506,000000,107.081,107.553,107.002,107.553,1770531,0
ACWI.US,D,20240507,000000,107.701,107.838,107.445,107.583,2262378,0
ACWI.US,D,20240508,000000,107.052,107.592,107.052,107.523,573810,0
ACWI.US,D,20240509,000000,107.592,108.177,107.46,108.173,941410,0
ACWI.US,D,20240510,000000,108.595,108.693,108.143,108.31,870843,0
ACWI.US,D,20240513,000000,108.713,108.713,108.211,108.379,801477,0
ACWI.US,D,20240514,000000,108.497,109.037,108.472,108.979,1126011,0
ACWI.US,D,20240515,000000,109.47,110.276,109.328,110.227,2690805,0
ACWI.US,D,20240516,000000,110.276,110.453,109.971,110.001,2845163,0
ACWI.US,D,20240517,000000,110.001,110.266,109.912,110.256,1815876,0
ACWI.US,D,20240520,000000,110.276,110.581,110.173,110.325,3548820,0
ACWI.US,D,20240521,000000,110.02,110.364,109.991,110.345,1567376,0
ACWI.US,D,20240522,000000,110.099,110.168,109.431,109.824,2086365,0
ACWI.US,D,20240523,000000,110.581,110.581,108.856,109.097,1761792,0
ACWI.US,D,20240524,000000,109.479,109.961,109.352,109.804,943659,0
ACWI.US,D,20240528,000000,110.079,110.109,109.352,109.833,2330342,0
ACWI.US,D,20240529,000000,108.791,108.941,108.63,108.723,5561911,0
ACWI.US,D,20240530,000000,108.645,108.889,108.206,108.447,4366447,0
ACWI.US,D,20240531,000000,108.615,109.215,107.71,109.195,1912174,0
ACWI.US,D,20240603,000000,109.686,109.76,108.555,109.411,3711696,0
ACWI.US,D,20240604,000000,109.027,109.386,108.62,109.263,1974893,0
ACWI.US,D,20240605,000000,109.922,110.522,109.451,110.522,2362902,0
ACWI.US,D,20240606,000000,110.846,110.846,110.286,110.63,2500460,0
ACWI.US,D,20240607,000000,110.502,110.64,110.001,110.079,2255847,0
ACWI.US,D,20240610,000000,109.922,110.492,109.71,110.404,8176674,0
ACWI.US,D,20240611,000000,110.082,110.211,109.358,110.181,8526168,0
ACWI.US,D,20240612,000000,111.43,111.812,111.004,111.242,3730632,0
ACWI.US,D,20240613,000000,111.311,111.356,110.409,110.895,4223500,0
ACWI.US,D,20240614,000000,110.32,110.687,110.087,110.687,1948464,0
ACWI.US,D,20240617,000000,110.518,111.589,110.419,111.39,1008130,0
ACWI.US,D,20240618,000000,111.39,111.846,111.39,111.846,2920522,0
ACWI.US,D,20240620,000000,111.995,112.094,111.232,111.618,3314963,0
ACWI.US,D,20240621,000000,111.301,111.44,110.954,111.172,1722924,0
ACWI.US,D,20240624,000000,111.291,112.074,111.271,111.271,3251691,0
ACWI.US,D,20240625,000000,111.381,111.678,111.182,111.609,3277146,0
ACWI.US,D,20240626,000000,111.222,111.599,111.068,111.48,2996218,0
ACWI.US,D,20240627,000000,111.609,111.837,111.361,111.638,3262703,0
ACWI.US,D,20240628,000000,111.886,112.327,111.103,111.42,4032584,0
ACWI.US,D,20240701,000000,111.827,111.881,111.182,111.609,2086349,0
ACWI.US,D,20240702,000000,111.371,112.208,111.321,112.203,1180700,0
ACWI.US,D,20240703,000000,112.382,113.076,112.382,113.016,698743,0
ACWI.US,D,20240705,000000,113.036,113.715,112.937,113.66,1709352,0
ACWI.US,D,20240708,000000,113.799,113.928,113.452,113.66,1804604,0
ACWI.US,D,20240709,000000,113.799,113.869,113.512,113.631,2018158,0
ACWI.US,D,20240710,000000,113.998,114.875,113.998,114.791,1700634,0
ACWI.US,D,20240711,000000,115.078,115.365,114.221,114.344,3820704,0
ACWI.US,D,20240712,000000,114.682,115.787,114.682,115.177,1792092,0
ACWI.US,D,20240715,000000,115.405,115.663,114.761,115.058,2684779,0
ACWI.US,D,20240716,000000,115.217,115.732,115.103,115.673,12766210,0
ACWI.US,D,20240717,000000,114.622,114.919,114.151,114.216,2761013,0
ACWI.US,D,20240718,000000,114.731,114.731,112.867,113.244,3462648,0
ACWI.US,D,20240719,000000,113.115,113.314,112.342,112.501,3871178,0
ACWI.US,D,20240722,000000,113.304,113.72,113.006,113.66,1570068,0
ACWI.US,D,20240723,000000,113.492,113.76,113.204,113.274,1386231,0
ACWI.US,D,20240724,000000,112.511,112.56,110.915,111.043,2858905,0
ACWI.US,D,20240725,000000,110.637,112.035,110.146,110.478,3367546,0
ACWI.US,D,20240726,000000,111.361,112.198,111.222,111.787,1760509,0
ACWI.US,D,20240729,000000,111.926,112.065,111.321,111.688,1655786,0
ACWI.US,D,20240730,000000,111.916,112.164,110.716,111.311,2325579,0
ACWI.US,D,20240731,000000,112.798,113.69,112.639,113.135,2382534,0
ACWI.US,D,20240801,000000,112.986,113.413,110.498,111.123,2120033,0
ACWI.US,D,20240802,000000,109.557,109.844,108.283,109.17,3646821,0
ACWI.US,D,20240805,000000,104.392,107.291,104.392,106.305,6966788,0
ACWI.US,D,20240806,000000,106.345,108.288,106.028,107.029,4162976,0
ACWI.US,D,20240807,000000,108.605,109.031,106.712,106.831,10979442,0
ACWI.US,D,20240808,000000,107.802,109.229,107.465,109.081,2632025,0
ACWI.US,D,20240809,000000,108.972,109.785,108.684,109.566,1583267,0
ACWI.US,D,20240812,000000,109.824,110.102,109.229,109.646,3043500,0
ACWI.US,D,20240813,000000,110.28,111.42,110.211,111.331,4372821,0
ACWI.US,D,20240814,000000,111.539,111.812,111.053,111.628,1635363,0
ACWI.US,D,20240815,000000,112.689,113.423,112.679,113.403,867368,0
ACWI.US,D,20240816,000000,113.264,113.897,113.214,113.799,2254377,0
ACWI.US,D,20240819,000000,114.201,114.944,114.037,114.939,2288744,0
ACWI.US,D,20240820,000000,114.86,115.088,114.364,114.652,1791863,0
ACWI.US,D,20240821,000000,114.979,115.405,114.662,115.247,2712666,0
ACWI.US,D,20240822,000000,115.524,115.643,114.136,114.335,2889320,0
ACWI.US,D,20240823,000000,115.088,115.96,114.999,115.881,2105134,0
ACWI.US,D,20240826,000000,115.881,115.98,115.197,115.455,2136750,0
ACWI.US,D,20240827,000000,115.405,115.817,115.128,115.683,1479421,0
ACWI.US,D,20240828,000000,115.603,115.637,114.473,115.048,1123236,0
ACWI.US,D,20240829,000000,115.425,116.109,114.979,115.147,2124437,0
ACWI.US,D,20240830,000000,115.584,116.069,114.895,115.96,1115007,0
ACWI.US,D,20240903,000000,115.365,115.365,113.274,113.74,1745268,0
ACWI.US,D,20240904,000000,113.264,114.067,113.135,113.393,1677615,0
ACWI.US,D,20240905,000000,113.413,113.928,112.798,113.254,1323389,0
ACWI.US,D,20240906,000000,113.254,113.571,111.143,111.331,1882088,0
ACWI.US,D,20240909,000000,112.253,112.798,111.906,112.481,1111235,0
ACWI.US,D,20240910,000000,112.689,112.719,111.653,112.639,1085242,0
ACWI.US,D,20240911,000000,112.62,113.814,111.093,113.631,2550354,0
ACWI.US,D,20240912,000000,113.819,114.696,113.403,114.622,2008844,0
ACWI.US,D,20240913,000000,114.9,115.375,114.761,115.197,1024016,0
ACWI.US,D,20240916,000000,115.316,115.648,114.939,115.593,3199659,0
ACWI.US,D,20240917,000000,115.94,116.109,115.068,115.475,1577614,0
ACWI.US,D,20240918,000000,115.534,116.575,115.019,115.147,1143530,0
ACWI.US,D,20240919,000000,117.16,117.539,116.525,117.199,2855571,0
ACWI.US,D,20240920,000000,116.823,116.971,116.258,116.733,2606742,0
ACWI.US,D,20240923,000000,117.135,117.328,116.912,117.18,1137021,0
ACWI.US,D,20240924,000000,117.695,118.022,117.229,117.982,1781417,0
ACWI.US,D,20240925,000000,117.973,118.072,117.388,117.487,2654387,0
ACWI.US,D,20240926,000000,118.865,119.142,118.374,118.795,1343378,0
ACWI.US,D,20240927,000000,118.944,119.187,118.31,118.518,1633418,0
ACWI.US,D,20240930,000000,118.389,118.592,117.596,118.508,3440474,0
ACWI.US,D,20241001,000000,118.409,118.538,117.14,117.754,2654266,0
ACWI.US,D,20241002,000000,117.665,118.151,117.279,118.032,5238328,0
ACWI.US,D,20241003,000000,117.427,117.834,117.1,117.447,1299092,0
ACWI.US,D,20241004,000000,118.201,118.533,117.596,118.438,915339,0
ACWI.US,D,20241007,000000,118.31,118.339,117.363,117.695,2239725,0
ACWI.US,D,20241008,000000,117.685,118.101,117.507,118.002,1357936,0
ACWI.US,D,20241009,000000,117.665,118.597,117.576,118.488,1173255,0
ACWI.US,D,20241010,000000,118.28,118.552,117.913,118.369,659533,0
ACWI.US,D,20241011,000000,118.28,119.241,118.28,119.113,1103374,0
ACWI.US,D,20241014,000000,119.202,119.876,119.093,119.727,639670,0
ACWI.US,D,20241015,000000,119.529,119.628,118.22,118.478,933708,0
ACWI.US,D,20241016,000000,118.528,119.043,118.468,118.954,1489636,0
ACWI.US,D,20241017,000000,119.43,119.549,118.885,118.904,2383945,0
ACWI.US,D,20241018,000000,119.569,119.702,119.241,119.598,1005153,0
ACWI.US,D,20241021,000000,118.954,119.385,118.538,119.023,2509586,0
ACWI.US,D,20241022,000000,118.468,118.994,118.349,118.766,5380954,0
ACWI.US,D,20241023,000000,118.458,118.458,117.07,117.715,3258358,0
ACWI.US,D,20241024,000000,118.22,118.24,117.507,117.992,3270819,0
ACWI.US,D,20241025,000000,118.478,118.885,117.715,117.784,3143504,0
ACWI.US,D,20241028,000000,118.458,118.617,118.32,118.399,1573017,0
ACWI.US,D,20241029,000000,118.21,118.577,117.923,118.329,1382856,0
ACWI.US,D,20241030,000000,117.864,118.453,117.675,117.804,1206644,0
ACWI.US,D,20241031,000000,117.15,117.18,115.965,116.03,2229618,0
ACWI.US,D,20241101,000000,116.704,117.289,116.396,116.476,1913693,0
ACWI.US,D,20241104,000000,116.783,117.061,116.173,116.456,1952752,0
ACWI.US,D,20241105,000000,116.813,117.834,116.803,117.814,1770319,0
ACWI.US,D,20241106,000000,118.686,119.37,118.116,119.222,3800332,0
ACWI.US,D,20241107,000000,120.094,120.793,120.015,120.56,1089345,0
ACWI.US,D,20241108,000000,120.223,120.431,119.95,120.243,1210968,0
ACWI.US,D,20241111,000000,120.56,120.659,120.044,120.391,1901946,0
ACWI.US,D,20241112,000000,120.034,120.064,118.964,119.499,1453508,0
ACWI.US,D,20241113,000000,119.4,119.608,118.83,119.261,2650745,0
ACWI.US,D,20241114,000000,119.36,119.569,118.607,118.706,1091500,0
ACWI.US,D,20241115,000000,118.3,118.3,117.289,117.606,2145555,0
ACWI.US,D,20241118,000000,117.745,118.399,117.512,118.191,2164571,0
ACWI.US,D,20241119,000000,117.437,118.671,117.229,118.518,2133996,0
ACWI.US,D,20241120,000000,118.478,118.518,117.487,118.518,1867294,0
ACWI.US,D,20241121,000000,118.904,119.217,118.067,118.964,3646742,0
ACWI.US,D,20241122,000000,118.964,119.479,118.904,119.39,2391271,0
ACWI.US,D,20241125,000000,120.272,120.381,119.39,119.806,1405042,0
ACWI.US,D,20241126,000000,119.985,120.134,119.559,119.985,1706378,0
ACWI.US,D,20241127,000000,120.114,120.362,119.578,119.896,1379931,0
ACWI.US,D,20241129,000000,120.034,120.852,119.945,120.709,1772082,0
ACWI.US,D,20241202,000000,120.837,121.1,120.57,120.966,2326374,0
ACWI.US,D,20241203,000000,121.046,121.269,120.811,121.184,1206358,0
ACWI.US,D,20241204,000000,121.591,121.883,121.412,121.829,2108977,0
ACWI.US,D,20241205,000000,121.918,122.195,121.611,121.898,2205086,0
ACWI.US,D,20241206,000000,122.126,122.304,121.888,122.047,1455444,0
ACWI.US,D,20241209,000000,122.483,122.503,121.667,121.759,4149875,0
ACWI.US,D,20241210,000000,121.819,121.819,120.902,121.036,2392723,0
ACWI.US,D,20241211,000000,121.64,122.057,121.561,121.898,3066463,0
ACWI.US,D,20241212,000000,121.64,121.829,121.11,121.135,2645764,0
ACWI.US,D,20241213,000000,121.432,121.551,120.728,120.996,2151378,0
ACWI.US,D,20241216,000000,121.135,121.511,121.046,121.244,8511221,0
ACWI.US,D,20241217,000000,120.84,120.99,120.55,120.78,5852244,0
ACWI.US,D,20241218,000000,120.75,121.035,117.02,117.19,6811197,0
ACWI.US,D,20241219,000000,118.22,118.42,117.16,117.2,4804786,0
ACWI.US,D,20241220,000000,116.49,119.04,116.355,118.12,4712001,0
ACWI.US,D,20241223,000000,117.9,118.95,117.55,118.85,3194654,0
ACWI.US,D,20241224,000000,118.95,119.87,118.9,119.85,825415,0
ACWI.US,D,20241226,000000,119.5,120.19,119.42,119.95,1489216,0
ACWI.US,D,20241227,000000,119.4,119.42,118.36,119.04,3466665,0
ACWI.US,D,20241230,000000,117.91,118.415,117.23,117.82,2461728,0
ACWI.US,D,20241231,000000,118.27,118.38,117.28,117.5,5077317,0
ACWI.US,D,20250102,000000,118.01,118.36,116.64,117.27,4057045,0
ACWI.US,D,20250103,000000,117.81,118.64,117.57,118.49,2191875,0
ACWI.US,D,20250106,000000,119.53,120.1,119.03,119.31,3330934,0
ACWI.US,D,20250107,000000,119.82,119.895,117.81,118.16,15707449,0
ACWI.US,D,20250108,000000,117.8,118.38,117.43,118.17,2782663,0
ACWI.US,D,20250110,000000,117.45,117.45,116.04,116.37,4178346,0
ACWI.US,D,20250113,000000,115.28,116.37,115.05,116.35,2217538,0
ACWI.US,D,20250114,000000,117,117.049,116.01,116.68,1798302,0
ACWI.US,D,20250115,000000,118.37,118.817,118.05,118.58,2159974,0
ACWI.US,D,20250116,000000,118.88,118.99,118.39,118.59,4808262,0
ACWI.US,D,20250117,000000,119.43,119.87,119.245,119.6,1391095,0
ACWI.US,D,20250121,000000,120.4,120.97,120.07,120.96,2330443,0
ACWI.US,D,20250122,000000,121.69,121.695,121.31,121.4,2224141,0
ACWI.US,D,20250123,000000,121.29,122.07,121.23,122.07,2041875,0
ACWI.US,D,20250124,000000,122.3,122.48,121.865,122.06,1253126,0
ACWI.US,D,20250127,000000,119.78,120.735,119.78,120.6,5934811,0
ACWI.US,D,20250128,000000,120.7,121.55,120.25,121.4,1527653,0
ACWI.US,D,20250129,000000,121.24,121.48,120.59,121.04,1495620,0
ACWI.US,D,20250130,000000,121.66,122.405,121.42,121.97,2623069,0
ACWI.US,D,20250131,000000,122.35,122.792,121.095,121.19,2870950,0
ACWI.US,D,20250203,000000,119.38,120.68,118.92,120.21,3330882,0
ACWI.US,D,20250204,000000,120.55,121.44,120.47,121.3,2030457,0
ACWI.US,D,20250205,000000,121.43,121.94,120.95,121.89,2394535,0
ACWI.US,D,20250206,000000,122.28,122.335,121.72,122.31,1145176,0
ACWI.US,D,20250207,000000,122.57,122.755,121.23,121.33,2692703,0
ACWI.US,D,20250210,000000,122.16,122.32,121.81,122.31,1794836,0
ACWI.US,D,20250211,000000,121.95,122.485,121.76,122.33,2912840,0
ACWI.US,D,20250212,000000,121.43,122.49,121.15,122.22,1541953,0
ACWI.US,D,20250213,000000,122.71,123.64,122.27,123.64,1946812,0
ACWI.US,D,20250214,000000,124.02,124.02,123.525,123.62,1850620,0
ACWI.US,D,20250218,000000,123.85,124.15,123.655,124.13,1465604,0
ACWI.US,D,20250219,000000,123.69,124.06,123.495,123.98,1712177,0
ACWI.US,D,20250220,000000,123.98,124.05,123.195,123.81,1265241,0
ACWI.US,D,20250221,000000,123.89,123.89,121.955,122.13,1722501,0
ACWI.US,D,20250224,000000,122.4,122.56,121.31,121.48,3654242,0
ACWI.US,D,20250225,000000,122.02,122.035,120.5,121.29,3115484,0
ACWI.US,D,20250226,000000,121.92,122.48,121.085,121.52,1515330,0
ACWI.US,D,20250227,000000,121.68,121.8,119.61,119.67,2304940,0
ACWI.US,D,20250228,000000,119.45,120.895,118.9,120.83,3213119,0
ACWI.US,D,20250303,000000,121.8,121.96,118.8,119.55,2080796,0
ACWI.US,D,20250304,000000,118.87,120.21,117.39,118.68,2477094,0
ACWI.US,D,20250305,000000,119.29,120.85,118.78,120.56,3238493,0
ACWI.US,D,20250306,000000,119.36,120.19,118.28,118.7,2602038,0
ACWI.US,D,20250307,000000,118.57,119.7,117.61,119.5,3069430,0
ACWI.US,D,20250310,000000,117.63,118.03,115.4,116.41,3143282,0
ACWI.US,D,20250311,000000,116.21,116.905,114.93,115.8,3854192,0
ACWI.US,D,20250312,000000,116.81,117.07,115.46,116.49,6023814,0
ACWI.US,D,20250313,000000,116.06,116.35,114.84,115.16,3381477,0
ACWI.US,D,20250314,000000,116.14,117.63,116.12,117.45,1630750,0
ACWI.US,D,20250317,000000,117.63,119.045,117.56,118.62,1420905,0
ACWI.US,D,20250318,000000,118.19,118.35,117.31,117.77,2009654,0
ACWI.US,D,20250319,000000,117.96,119.45,117.7,118.73,5359130,0
ACWI.US,D,20250320,000000,117.63,118.855,117.54,118.23,2272500,0
ACWI.US,D,20250321,000000,117.18,118.125,117.02,117.98,1582947,0
ACWI.US,D,20250324,000000,119.07,119.71,118.9,119.71,3691632,0
ACWI.US,D,20250325,000000,119.9,120.015,119.565,119.77,2414019,0
ACWI.US,D,20250326,000000,119.53,119.75,118.157,118.45,1724082,0
ACWI.US,D,20250327,000000,118.19,118.9,117.82,118.28,1785623,0
ACWI.US,D,20250328,000000,117.83,117.945,116.07,116.24,2029628,0
ACWI.US,D,20250331,000000,114.98,116.65,114.26,116.39,2622704,0
ACWI.US,D,20250401,000000,116.13,117.12,115.46,116.8,2637395,0
ACWI.US,D,20250402,000000,115.67,117.86,115.66,117.4,2394405,0
ACWI.US,D,20250403,000000,114.1,114.74,112.76,112.91,3714921,0
ACWI.US,D,20250404,000000,109.57,109.825,105.995,106,6192599,0
ACWI.US,D,20250407,000000,102.79,108.735,101.25,104.97,10798223,0
ACWI.US,D,20250408,000000,108.33,108.83,102.19,103.59,7824482,0
ACWI.US,D,20250409,000000,103.09,113.17,102.92,112.7,10941667,0
ACWI.US,D,20250410,000000,110.62,110.76,106.44,109.25,10438847,0
ACWI.US,D,20250411,000000,109.02,111.84,108.87,111.1,5281643,0
ACWI.US,D,20250414,000000,113.53,113.65,111.64,112.65,2556885,0
ACWI.US,D,20250415,000000,112.97,113.62,112.55,112.72,2828757,0
ACWI.US,D,20250416,000000,111.86,112.52,110.05,110.93,4677776,0
ACWI.US,D,20250417,000000,111.78,112.33,111,111.4,2470702,0
ACWI.US,D,20250421,000000,110.76,110.99,108.55,109.6,6984780,0
ACWI.US,D,20250422,000000,110.78,112.57,110.78,112.07,5348997,0
ACWI.US,D,20250423,000000,114.46,115.18,113.17,113.44,2144650,0
ACWI.US,D,20250424,000000,113.93,115.62,113.58,115.51,2877592,0
ACWI.US,D,20250425,000000,115.28,116.23,114.95,116.18,2710397,0
ACWI.US,D,20250428,000000,116.39,116.71,115.43,116.4,3091055,0
ACWI.US,D,20250429,000000,116.19,117.235,116,116.99,3759846,0
ACWI.US,D,20250430,000000,115.86,117.38,114.85,116.99,4055104,0
ACWI.US,D,20250501,000000,117.97,118.42,117.35,117.42,1376247,0
ACWI.US,D,20250502,000000,119,119.66,118.78,119.41,1843976,0
ACWI.US,D,20250505,000000,118.795,119.67,118.795,119.17,2752174,0
ACWI.US,D,20250506,000000,118.36,119.175,118,118.48,3736576,0
ACWI.US,D,20250507,000000,118.28,119,117.82,118.58,3965509,0
ACWI.US,D,20250508,000000,119.03,119.89,118.54,118.97,2864521,0
ACWI.US,D,20250509,000000,119.43,119.68,118.86,119.13,1836548,0
ACWI.US,D,20250512,000000,121.745,122.04,120.98,122.03,3858014,0
ACWI.US,D,20250513,000000,121.93,123.08,121.9,122.68,2243145,0
ACWI.US,D,20250514,000000,122.99,123.17,122.46,122.79,1840945,0
ACWI.US,D,20250515,000000,122.66,123.478,122.48,123.45,2172964,0
ACWI.US,D,20250516,000000,123.61,124.07,123.15,124.04,1662294,0
ACWI.US,D,20250519,000000,123.08,124.48,123,124.43,2018919,0
ACWI.US,D,20250520,000000,124.16,124.39,123.71,124.29,1078896,0
ACWI.US,D,20250521,000000,123.75,124.47,122.56,122.75,6068164,0
ACWI.US,D,20250522,000000,122.37,123.305,122.29,122.68,2633529,0
ACWI.US,D,20250523,000000,121.29,122.72,121.25,122.3,2805870,0
ACWI.US,D,20250527,000000,123.59,124.39,123.33,124.35,4211063,0
ACWI.US,D,20250528,000000,123.97,124.28,123.34,123.46,2161825,0
ACWI.US,D,20250529,000000,124.54,124.54,123.24,123.91,5597496,0
ACWI.US,D,20250530,000000,123.79,123.975,122.56,123.65,8231727,0
ACWI.US,D,20250602,000000,123.66,124.58,123.07,124.57,2623027,0
ACWI.US,D,20250603,000000,124.2,125.06,124.08,124.85,1475680,0
ACWI.US,D,20250604,000000,125.07,125.54,125.04,125.17,2672904,0
ACWI.US,D,20250605,000000,125.71,125.8,124.46,124.8,3729965,0
ACWI.US,D,20250606,000000,125.7,126,125.38,125.76,1264307,0
ACWI.US,D,20250609,000000,125.79,126.26,125.67,125.92,1255966,0
ACWI.US,D,20250610,000000,126.09,126.575,125.82,126.52,2072885,0
ACWI.US,D,20250611,000000,126.86,126.99,126.02,126.35,2503826,0
ACWI.US,D,20250612,000000,126.13,126.9,126.13,126.85,1639263,0
ACWI.US,D,20250613,000000,125.555,126.26,125.07,125.39,3165891,0
ACWI.US,D,20250616,000000,125.33,126.04,125.28,125.52,3243135,0
ACWI.US,D,20250617,000000,124.885,125.14,124.06,124.25,2058577,0
ACWI.US,D,20250618,000000,124.46,124.96,124.06,124.29,4647764,0
ACWI.US,D,20250620,000000,124.59,124.76,123.57,123.74,2794829,0
ACWI.US,D,20250623,000000,123.51,124.91,123.2,124.85,6718589,0
ACWI.US,D,20250624,000000,125.94,126.6665,125.74,126.5,6680132,0
ACWI.US,D,20250625,000000,126.52,126.5425,126.09,126.41,2421409,0
ACWI.US,D,20250626,000000,126.98,127.545,126.8,127.47,3802271,0
ACWI.US,D,20250627,000000,127.77,128.44,127.36,128.04,3147812,0
ACWI.US,D,20250630,000000,128.41,128.805,128.09,128.6,4963452,0
ACWI.US,D,20250701,000000,128.19,128.71,128.09,128.53,3796467,0
ACWI.US,D,20250702,000000,128.42,129.06,128.19,129.05,2118935,0
ACWI.US,D,20250703,000000,129.38,129.95,129.25,129.79,1570159,0
ACWI.US,D,20250707,000000,129.28,129.37,128.19,128.66,2434801,0
ACWI.US,D,20250708,000000,128.81,129.135,128.605,128.88,1526773,0
ACWI.US,D,20250709,000000,129.39,129.62,128.97,129.58,1904289,0
ACWI.US,D,20250710,000000,129.43,130.005,129.26,129.85,1261963,0
ACWI.US,D,20250711,000000,129.09,129.41,128.95,129.2,879341,0
ACWI.US,D,20250714,000000,129.1,129.475,128.89,129.38,3144909,0
ACWI.US,D,20250715,000000,129.98,130.04,128.83,128.84,1498836,0
ACWI.US,D,20250716,000000,128.94,129.4,128.24,129.34,3145199,0
ACWI.US,D,20250717,000000,129.26,129.9499,129.2,129.86,7461521,0
ACWI.US,D,20250718,000000,130.33,130.37,129.635,129.76,1766376,0
ACWI.US,D,20250721,000000,130.23,130.75,130.04,130.13,2425992,0
ACWI.US,D,20250722,000000,130.32,130.46,129.65,130.35,1964878,0
ACWI.US,D,20250723,000000,131.26,131.91,130.905,131.9,3900188,0
ACWI.US,D,20250724,000000,131.8,131.95,131.6,131.63,1664258,0
ACWI.US,D,20250725,000000,131.43,131.96,131.345,131.88,1488201,0
ACWI.US,D,20250728,000000,131.62,131.63,131.045,131.29,1965342,0
ACWI.US,D,20250729,000000,131.45,131.57,130.88,131.05,2139613,0
ACWI.US,D,20250730,000000,131.03,131.335,130.1,130.61,4468304,0
ACWI.US,D,20250731,000000,131.09,131.21,129.74,129.96,5994489,0
ACWI.US,D,20250801,000000,129.13,129.13,127.77,128.32,8378944,0
ACWI.US,D,20250804,000000,129.21,130.19,129.21,130.17,5921665,0
ACWI.US,D,20250805,000000,130.4,130.58,129.545,129.81,2230933,0
ACWI.US,D,20250806,000000,130.195,130.91,129.99,130.78,2940417,0
ACWI.US,D,20250807,000000,131.7,131.83,130.455,131.09,2779458,0
ACWI.US,D,20250808,000000,131.41,131.965,131.31,131.86,2377537,0
ACWI.US,D,20250811,000000,131.8,132.03,131.3045,131.51,3282545,0
ACWI.US,D,20250812,000000,132.06,132.99,131.845,132.95,2548246,0
ACWI.US,D,20250813,000000,133.46,133.74,129.8227,133.56,2269525,0
ACWI.US,D,20250814,000000,133.13,133.47,132.89,133.35,2425741,0
ACWI.US,D,20250815,000000,133.67,133.6875,133.16,133.38,1600101,0
ACWI.US,D,20250818,000000,133.2,133.44,133.09,133.41,4721042,0
ACWI.US,D,20250819,000000,133.43,133.56,132.53,132.7,3362849,0
ACWI.US,D,20250820,000000,132.67,132.81,131.73,132.55,5557184,0
ACWI.US,D,20250821,000000,132.03,132.48,131.76,132.04,3152456,0
ACWI.US,D,20250822,000000,132.46,134.385,132.46,134.22,3233978,0
ACWI.US,D,20250825,000000,133.94,134.015,133.32,133.35,2025399,0
ACWI.US,D,20250826,000000,133.07,133.71,133.07,133.63,2083079,0
ACWI.US,D,20250827,000000,133.25,133.8,133.215,133.68,1565441,0
ACWI.US,D,20250828,000000,134.04,134.28,133.62,134.22,2764299,0
ACWI.US,D,20250829,000000,133.86,133.89,133.12,133.44,2163183,0
ACWI.US,D,20250902,000000,131.93,132.535,131.52,132.5,3197189,0
ACWI.US,D,20250903,000000,133,133.15,132.5,133.06,2546435,0
ACWI.US,D,20250904,000000,133,133.99,132.94,133.95,2397886,0
ACWI.US,D,20250905,000000,134.76,134.97,133.3,134.07,3009869,0
ACWI.US,D,20250908,000000,134.62,134.79,134.325,134.72,1909246,0
ACWI.US,D,20250909,000000,134.55,134.995,134.38,134.92,2261044,0
ACWI.US,D,20250910,000000,135.36,135.74,134.965,135.22,1989234,0
ACWI.US,D,20250911,000000,135.82,136.62,135.68,136.55,2543562,0
ACWI.US,D,20250912,000000,136.3,136.69,134.99,136.35,2009579,0
ACWI.US,D,20250915,000000,137.1,137.24,136.83,137.24,4916315,0
ACWI.US,D,20250916,000000,137.4,137.415,136.82,137.1,1915946,0
ACWI.US,D,20250917,000000,137.21,137.61,136.08,136.97,3275022,0
ACWI.US,D,20250918,000000,137.275,137.86,136.97,137.54,2778051,0
ACWI.US,D,20250919,000000,137.55,138.43,137.29,137.76,1461574,0
